Carrier Code,Date (MM/DD/YYYY),Flight Number,Tail Number,Destination Airport,Scheduled departure time,Actual departure time,Departure delay (Minutes),Delay Carrier (Minutes),Delay Weather (Minutes),Delay National Aviation System (Minutes),Delay Security (Minutes),Delay Late Aircraft Arrival (Minutes)
"F9","06/06/2024","3545","N394FR","SJU","11:08","11:17","9","0","0","0","0","0"
"F9","06/07/2024","3545","N640FR","SJU","11:08","11:16","8","8","0","59","0","0"
"F9","06/07/2024","3547","N303FR","SJU","05:59","06:19","20","20","0","37","0","0"
"F9","06/08/2024","3545","N396FR","SJU","11:08","11:02","-6","0","0","0","0","0"
"F9","06/08/2024","3547","N392FR","SJU","05:59","05:56","-3","0","0","0","0","0"
"F9","06/09/2024","3545","N395FR","SJU","11:08","10:55","-13","0","0","0","0","0"
"F9","06/09/2024","3547","N396FR","SJU","05:59","06:02","3","0","0","0","0","0"
"F9","06/10/2024","3545","N607FR","SJU","11:08","11:15","7","0","0","59","0","0"
"F9","06/10/2024","3547","N392FR","SJU","05:59","05:50","-9","0","0","16","0","0"
"F9","06/11/2024","3545","N398FR","MCO","11:08","13:47","159","0","0","0","0","0"
"F9","06/11/2024","3547","N375FR","SJU","05:59","06:48","49","49","0","50","0","0"
"F9","06/12/2024","3545","N609FR","SJU","11:08","08:20","1272","1272","0","9","0","0"
"F9","06/12/2024","3547","N375FR","SJU","05:59","06:02","3","3","0","40","0","0"
"F9","06/13/2024","3545","N396FR","SJU","11:08","11:07","-1","0","0","0","0","0"
"F9","06/13/2024","3547","N395FR","SJU","05:59","06:10","11","11","0","8","0","0"
"F9","06/14/2024","3545","","SJU","11:08","00:00","0","0","0","0","0","0"
"F9","06/14/2024","3547","N337FR","SJU","05:59","06:35","36","36","0","40","0","0"
"F9","06/15/2024","3545","","SJU","11:08","00:00","0","0","0","0","0","0"
"F9","06/15/2024","3547","N394FR","SJU","05:59","06:17","18","18","0","7","0","0"
"F9","06/16/2024","3545","N304FR","SJU","11:08","13:07","119","0","0","0","0","0"
"F9","06/16/2024","3547","N395FR","SJU","05:59","05:55","-4","0","0","0","0","0"
"F9","06/17/2024","3545","N620FR","SJU","11:08","11:02","-6","0","0","0","0","0"
"F9","06/17/2024","3547","N395FR","SJU","05:59","05:59","0","0","0","0","0","0"
"F9","06/18/2024","3545","N636FR","SJU","11:08","11:11","3","0","0","0","0","0"
"F9","06/18/2024","3547","N394FR","SJU","05:59","07:58","119","119","0","3","0","0"
"F9","06/19/2024","3545","N705FR","SJU","11:08","13:18","130","0","0","0","0","0"
"F9","06/19/2024","3547","N394FR","SJU","05:59","06:29","30","28","0","0","0","0"
"F9","06/20/2024","3545","N396FR","SJU","11:08","11:00","-8","0","0","0","0","0"
"F9","06/20/2024","3547","N395FR","SJU","05:59","05:54","-5","0","0","0","0","0"
"F9","06/21/2024","3545","N616FR","SJU","11:08","11:14","6","0","0","0","0","0"
"F9","06/21/2024","3547","N394FR","SJU","05:59","05:53","-6","0","0","0","0","0"
"F9","06/22/2024","3545","N395FR","SJU","11:08","11:25","17","0","0","7","0","17"
"F9","06/22/2024","3547","N396FR","SJU","05:59","07:14","75","33","0","0","0","36"
"F9","06/23/2024","3545","N394FR","SJU","11:08","11:04","-4","0","0","0","0","0"
"F9","06/23/2024","3547","N395FR","SJU","05:59","06:03","4","0","0","0","0","0"
"F9","06/24/2024","3545","N616FR","SJU","11:08","11:06","-2","0","0","22","0","0"
"F9","06/24/2024","3547","N395FR","SJU","05:59","06:16","17","17","0","12","0","0"
"F9","06/25/2024","3545","N636FR","SJU","11:08","11:29","21","11","0","34","0","10"
"F9","06/25/2024","3547","N606FR","SJU","05:59","06:02","3","3","0","39","0","0"
"F9","06/26/2024","3545","N636FR","SJU","11:08","09:30","1342","1342","0","90","0","0"
"F9","06/26/2024","3547","N395FR","SJU","05:59","06:04","5","0","0","0","0","0"
"F9","06/27/2024","3545","N394FR","SJU","11:08","11:05","-3","0","0","40","0","0"
"F9","06/27/2024","3547","N395FR","SJU","05:59","06:07","8","0","0","0","0","0"
"F9","06/28/2024","3545","N636FR","SJU","11:08","11:23","15","0","0","6","0","15"
"F9","06/28/2024","3547","N393FR","SJU","05:59","05:57","-2","0","0","0","0","0"
"F9","06/29/2024","3545","N395FR","SJU","11:08","10:59","-9","0","0","0","0","0"
"F9","06/29/2024","3547","N392FR","SJU","05:59","05:52","-7","0","0","0","0","0"
"F9","06/30/2024","3545","N394FR","SJU","11:08","11:06","-2","0","0","0","0","0"
"F9","06/30/2024","3547","N395FR","SJU","05:59","06:01","2","0","0","0","0","0"
"F9","07/01/2024","3545","N622FR","SJU","11:08","11:26","18","18","0","34","0","0"
"F9","07/01/2024","3547","N394FR","SJU","05:59","09:38","219","219","0","28","0","0"
"F9","07/02/2024","3545","N619FR","SJU","11:08","11:38","30","10","0","4","0","20"
"F9","07/02/2024","3547","N394FR","SJU","05:59","05:56","-3","0","0","0","0","0"
"F9","07/03/2024","3545","N641FR","SJU","11:08","11:15","7","0","0","0","0","0"
"F9","07/03/2024","3547","N393FR","SJU","05:59","06:00","1","0","0","0","0","0"
"F9","07/04/2024","3545","N392FR","SJU","11:08","12:53","105","0","0","11","0","105"
"F9","07/04/2024","3547","N396FR","SJU","05:59","05:59","0","0","0","0","0","0"
"F9","07/05/2024","3545","N615FR","SJU","11:08","11:21","13","7","0","3","0","6"
"F9","07/05/2024","3547","N392FR","SJU","05:59","07:53","114","114","0","1","0","0"
"F9","07/06/2024","3545","N396FR","SJU","11:08","11:42","34","20","0","27","0","14"
"F9","07/06/2024","3547","N393FR","SJU","05:59","06:10","11","0","0","0","0","0"
"F9","07/07/2024","3545","N396FR","SJU","11:08","12:00","52","17","0","38","0","35"
"F9","07/07/2024","3547","N392FR","SJU","05:59","05:51","-8","0","0","0","0","0"
"F9","07/08/2024","3545","N625FR","SJU","11:08","11:08","0","0","0","0","0","0"
"F9","07/08/2024","3547","N392FR","SJU","05:59","05:50","-9","0","0","0","0","0"
"F9","07/09/2024","3545","N625FR","SJU","11:08","11:04","-4","0","0","0","0","0"
"F9","07/09/2024","3547","N395FR","SJU","05:59","05:47","-12","0","0","0","0","0"
"F9","07/10/2024","3545","N625FR","SJU","11:08","11:32","24","0","0","0","0","0"
"F9","07/10/2024","3547","N395FR","SJU","05:59","05:56","-3","0","0","0","0","0"
"F9","07/11/2024","3545","N393FR","SJU","11:08","11:04","-4","0","0","0","0","0"
"F9","07/11/2024","3547","N392FR","SJU","05:59","06:34","35","35","0","1","0","0"
"F9","07/12/2024","3545","N610FR","SJU","11:08","11:11","3","0","0","0","0","0"
"F9","07/12/2024","3547","N392FR","SJU","05:59","05:59","0","0","0","0","0","0"
"F9","07/13/2024","3545","N396FR","SJU","11:08","11:28","20","20","0","17","0","0"
"F9","07/13/2024","3547","N394FR","SJU","05:59","05:59","0","0","0","0","0","0"
"F9","07/14/2024","3545","N395FR","SJU","11:08","11:05","-3","0","0","19","0","0"
"F9","07/14/2024","3547","N396FR","SJU","05:59","20:35","876","423","0","7","0","453"
"F9","07/15/2024","3545","N629FR","SJU","11:08","11:06","-2","0","0","0","0","0"
"F9","07/15/2024","3547","N396FR","SJU","05:59","08:12","133","37","60","1","0","36"
"F9","07/16/2024","3545","N629FR","SJU","11:08","11:19","11","0","0","0","0","0"
"F9","07/16/2024","3547","N395FR","SJU","05:59","05:55","-4","0","0","0","0","0"
"F9","07/17/2024","3545","N610FR","SJU","11:08","11:35","27","0","0","0","0","26"
"F9","07/17/2024","3547","N395FR","SJU","05:59","05:53","-6","0","0","0","0","0"
"F9","07/18/2024","3545","N396FR","SJU","11:08","11:26","18","9","0","0","0","8"
"F9","07/18/2024","3547","N395FR","SJU","05:59","05:58","-1","0","0","31","0","0"
"F9","07/19/2024","3545","N635FR","SJU","11:08","11:19","11","0","0","0","0","0"
"F9","07/19/2024","3547","N396FR","SJU","05:59","06:39","40","33","0","0","0","0"
"F9","07/20/2024","3545","N395FR","SJU","11:08","11:01","-7","0","0","0","0","0"
"F9","07/20/2024","3547","N394FR","SJU","05:59","06:04","5","0","0","0","0","0"
"F9","07/21/2024","3545","N631FR","SJU","11:08","11:15","7","0","0","0","0","0"
"F9","07/21/2024","3547","N395FR","SJU","05:59","05:51","-8","0","0","0","0","0"
"F9","07/22/2024","3545","N635FR","SJU","11:08","18:13","425","425","0","10","0","0"
"F9","07/22/2024","3547","N394FR","SJU","05:59","05:52","-7","0","0","0","0","0"
"F9","07/23/2024","3545","N633FR","SJU","11:08","11:46","38","0","0","0","0","34"
"F9","07/23/2024","3547","N394FR","SJU","05:59","05:57","-2","0","0","0","0","0"
"F9","07/24/2024","3545","N633FR","SJU","11:08","11:42","34","12","0","7","0","22"
"F9","07/24/2024","3547","N394FR","SJU","05:59","05:57","-2","0","0","17","0","0"
"F9","07/25/2024","3545","N396FR","SJU","11:08","10:57","-11","0","0","0","0","0"
"F9","07/25/2024","3547","N393FR","SJU","05:59","05:51","-8","0","0","0","0","0"
"F9","07/26/2024","3545","N645FR","SJU","11:08","11:07","-1","0","0","0","0","0"
"F9","07/26/2024","3547","N393FR","SJU","05:59","06:28","29","27","0","0","0","0"
"F9","07/27/2024","3545","N393FR","SJU","11:08","11:30","22","13","0","2","0","9"
"F9","07/27/2024","3547","N396FR","SJU","05:59","05:56","-3","0","0","0","0","0"
"F9","07/28/2024","3545","N395FR","SJU","11:08","10:55","-13","0","0","0","0","0"
"F9","07/28/2024","3547","N394FR","SJU","05:59","05:59","0","0","0","0","0","0"
"F9","07/29/2024","3545","N645FR","SJU","11:08","11:31","23","5","0","25","0","18"
"F9","07/29/2024","3547","N392FR","SJU","05:59","06:08","9","0","0","0","0","0"
"F9","07/30/2024","3545","N645FR","SJU","11:08","11:17","9","9","0","7","0","0"
"F9","07/30/2024","3547","N396FR","SJU","05:59","05:50","-9","0","0","0","0","0"
"F9","07/31/2024","3545","N621FR","SJU","11:08","11:17","9","9","0","10","0","0"
"F9","07/31/2024","3547","N396FR","SJU","05:59","05:56","-3","0","0","0","0","0"
"F9","08/01/2024","3545","N394FR","SJU","11:08","11:24","16","11","0","22","0","5"
"F9","08/01/2024","3547","N395FR","SJU","05:59","05:57","-2","0","0","21","0","0"
"F9","08/02/2024","3545","N634FR","SJU","11:08","12:11","63","0","0","0","0","54"
"F9","08/02/2024","3547","N646FR","SJU","05:59","05:57","-2","0","0","0","0","0"
"F9","08/03/2024","3545","N396FR","SJU","11:08","11:40","32","32","0","9","0","0"
"F9","08/03/2024","3547","","SJU","05:59","00:00","0","0","0","0","0","0"
"F9","08/04/2024","3545","N642FR","SJU","11:08","11:08","0","0","0","0","0","0"
"F9","08/04/2024","3547","N633FR","SJU","05:59","06:04","5","5","0","24","0","0"
"F9","08/05/2024","3545","N629FR","SJU","11:08","12:13","65","17","0","0","0","0"
"F9","08/05/2024","3547","N609FR","SJU","05:59","05:58","-1","0","0","0","0","0"
"F9","08/06/2024","3545","N624FR","SJU","11:08","11:51","43","0","0","0","0","0"
"F9","08/06/2024","3547","N619FR","SJU","05:59","06:04","5","0","0","0","0","0"
"F9","08/07/2024","3545","N619FR","SJU","11:08","10:59","-9","0","0","0","0","0"
"F9","08/07/2024","3547","N629FR","SJU","05:59","06:05","6","0","0","0","0","0"
"F9","08/08/2024","3545","N619FR","SJU","11:08","11:34","26","0","0","3","0","26"
"F9","08/08/2024","3547","N634FR","SJU","05:59","12:51","412","395","0","0","0","0"
"F9","08/09/2024","3545","N622FR","SJU","11:08","10:54","-14","0","0","0","0","0"
"F9","08/09/2024","3547","N636FR","SJU","05:59","06:00","1","0","0","0","0","0"
"F9","08/10/2024","3545","N637FR","SJU","11:08","11:03","-5","0","0","0","0","0"
"F9","08/10/2024","3547","N646FR","SJU","05:59","06:05","6","0","0","0","0","0"
"F9","08/11/2024","3545","N637FR","SJU","11:08","11:03","-5","0","0","0","0","0"
"F9","08/11/2024","3547","N613FR","SJU","05:59","06:05","6","0","0","0","0","0"
"F9","08/12/2024","3545","N624FR","SJU","11:08","11:23","15","0","0","0","0","0"
"F9","08/12/2024","3547","N619FR","SJU","05:59","06:04","5","0","0","0","0","0"
"F9","08/13/2024","1871","N614FR","ATL","08:56","10:03","67","0","0","0","0","51"
"F9","08/13/2024","3545","N624FR","SJU","11:08","11:01","-7","0","0","0","0","0"
"F9","08/13/2024","3547","N619FR","SJU","06:00","06:12","12","0","0","0","0","0"
"F9","08/14/2024","1871","N350FR","ATL","08:56","08:41","-15","0","0","0","0","0"
"F9","08/14/2024","3237","N633FR","LAS","06:59","06:56","-3","0","0","20","0","0"
"F9","08/14/2024","3545","","SJU","11:08","00:00","0","0","0","0","0","0"
"F9","08/14/2024","3547","","SJU","06:00","00:00","0","0","0","0","0","0"
"F9","08/15/2024","1871","N354FR","ATL","08:56","08:40","-16","0","0","0","0","0"
"F9","08/15/2024","3237","N633FR","LAS","06:59","06:54","-5","0","0","0","0","0"
"F9","08/15/2024","3545","N646FR","SJU","11:08","11:06","-2","0","0","0","0","0"
"F9","08/15/2024","3547","N622FR","SJU","06:00","05:58","-2","0","0","0","0","0"
"F9","08/16/2024","1871","N316FR","ATL","08:56","08:43","-13","0","0","0","0","0"
"F9","08/16/2024","3237","N637FR","LAS","06:59","07:06","7","0","0","0","0","0"
"F9","08/16/2024","3545","N626FR","SJU","11:08","10:59","-9","0","0","0","0","0"
"F9","08/16/2024","3547","N616FR","SJU","06:00","06:56","56","52","0","0","0","0"
"F9","08/17/2024","1871","N386FR","ATL","08:56","08:46","-10","0","0","0","0","0"
"F9","08/17/2024","3237","N633FR","LAS","06:59","06:59","0","0","0","0","0","0"
"F9","08/17/2024","3545","N624FR","SJU","11:08","11:08","0","0","0","0","0","0"
"F9","08/17/2024","3547","N646FR","SJU","06:00","06:25","25","0","0","0","0","0"
"F9","08/18/2024","1871","N392FR","ATL","08:56","08:53","-3","0","0","52","0","0"
"F9","08/18/2024","3237","N606FR","LAS","06:59","07:24","25","0","0","32","0","0"
"F9","08/18/2024","3545","N399FR","SJU","11:08","14:41","213","0","0","0","0","0"
"F9","08/18/2024","3547","N614FR","SJU","06:00","06:00","0","0","0","0","0","0"
"F9","08/19/2024","1871","N386FR","ATL","08:56","08:47","-9","0","0","0","0","0"
"F9","08/19/2024","3237","N637FR","LAS","06:59","07:04","5","0","0","0","0","0"
"F9","08/19/2024","3545","","SJU","11:08","00:00","0","0","0","0","0","0"
"F9","08/19/2024","3547","N646FR","SJU","06:00","06:06","6","0","0","0","0","0"
"F9","08/20/2024","1871","N386FR","ATL","08:56","08:45","-11","0","0","0","0","0"
"F9","08/20/2024","3237","N629FR","LAS","06:59","06:58","-1","0","0","0","0","0"
"F9","08/20/2024","3545","N622FR","SJU","11:08","10:55","-13","0","0","0","0","0"
"F9","08/20/2024","3547","N626FR","SJU","06:00","06:35","35","27","0","0","0","0"
"F9","08/21/2024","1871","N317FR","ATL","08:56","08:46","-10","0","0","0","0","0"
"F9","08/21/2024","3237","N637FR","LAS","06:59","06:57","-2","0","0","0","0","0"
"F9","08/21/2024","3545","N615FR","SJU","11:08","10:59","-9","0","0","0","0","0"
"F9","08/21/2024","3547","N607FR","SJU","06:00","05:59","-1","0","0","0","0","0"
"F9","08/22/2024","1871","N386FR","ATL","08:56","08:51","-5","0","0","0","0","0"
"F9","08/22/2024","3237","N638FR","LAS","06:59","06:53","-6","0","0","0","0","0"
"F9","08/22/2024","3545","N622FR","SJU","11:08","10:58","-10","0","0","0","0","0"
"F9","08/22/2024","3547","N624FR","SJU","06:00","05:57","-3","0","0","0","0","0"
"F9","08/23/2024","1871","N307FR","ATL","08:56","08:46","-10","0","0","0","0","0"
"F9","08/23/2024","3237","N609FR","LAS","06:59","07:15","16","0","0","0","0","0"
"F9","08/23/2024","3545","N634FR","SJU","11:08","11:01","-7","0","0","0","0","0"
"F9","08/23/2024","3547","N616FR","SJU","06:00","05:55","-5","0","0","0","0","0"
"F9","08/24/2024","1871","N346FR","ATL","08:56","09:00","4","0","0","43","0","0"
"F9","08/24/2024","3237","N638FR","LAS","06:59","07:09","10","0","0","0","0","0"
"F9","08/24/2024","3545","N616FR","SJU","11:08","10:47","-21","0","0","0","0","0"
"F9","08/24/2024","3547","N615FR","SJU","06:00","05:58","-2","0","0","0","0","0"
"F9","08/25/2024","1871","N371FR","ATL","08:56","08:44","-12","0","0","0","0","0"
"F9","08/25/2024","3237","N637FR","LAS","06:59","06:55","-4","0","0","0","0","0"
"F9","08/25/2024","3545","N634FR","SJU","11:08","10:50","-18","0","0","0","0","0"
"F9","08/25/2024","3547","N649FR","SJU","06:00","05:58","-2","0","0","0","0","0"
"F9","08/26/2024","1871","N307FR","ATL","08:56","10:41","105","0","0","0","0","77"
"F9","08/26/2024","3237","N637FR","LAS","06:59","06:57","-2","0","0","0","0","0"
"F9","08/26/2024","3545","N649FR","SJU","11:08","10:53","-15","0","0","0","0","0"
"F9","08/26/2024","3547","N642FR","SJU","06:00","05:55","-5","0","0","0","0","0"
"F9","08/27/2024","1871","N614FR","ATL","08:56","09:09","13","0","0","9","0","13"
"F9","08/27/2024","3237","N626FR","LAS","06:59","06:56","-3","0","0","0","0","0"
"F9","08/27/2024","3545","N642FR","SJU","11:08","12:38","90","0","0","0","0","74"
"F9","08/27/2024","3547","N636FR","SJU","06:00","05:56","-4","0","0","0","0","0"
"F9","08/28/2024","1871","N378FR","ATL","08:56","09:04","8","0","0","0","0","0"
"F9","08/28/2024","3237","N634FR","LAS","06:59","06:54","-5","0","0","0","0","0"
"F9","08/28/2024","3545","N644FR","SJU","11:08","10:48","-20","0","0","0","0","0"
"F9","08/28/2024","3547","N615FR","SJU","06:00","06:45","45","0","0","0","0","0"
"F9","08/29/2024","1871","N356FR","ATL","08:56","08:56","0","0","0","16","0","0"
"F9","08/29/2024","3237","N646FR","LAS","06:59","06:54","-5","0","0","0","0","0"
"F9","08/29/2024","3545","N636FR","SJU","11:08","11:03","-5","0","0","0","0","0"
"F9","08/29/2024","3547","N621FR","SJU","06:00","06:03","3","0","0","0","0","0"
"F9","08/30/2024","1871","N347FR","ATL","08:56","08:54","-2","0","0","27","0","0"
"F9","08/30/2024","3237","N646FR","LAS","06:59","06:56","-3","0","0","0","0","0"
"F9","08/30/2024","3545","N652FR","SJU","11:08","10:58","-10","0","0","0","0","0"
"F9","08/30/2024","3547","N621FR","SJU","06:00","05:50","-10","0","0","0","0","0"
"F9","08/31/2024","1871","N316FR","ATL","08:56","09:16","20","8","0","3","0","12"
"F9","08/31/2024","3237","N619FR","LAS","06:59","07:58","59","19","0","0","0","31"
"F9","08/31/2024","3545","N606FR","SJU","11:08","10:58","-10","0","0","0","0","0"
"F9","08/31/2024","3547","N642FR","SJU","06:00","05:51","-9","0","0","0","0","0"
"F9","09/01/2024","1871","N335FR","ATL","08:56","08:53","-3","0","0","0","0","0"
"F9","09/01/2024","3237","N624FR","LAS","06:59","07:43","44","0","32","0","0","0"
"F9","09/01/2024","3545","N652FR","SJU","11:08","10:51","-17","0","0","0","0","0"
"F9","09/01/2024","3547","N640FR","SJU","06:00","05:50","-10","0","0","0","0","0"
"F9","09/02/2024","1871","N233FR","ATL","08:56","08:45","-11","0","0","0","0","0"
"F9","09/02/2024","3237","N619FR","LAS","06:59","06:54","-5","0","0","0","0","0"
"F9","09/02/2024","3545","N645FR","SJU","11:08","10:58","-10","0","0","0","0","0"
"F9","09/02/2024","3547","N603FR","SJU","06:00","05:47","-13","0","0","0","0","0"
"F9","09/03/2024","1871","N367FR","ATL","08:56","08:55","-1","0","0","0","0","0"
"F9","09/03/2024","3237","N625FR","LAS","06:59","07:45","46","34","0","0","0","0"
"F9","09/03/2024","3545","N606FR","SJU","11:08","11:26","18","0","0","30","0","18"
"F9","09/03/2024","3547","N611FR","SJU","06:00","05:48","-12","0","0","0","0","0"
"F9","09/04/2024","1871","N311FR","ATL","08:56","08:40","-16","0","0","0","0","0"
"F9","09/04/2024","3237","N619FR","LAS","06:59","06:49","-10","0","0","0","0","0"
"F9","09/04/2024","3545","N639FR","SJU","11:08","10:53","-15","0","0","0","0","0"
"F9","09/04/2024","3547","N642FR","SJU","06:00","05:48","-12","0","0","0","0","0"
"F9","09/05/2024","1871","N620FR","ATL","08:59","08:52","-7","0","0","0","0","0"
"F9","09/05/2024","3237","N626FR","LAS","06:59","07:15","16","0","0","0","0","0"
"F9","09/05/2024","3545","N611FR","SJU","11:08","10:55","-13","0","0","0","0","0"
"F9","09/05/2024","3547","N639FR","SJU","06:00","05:50","-10","0","0","0","0","0"
"F9","09/06/2024","1871","N381FR","ATL","08:56","08:39","-17","0","0","0","0","0"
"F9","09/06/2024","3237","N626FR","LAS","06:59","06:48","-11","0","0","0","0","0"
"F9","09/06/2024","3545","N639FR","SJU","11:08","10:56","-12","0","0","0","0","0"
"F9","09/06/2024","3547","N645FR","SJU","06:00","06:04","4","0","0","0","0","0"
"F9","09/07/2024","1871","N634FR","ATL","08:59","08:52","-7","0","0","17","0","0"
"F9","09/07/2024","3237","N626FR","LAS","06:59","06:59","0","0","0","0","0","0"
"F9","09/07/2024","3545","N652FR","SJU","11:08","11:05","-3","0","0","0","0","0"
"F9","09/07/2024","3547","N639FR","SJU","06:00","05:49","-11","0","0","0","0","0"
"F9","09/08/2024","1871","N646FR","ATL","08:59","08:54","-5","0","0","0","0","0"
"F9","09/08/2024","3237","N616FR","LAS","06:59","06:53","-6","0","0","0","0","0"
"F9","09/08/2024","3545","N639FR","SJU","11:08","10:58","-10","0","0","0","0","0"
"F9","09/08/2024","3547","N629FR","SJU","06:00","05:50","-10","0","0","0","0","0"
"F9","09/09/2024","1871","N721FR","ATL","08:59","11:46","167","0","0","1","0","167"
"F9","09/09/2024","3237","N616FR","LAS","06:59","06:56","-3","0","0","0","0","0"
"F9","09/09/2024","3545","N625FR","SJU","11:08","10:57","-11","0","0","0","0","0"
"F9","09/09/2024","3547","N629FR","SJU","06:00","05:46","-14","0","0","0","0","0"
"F9","09/10/2024","1871","N230FR","ATL","08:56","08:47","-9","0","0","0","0","0"
"F9","09/10/2024","3237","N645FR","LAS","06:59","07:06","7","0","0","0","0","0"
"F9","09/10/2024","3545","N629FR","SJU","11:08","10:49","-19","0","0","0","0","0"
"F9","09/10/2024","3547","N625FR","SJU","06:00","05:43","-17","0","0","0","0","0"
"F9","09/11/2024","1871","N649FR","ATL","08:59","08:49","-10","0","0","0","0","0"
"F9","09/11/2024","3237","N605FR","LAS","06:59","07:06","7","0","0","0","0","0"
"F9","09/11/2024","3547","N630FR","SJU","06:00","05:52","-8","0","0","0","0","0"
"F9","09/12/2024","1871","N709FR","ATL","08:59","08:46","-13","0","0","20","0","0"
"F9","09/12/2024","3237","N644FR","LAS","06:59","07:18","19","0","0","0","0","0"
"F9","09/12/2024","3545","N638FR","SJU","11:08","12:18","70","66","0","0","0","2"
"F9","09/12/2024","3547","N642FR","SJU","06:00","06:00","0","0","0","0","0","0"
"F9","09/13/2024","1871","N381FR","ATL","08:56","08:46","-10","0","0","0","0","0"
"F9","09/13/2024","3237","N644FR","LAS","06:59","07:14","15","0","0","0","0","0"
"F9","09/13/2024","3545","N642FR","SJU","11:08","14:02","174","174","0","0","0","0"
"F9","09/13/2024","3547","N650FR","SJU","06:00","06:03","3","0","0","0","0","0"
"F9","09/14/2024","1871","N719FR","ATL","08:59","09:22","23","23","0","6","0","0"
"F9","09/14/2024","3237","N635FR","LAS","06:59","07:40","41","18","0","0","0","0"
"F9","09/14/2024","3545","N652FR","SJU","11:08","10:55","-13","0","0","0","0","0"
"F9","09/14/2024","3547","N630FR","SJU","06:00","07:18","78","0","0","7","0","78"
"F9","09/15/2024","1871","N709FR","ATL","08:59","08:50","-9","0","0","0","0","0"
"F9","09/15/2024","3237","N640FR","LAS","06:59","07:21","22","0","0","0","0","0"
"F9","09/15/2024","3545","N652FR","SJU","11:08","10:49","-19","0","0","0","0","0"
"F9","09/15/2024","3547","N603FR","SJU","06:00","05:50","-10","0","0","0","0","0"
"F9","09/16/2024","1871","N719FR","ATL","08:59","10:32","93","0","0","0","0","88"
"F9","09/16/2024","3237","N640FR","LAS","06:59","07:27","28","18","0","6","0","10"
"F9","09/16/2024","3545","N652FR","SJU","11:08","11:03","-5","0","0","0","0","0"
"F9","09/16/2024","3547","N611FR","SJU","06:00","05:50","-10","0","0","0","0","0"
"F9","09/17/2024","1871","N356FR","ATL","08:56","08:53","-3","0","0","15","0","0"
"F9","09/17/2024","3237","N640FR","LAS","06:59","08:47","108","88","0","0","0","0"
"F9","09/17/2024","3545","N642FR","SJU","11:08","10:46","-22","0","0","0","0","0"
"F9","09/17/2024","3547","N630FR","SJU","06:00","05:45","-15","0","0","0","0","0"
"F9","09/18/2024","1871","N613FR","ATL","08:59","09:11","12","0","0","0","0","0"
"F9","09/18/2024","3237","N635FR","LAS","06:59","07:08","9","9","0","16","0","0"
"F9","09/18/2024","3545","N610FR","SJU","11:08","10:57","-11","0","0","0","0","0"
"F9","09/18/2024","3547","N642FR","SJU","06:00","05:47","-13","0","0","0","0","0"
"F9","09/19/2024","1871","N625FR","ATL","08:59","08:58","-1","0","0","0","0","0"
"F9","09/19/2024","3237","N640FR","LAS","06:59","06:54","-5","0","0","0","0","0"
"F9","09/19/2024","3545","N611FR","SJU","11:08","10:56","-12","0","0","0","0","0"
"F9","09/19/2024","3547","N620FR","SJU","06:00","06:09","9","0","0","0","0","0"
"F9","09/20/2024","1871","N330FR","ATL","08:56","22:09","793","573","0","0","0","194"
"F9","09/20/2024","3237","N636FR","LAS","06:59","08:14","75","70","0","0","0","0"
"F9","09/20/2024","3545","N642FR","SJU","11:08","11:03","-5","0","0","0","0","0"
"F9","09/20/2024","3547","N615FR","SJU","06:00","05:47","-13","0","0","0","0","0"
"F9","09/21/2024","1871","N706FR","ATL","08:59","08:48","-11","0","0","0","0","0"
"F9","09/21/2024","3237","N636FR","LAS","06:59","07:10","11","0","0","0","0","0"
"F9","09/21/2024","3545","N620FR","SJU","11:08","10:48","-20","0","0","0","0","0"
"F9","09/21/2024","3547","N615FR","SJU","06:00","05:50","-10","0","0","0","0","0"
"F9","09/22/2024","1871","N637FR","ATL","08:59","08:57","-2","0","0","0","0","0"
"F9","09/22/2024","3237","N634FR","LAS","06:59","06:59","0","0","0","15","0","0"
"F9","09/22/2024","3545","N649FR","SJU","11:08","11:00","-8","0","0","0","0","0"
"F9","09/22/2024","3547","N625FR","SJU","06:00","09:05","185","174","0","0","0","0"
"F9","09/23/2024","1871","N720FR","ATL","08:59","08:55","-4","0","0","0","0","0"
"F9","09/23/2024","3237","N645FR","LAS","06:59","07:02","3","0","0","0","0","0"
"F9","09/23/2024","3545","N604FR","SJU","11:08","10:58","-10","0","0","0","0","0"
"F9","09/23/2024","3547","N625FR","SJU","06:00","06:06","6","0","0","0","0","0"
"F9","09/24/2024","1871","N343FR","ATL","08:56","10:49","113","113","0","2","0","0"
"F9","09/24/2024","3237","N633FR","LAS","06:59","07:06","7","7","0","9","0","0"
"F9","09/24/2024","3545","N614FR","SJU","11:08","10:58","-10","0","0","0","0","0"
"F9","09/24/2024","3547","N604FR","SJU","06:00","05:47","-13","0","0","0","0","0"
"F9","09/25/2024","1871","N609FR","ATL","08:59","08:58","-1","0","0","20","0","0"
"F9","09/25/2024","3237","N645FR","LAS","06:59","07:29","30","17","0","0","0","0"
"F9","09/25/2024","3547","N625FR","SJU","06:00","05:53","-7","0","0","0","0","0"
"F9","09/26/2024","1871","N722FR","ATL","08:59","09:06","7","0","0","18","0","7"
"F9","09/26/2024","3237","N633FR","LAS","06:59","07:05","6","0","0","0","0","0"
"F9","09/26/2024","3545","N611FR","SJU","11:08","10:58","-10","0","0","0","0","0"
"F9","09/26/2024","3547","N604FR","SJU","06:00","06:09","9","0","0","0","0","0"
"F9","09/27/2024","1871","","ATL","08:56","00:00","0","0","0","0","0","0"
"F9","09/27/2024","3237","N621FR","LAS","06:59","07:44","45","0","0","0","0","15"
"F9","09/27/2024","3545","N620FR","SJU","11:08","11:03","-5","0","0","0","0","0"
"F9","09/27/2024","3547","N649FR","SJU","06:00","05:55","-5","0","0","0","0","0"
"F9","09/28/2024","1871","N652FR","ATL","08:59","08:57","-2","0","0","0","0","0"
"F9","09/28/2024","3237","N621FR","LAS","06:59","06:55","-4","0","0","0","0","0"
"F9","09/28/2024","3545","N620FR","SJU","11:08","11:08","0","0","0","0","0","0"
"F9","09/28/2024","3547","N649FR","SJU","06:00","05:50","-10","0","0","0","0","0"
"F9","09/29/2024","1871","N652FR","ATL","08:59","08:58","-1","0","0","0","0","0"
"F9","09/29/2024","3237","N645FR","LAS","06:59","07:01","2","0","0","0","0","0"
"F9","09/29/2024","3545","N614FR","SJU","11:08","11:07","-1","0","0","0","0","0"
"F9","09/29/2024","3547","N625FR","SJU","06:00","05:50","-10","0","0","0","0","0"
"F9","09/30/2024","1871","N652FR","ATL","08:59","08:46","-13","0","0","0","0","0"
"F9","09/30/2024","3237","N645FR","LAS","06:59","07:05","6","0","0","0","0","0"
"F9","09/30/2024","3545","N614FR","SJU","11:08","11:21","13","0","0","0","0","0"
"F9","09/30/2024","3547","N631FR","SJU","06:00","05:52","-8","0","0","0","0","0"
"F9","10/01/2024","1871","N313FR","ATL","08:56","08:56","0","0","0","23","0","0"
"F9","10/01/2024","3237","N633FR","LAS","06:59","07:21","22","0","0","0","0","0"
"F9","10/01/2024","3545","N615FR","SJU","11:08","11:00","-8","0","0","0","0","0"
"F9","10/01/2024","3547","N631FR","SJU","06:00","05:54","-6","0","0","0","0","0"
"F9","10/02/2024","1871","N636FR","ATL","08:59","09:00","1","0","0","0","0","0"
"F9","10/02/2024","3237","N637FR","LAS","06:59","07:15","16","0","0","0","0","0"
"F9","10/02/2024","3545","N625FR","SJU","11:08","11:12","4","0","0","0","0","0"
"F9","10/02/2024","3547","N603FR","SJU","06:00","07:32","92","39","0","0","0","40"
"F9","10/03/2024","1871","N622FR","ATL","08:59","08:52","-7","0","0","0","0","0"
"F9","10/03/2024","3237","N645FR","LAS","06:59","06:50","-9","0","0","0","0","0"
"F9","10/03/2024","3545","N615FR","SJU","11:08","11:01","-7","0","0","0","0","0"
"F9","10/03/2024","3547","N639FR","SJU","06:00","05:59","-1","0","0","0","0","0"
"F9","10/04/2024","1871","N364FR","ATL","08:56","08:46","-10","0","0","0","0","0"
"F9","10/04/2024","3237","N645FR","LAS","06:59","06:55","-4","0","0","0","0","0"
"F9","10/04/2024","3545","N616FR","SJU","11:08","11:03","-5","0","0","0","0","0"
"F9","10/04/2024","3547","N631FR","SJU","06:00","06:05","5","0","0","0","0","0"
"F9","10/05/2024","1871","N622FR","ATL","08:59","09:15","16","0","0","38","0","0"
"F9","10/05/2024","3237","N633FR","LAS","06:59","07:08","9","0","0","0","0","0"
"F9","10/05/2024","3545","N639FR","SJU","11:08","11:02","-6","0","0","0","0","0"
"F9","10/05/2024","3547","N631FR","SJU","06:00","05:44","-16","0","0","0","0","0"
"F9","10/06/2024","1871","N654FR","ATL","08:59","08:51","-8","0","0","20","0","0"
"F9","10/06/2024","3237","N619FR","LAS","06:59","06:53","-6","0","0","0","0","0"
"F9","10/06/2024","3545","N603FR","SJU","11:08","11:14","6","0","0","0","0","0"
"F9","10/06/2024","3547","N626FR","SJU","06:00","05:53","-7","0","0","0","0","0"
"F9","10/07/2024","1871","N638FR","ATL","08:59","09:01","2","0","0","0","0","0"
"F9","10/07/2024","3237","N619FR","LAS","06:59","07:06","7","0","0","0","0","0"
"F9","10/07/2024","3545","N634FR","SJU","11:08","10:56","-12","0","0","0","0","0"
"F9","10/07/2024","3547","N639FR","SJU","06:00","05:48","-12","0","0","0","0","0"
"F9","10/08/2024","1871","N372FR","ATL","08:56","08:53","-3","0","0","0","0","0"
"F9","10/08/2024","3237","N639FR","LAS","06:59","06:59","0","0","0","0","0","0"
"F9","10/08/2024","3545","N616FR","SJU","11:14","10:56","-18","0","0","0","0","0"
"F9","10/08/2024","3547","N612FR","SJU","06:00","08:01","121","11","0","0","0","102"
"F9","10/09/2024","1871","N615FR","ATL","08:59","08:54","-5","0","0","0","0","0"
"F9","10/09/2024","3237","N652FR","LAS","06:59","06:59","0","0","0","0","0","0"
"F9","10/09/2024","3545","N631FR","SJU","11:14","11:08","-6","0","0","0","0","0"
"F9","10/09/2024","3547","N603FR","SJU","06:00","05:52","-8","0","0","0","0","0"
"F9","10/10/2024","1871","N712FR","ATL","08:59","09:01","2","0","0","0","0","0"
"F9","10/10/2024","3237","N645FR","LAS","06:59","07:31","32","0","0","0","0","0"
"F9","10/10/2024","3545","N642FR","SJU","11:14","11:19","5","0","0","0","0","0"
"F9","10/10/2024","3547","N634FR","SJU","06:00","06:01","1","0","0","0","0","0"
"F9","10/11/2024","1871","N318FR","ATL","08:50","08:48","-2","0","0","0","0","0"
"F9","10/11/2024","3237","N620FR","LAS","06:59","07:03","4","0","0","0","0","0"
"F9","10/11/2024","3545","N653FR","SJU","11:14","11:14","0","0","0","0","0","0"
"F9","10/11/2024","3547","N616FR","SJU","06:00","05:57","-3","0","0","0","0","0"
"F9","10/12/2024","1871","N615FR","ATL","08:59","12:49","230","0","0","0","0","228"
"F9","10/12/2024","3237","N620FR","LAS","06:59","06:59","0","0","0","0","0","0"
"F9","10/12/2024","3545","N653FR","SJU","11:14","11:09","-5","0","0","0","0","0"
"F9","10/12/2024","3547","N609FR","SJU","06:00","05:53","-7","0","0","0","0","0"
"F9","10/13/2024","1871","N619FR","ATL","08:59","08:56","-3","0","0","0","0","0"
"F9","10/13/2024","3237","N641FR","LAS","06:59","06:53","-6","0","0","0","0","0"
"F9","10/13/2024","3545","N603FR","SJU","11:14","11:04","-10","0","0","0","0","0"
"F9","10/13/2024","3547","N612FR","SJU","06:00","05:57","-3","0","0","0","0","0"
"F9","10/14/2024","1871","N715FR","ATL","08:59","10:11","72","9","0","0","0","62"
"F9","10/14/2024","3237","N343FR","LAS","06:59","07:46","47","22","0","6","0","25"
"F9","10/14/2024","3545","N653FR","SJU","11:14","11:14","0","0","0","0","0","0"
"F9","10/14/2024","3547","N634FR","SJU","06:00","05:53","-7","0","0","15","0","0"
"F9","10/15/2024","1871","N354FR","ATL","08:56","09:30","34","17","0","9","0","17"
"F9","10/15/2024","3237","N641FR","LAS","06:59","10:56","237","20","0","0","0","207"
"F9","10/15/2024","3545","N624FR","SJU","11:14","11:22","8","8","0","7","0","0"
"F9","10/15/2024","3547","N636FR","SJU","06:00","05:47","-13","0","0","0","0","0"
"F9","10/16/2024","1871","N619FR","ATL","08:59","08:53","-6","0","0","0","0","0"
"F9","10/16/2024","3237","N639FR","LAS","06:59","07:44","45","0","0","0","0","0"
"F9","10/16/2024","3545","N642FR","SJU","11:14","11:06","-8","0","0","0","0","0"
"F9","10/16/2024","3547","N636FR","SJU","06:00","05:50","-10","0","0","0","0","0"
"F9","10/17/2024","1871","N619FR","ATL","08:59","08:47","-12","0","0","0","0","0"
"F9","10/17/2024","3237","N641FR","LAS","06:59","07:41","42","19","0","0","0","4"
"F9","10/17/2024","3545","N636FR","SJU","11:14","11:10","-4","0","0","0","0","0"
"F9","10/17/2024","3547","N642FR","SJU","06:00","05:55","-5","0","0","0","0","0"
"F9","10/18/2024","1871","N310FR","ATL","08:50","08:42","-8","0","0","0","0","0"
"F9","10/18/2024","3237","N641FR","LAS","06:59","06:58","-1","0","0","0","0","0"
"F9","10/18/2024","3545","N636FR","SJU","11:14","11:06","-8","0","0","0","0","0"
"F9","10/18/2024","3547","N614FR","SJU","06:00","06:01","1","0","0","0","0","0"
"F9","10/19/2024","1871","N619FR","ATL","08:59","09:04","5","0","0","40","0","0"
"F9","10/19/2024","3237","N611FR","LAS","06:59","09:02","123","36","0","6","0","87"
"F9","10/19/2024","3545","N614FR","SJU","11:14","11:01","-13","0","0","0","0","0"
"F9","10/19/2024","3547","N636FR","SJU","06:00","05:52","-8","0","0","0","0","0"
"F9","10/20/2024","1871","N706FR","ATL","08:59","09:26","27","0","0","0","0","0"
"F9","10/20/2024","3237","N626FR","LAS","06:59","07:04","5","0","0","0","0","0"
"F9","10/20/2024","3545","N642FR","SJU","11:14","11:19","5","0","0","0","0","0"
"F9","10/20/2024","3547","N616FR","SJU","06:00","05:50","-10","0","0","0","0","0"
"F9","10/21/2024","1871","N619FR","ATL","08:59","08:58","-1","0","0","19","0","0"
"F9","10/21/2024","3237","N313FR","LAS","06:59","06:56","-3","0","0","0","0","0"
"F9","10/21/2024","3545","N616FR","SJU","11:14","12:01","47","35","0","0","0","0"
"F9","10/21/2024","3547","N641FR","SJU","06:00","05:57","-3","0","0","0","0","0"
"F9","10/22/2024","1871","N324FR","ATL","08:56","10:58","122","32","0","0","0","67"
"F9","10/22/2024","3237","N607FR","LAS","06:59","07:05","6","0","0","0","0","0"
"F9","10/22/2024","3545","N641FR","SJU","11:14","11:32","18","0","0","28","0","9"
"F9","10/22/2024","3547","N636FR","SJU","06:00","06:03","3","3","0","33","0","0"
"F9","10/23/2024","1871","N605FR","ATL","08:59","08:53","-6","0","0","0","0","0"
"F9","10/23/2024","3237","N606FR","LAS","06:59","06:59","0","0","0","0","0","0"
"F9","10/23/2024","3545","N629FR","SJU","11:14","11:00","-14","0","0","0","0","0"
"F9","10/23/2024","3547","N642FR","SJU","06:00","05:49","-11","0","0","0","0","0"
"F9","10/24/2024","1871","N619FR","ATL","08:59","08:59","0","0","0","0","0","0"
"F9","10/24/2024","3237","N609FR","LAS","06:59","07:03","4","0","0","0","0","0"
"F9","10/24/2024","3545","N616FR","SJU","11:14","11:17","3","0","0","0","0","0"
"F9","10/24/2024","3547","N629FR","SJU","06:00","06:02","2","0","0","0","0","0"
"F9","10/25/2024","1871","N388FR","ATL","08:50","09:17","27","0","0","0","0","0"
"F9","10/25/2024","3237","N612FR","LAS","06:59","07:03","4","0","0","0","0","0"
"F9","10/25/2024","3545","N629FR","SJU","11:14","11:00","-14","0","0","0","0","0"
"F9","10/25/2024","3547","N642FR","SJU","06:00","05:54","-6","0","0","0","0","0"
"F9","10/26/2024","1871","N655FR","ATL","08:59","08:58","-1","0","0","0","0","0"
"F9","10/26/2024","3237","N650FR","LAS","06:59","06:59","0","0","0","0","0","0"
"F9","10/26/2024","3545","N629FR","SJU","11:14","10:54","-20","0","0","0","0","0"
"F9","10/26/2024","3547","N626FR","SJU","06:00","05:46","-14","0","0","0","0","0"
"F9","10/27/2024","1871","N353FR","ATL","16:08","17:34","86","68","0","12","0","18"
"F9","10/27/2024","3237","N609FR","LAS","06:59","08:07","68","27","0","0","0","32"
"F9","10/27/2024","3545","N606FR","SJU","11:14","10:58","-16","0","0","0","0","0"
"F9","10/27/2024","3547","N641FR","SJU","06:00","05:48","-12","0","0","0","0","0"
"F9","10/27/2024","4057","N620FR","TPA","11:01","10:56","-5","0","0","0","0","0"
"F9","10/27/2024","4871","N721FR","MCO","13:20","13:30","10","10","0","9","0","0"
"F9","10/28/2024","1871","N353FR","ATL","16:01","15:57","-4","0","0","0","0","0"
"F9","10/28/2024","3237","N636FR","LAS","06:59","07:51","52","52","0","0","0","0"
"F9","10/28/2024","3545","N606FR","SJU","11:14","11:04","-10","0","0","0","0","0"
"F9","10/28/2024","3547","N603FR","SJU","06:00","05:52","-8","0","0","0","0","0"
"F9","10/28/2024","4057","N625FR","TPA","11:01","11:10","9","0","0","0","0","0"
"F9","10/28/2024","4871","N708FR","MCO","13:20","13:13","-7","0","0","0","0","0"
"F9","10/29/2024","1871","N332FR","ATL","16:09","17:02","53","5","0","0","0","34"
"F9","10/29/2024","3237","N639FR","LAS","06:59","07:15","16","0","0","0","0","0"
"F9","10/29/2024","3545","N654FR","SJU","11:14","10:59","-15","0","0","0","0","0"
"F9","10/29/2024","3547","N641FR","SJU","06:00","06:03","3","0","0","0","0","0"
"F9","10/29/2024","4057","N625FR","TPA","11:01","10:56","-5","0","0","0","0","0"
"F9","10/29/2024","4871","N364FR","MCO","13:20","13:13","-7","0","0","0","0","0"
"F9","10/30/2024","1871","N376FR","ATL","16:01","15:52","-9","0","0","0","0","0"
"F9","10/30/2024","3237","N639FR","LAS","06:59","06:55","-4","0","0","0","0","0"
"F9","10/30/2024","3545","N621FR","SJU","11:14","10:58","-16","0","0","0","0","0"
"F9","10/30/2024","3547","N641FR","SJU","06:00","05:51","-9","0","0","0","0","0"
"F9","10/30/2024","4057","N625FR","TPA","11:01","11:08","7","0","0","0","0","0"
"F9","10/30/2024","4871","N361FR","MCO","13:20","13:21","1","0","0","0","0","0"
"F9","10/31/2024","1871","N383FR","ATL","16:19","16:09","-10","0","0","0","0","0"
"F9","10/31/2024","3237","N612FR","LAS","06:59","07:10","11","11","0","20","0","0"
"F9","10/31/2024","3545","N646FR","SJU","11:14","11:04","-10","0","0","0","0","0"
"F9","10/31/2024","3547","N625FR","SJU","06:00","05:49","-11","0","0","0","0","0"
"F9","10/31/2024","4057","N722FR","TPA","11:01","10:52","-9","0","0","0","0","0"
"F9","10/31/2024","4871","N607FR","MCO","13:20","13:25","5","0","0","0","0","0"
"F9","11/01/2024","1871","N638FR","ATL","15:00","15:16","16","0","0","0","0","15"
"F9","11/01/2024","3237","N639FR","LAS","06:59","06:59","0","0","0","0","0","0"
"F9","11/01/2024","3545","N625FR","SJU","11:14","11:34","20","0","0","0","0","0"
"F9","11/01/2024","3547","N621FR","SJU","06:00","06:00","0","0","0","0","0","0"
"F9","11/01/2024","4057","N652FR","TPA","11:01","11:25","24","0","0","0","0","20"
"F9","11/01/2024","4871","N636FR","MCO","13:20","14:14","54","48","0","6","0","6"
"F9","11/02/2024","1871","N723FR","ATL","16:19","16:14","-5","0","0","0","0","0"
"F9","11/02/2024","3237","N609FR","LAS","06:59","07:56","57","28","0","30","0","29"
"F9","11/02/2024","3545","N621FR","SJU","11:14","11:36","22","22","0","3","0","0"
"F9","11/02/2024","3547","N641FR","SJU","06:00","05:56","-4","0","0","0","0","0"
"F9","11/02/2024","4057","N646FR","TPA","11:01","10:58","-3","0","0","0","0","0"
"F9","11/02/2024","4871","N369FR","MCO","13:20","13:07","-13","0","0","0","0","0"
"F9","11/03/2024","1871","N378FR","ATL","16:08","15:58","-10","0","0","0","0","0"
"F9","11/03/2024","3237","N609FR","LAS","07:30","07:26","-4","0","0","0","0","0"
"F9","11/03/2024","3545","N649FR","SJU","11:14","11:12","-2","0","0","0","0","0"
"F9","11/03/2024","3547","N621FR","SJU","06:00","07:12","72","54","0","0","0","0"
"F9","11/03/2024","4057","N629FR","TPA","11:01","10:58","-3","0","0","0","0","0"
"F9","11/03/2024","4871","N626FR","MCO","13:20","13:55","35","16","0","0","0","9"
"F9","11/04/2024","1871","N359FR","ATL","16:01","18:02","121","50","0","40","0","71"
"F9","11/04/2024","3237","N644FR","LAS","07:30","08:28","58","14","0","0","0","30"
"F9","11/04/2024","3545","N648FR","SJU","11:14","11:00","-14","0","0","0","0","0"
"F9","11/04/2024","3547","N637FR","SJU","06:00","05:44","-16","0","0","0","0","0"
"F9","11/04/2024","4057","N621FR","TPA","11:01","11:11","10","0","0","0","0","0"
"F9","11/04/2024","4871","N639FR","MCO","13:20","13:17","-3","0","0","0","0","0"
"F9","11/05/2024","1871","N341FR","ATL","15:00","15:00","0","0","0","0","0","0"
"F9","11/05/2024","3237","N612FR","LAS","07:59","07:58","-1","0","0","0","0","0"
"F9","11/05/2024","3545","N654FR","SJU","11:12","11:10","-2","0","0","0","0","0"
"F9","11/05/2024","3547","N637FR","SJU","06:00","05:50","-10","0","0","0","0","0"
"F9","11/05/2024","4057","N616FR","TPA","11:00","11:16","16","0","0","0","0","0"
"F9","11/05/2024","4871","N360FR","MCO","13:22","13:17","-5","0","0","0","0","0"
"F9","11/06/2024","1871","N715FR","ATL","15:00","14:53","-7","0","0","0","0","0"
"F9","11/06/2024","3237","N621FR","LAS","07:59","07:59","0","0","0","18","0","0"
"F9","11/06/2024","3545","N641FR","SJU","11:12","11:41","29","25","0","0","0","1"
"F9","11/06/2024","3547","N637FR","SJU","06:00","05:54","-6","0","0","0","0","0"
"F9","11/06/2024","4057","N650FR","TPA","11:00","11:09","9","0","0","0","0","0"
"F9","11/06/2024","4871","N235FR","MCO","13:22","13:16","-6","0","0","0","0","0"
"F9","11/07/2024","1871","N389FR","ATL","15:00","14:49","-11","0","0","0","0","0"
"F9","11/07/2024","3237","N640FR","LAS","07:59","08:21","22","18","0","0","0","0"
"F9","11/07/2024","3545","N648FR","SJU","11:12","11:06","-6","0","0","0","0","0"
"F9","11/07/2024","3547","N641FR","SJU","06:00","05:59","-1","0","0","0","0","0"
"F9","11/07/2024","4057","N650FR","TPA","11:00","10:56","-4","0","0","0","0","0"
"F9","11/07/2024","4871","N646FR","MCO","13:22","13:23","1","0","0","0","0","0"
"F9","11/08/2024","1871","N316FR","ATL","15:00","14:52","-8","0","0","0","0","0"
"F9","11/08/2024","3237","N634FR","LAS","07:59","07:58","-1","0","0","0","0","0"
"F9","11/08/2024","3545","N648FR","SJU","11:12","11:02","-10","0","0","0","0","0"
"F9","11/08/2024","3547","N614FR","SJU","06:00","06:32","32","0","0","0","0","0"
"F9","11/08/2024","4057","N650FR","TPA","11:00","10:57","-3","0","0","0","0","0"
"F9","11/08/2024","4871","N629FR","MCO","13:22","13:13","-9","0","0","0","0","0"
"F9","11/09/2024","1871","N369FR","ATL","15:00","14:58","-2","0","0","0","0","0"
"F9","11/09/2024","3237","N621FR","LAS","07:59","07:58","-1","0","0","0","0","0"
"F9","11/09/2024","3545","N614FR","SJU","11:12","11:12","0","0","0","0","0","0"
"F9","11/09/2024","3547","N635FR","SJU","06:00","05:55","-5","0","0","0","0","0"
"F9","11/09/2024","4057","N615FR","TPA","11:00","10:49","-11","0","0","0","0","0"
"F9","11/09/2024","4871","N331FR","MCO","13:20","13:17","-3","0","0","0","0","0"
"F9","11/10/2024","1871","N316FR","ATL","15:00","15:30","30","0","0","0","0","15"
"F9","11/10/2024","3237","N652FR","LAS","07:59","08:18","19","0","0","0","0","0"
"F9","11/10/2024","3545","N635FR","SJU","11:11","11:06","-5","0","0","0","0","0"
"F9","11/10/2024","3547","N614FR","SJU","06:00","05:51","-9","0","0","0","0","0"
"F9","11/10/2024","4057","N615FR","TPA","11:00","10:53","-7","0","0","0","0","0"
"F9","11/10/2024","4871","N646FR","MCO","13:22","13:21","-1","0","0","0","0","0"
"F9","11/11/2024","1871","N655FR","ATL","15:00","14:56","-4","0","0","0","0","0"
"F9","11/11/2024","3237","N634FR","LAS","07:59","07:57","-2","0","0","0","0","0"
"F9","11/11/2024","3545","N614FR","SJU","11:12","10:59","-13","0","0","0","0","0"
"F9","11/11/2024","3547","N648FR","SJU","06:00","05:53","-7","0","0","0","0","0"
"F9","11/11/2024","4057","N720FR","TPA","11:00","11:00","0","0","0","0","0","0"
"F9","11/11/2024","4871","N331FR","MCO","13:29","13:21","-8","0","0","0","0","0"
"F9","11/12/2024","1871","N316FR","ATL","15:00","14:50","-10","0","0","0","0","0"
"F9","11/12/2024","3237","N610FR","LAS","07:59","07:58","-1","0","0","26","0","0"
"F9","11/12/2024","3545","N639FR","SJU","11:12","10:58","-14","0","0","0","0","0"
"F9","11/12/2024","3547","N641FR","SJU","06:00","05:56","-4","0","0","0","0","0"
"F9","11/12/2024","4057","N720FR","TPA","11:00","10:59","-1","0","0","0","0","0"
"F9","11/12/2024","4871","N390FR","MCO","13:22","13:13","-9","0","0","0","0","0"
"F9","11/13/2024","1871","N620FR","ATL","15:00","14:53","-7","0","0","0","0","0"
"F9","11/13/2024","3237","N605FR","LAS","07:59","08:01","2","0","0","0","0","0"
"F9","11/13/2024","3545","N639FR","SJU","11:12","11:03","-9","0","0","0","0","0"
"F9","11/13/2024","3547","N638FR","SJU","06:00","06:20","20","0","0","0","0","0"
"F9","11/13/2024","4057","N720FR","TPA","11:00","11:01","1","0","0","0","0","0"
"F9","11/13/2024","4871","N360FR","MCO","13:22","13:35","13","0","0","0","0","0"
"F9","11/14/2024","1871","N655FR","ATL","15:00","14:59","-1","0","0","0","0","0"
"F9","11/14/2024","3237","N711FR","LAS","07:59","08:13","14","0","0","0","0","0"
"F9","11/14/2024","3545","N609FR","SJU","11:12","11:04","-8","0","0","0","0","0"
"F9","11/14/2024","3547","N638FR","SJU","06:00","06:12","12","0","0","0","0","0"
"F9","11/14/2024","4057","N720FR","TPA","11:00","10:58","-2","0","0","0","0","0"
"F9","11/14/2024","4871","N708FR","MCO","13:22","13:20","-2","0","0","0","0","0"
"F9","11/15/2024","1871","N350FR","ATL","15:00","14:54","-6","0","0","0","0","0"
"F9","11/15/2024","3237","N611FR","LAS","07:59","08:28","29","24","0","0","0","0"
"F9","11/15/2024","3545","N649FR","SJU","11:12","11:01","-11","0","0","0","0","0"
"F9","11/15/2024","3547","N615FR","SJU","06:00","05:53","-7","0","0","0","0","0"
"F9","11/15/2024","4057","N648FR","TPA","11:00","11:02","2","0","0","0","0","0"
"F9","11/15/2024","4871","N641FR","MCO","13:22","13:15","-7","0","0","0","0","0"
"F9","11/16/2024","1871","N711FR","ATL","15:00","16:17","77","0","0","18","0","77"
"F9","11/16/2024","3237","N654FR","LAS","07:59","08:00","1","1","0","14","0","0"
"F9","11/16/2024","3545","N615FR","SJU","11:12","11:06","-6","0","0","0","0","0"
"F9","11/16/2024","3547","N609FR","SJU","06:00","06:42","42","18","0","0","0","0"
"F9","11/16/2024","4057","N648FR","TPA","11:00","10:59","-1","0","0","0","0","0"
"F9","11/16/2024","4871","N387FR","MCO","13:20","13:13","-7","0","0","0","0","0"
"F9","11/17/2024","1871","N316FR","ATL","15:00","14:56","-4","0","0","0","0","0"
"F9","11/17/2024","3237","N652FR","LAS","07:59","07:51","-8","0","0","0","0","0"
"F9","11/17/2024","3545","N649FR","SJU","11:11","11:03","-8","0","0","0","0","0"
"F9","11/17/2024","3547","N615FR","SJU","06:00","06:08","8","0","0","0","0","0"
"F9","11/17/2024","4057","N706FR","TPA","11:00","10:53","-7","0","0","0","0","0"
"F9","11/17/2024","4871","N646FR","MCO","13:22","13:21","-1","0","0","0","0","0"
"F9","11/18/2024","1871","N655FR","ATL","15:00","15:07","7","0","0","0","0","0"
"F9","11/18/2024","3237","N642FR","LAS","07:59","07:54","-5","0","0","0","0","0"
"F9","11/18/2024","3545","N650FR","SJU","11:12","11:02","-10","0","0","0","0","0"
"F9","11/18/2024","3547","N613FR","SJU","06:00","05:49","-11","0","0","0","0","0"
"F9","11/18/2024","4057","N656FR","TPA","11:00","11:14","14","0","0","0","0","0"
"F9","11/18/2024","4871","N352FR","MCO","13:29","13:21","-8","0","0","0","0","0"
"F9","11/19/2024","1871","N363FR","ATL","15:00","14:52","-8","0","0","0","0","0"
"F9","11/19/2024","3237","N654FR","LAS","07:59","07:52","-7","0","0","0","0","0"
"F9","11/19/2024","3545","N635FR","SJU","11:12","11:02","-10","0","0","0","0","0"
"F9","11/19/2024","3547","N638FR","SJU","06:00","05:48","-12","0","0","0","0","0"
"F9","11/19/2024","4057","N611FR","TPA","11:00","10:52","-8","0","0","0","0","0"
"F9","11/19/2024","4871","N352FR","MCO","13:22","13:11","-11","0","0","0","0","0"
"F9","11/20/2024","1871","N334FR","ATL","15:00","18:10","190","9","0","1","0","181"
"F9","11/20/2024","3237","N654FR","LAS","07:59","08:17","18","18","0","23","0","0"
"F9","11/20/2024","3545","N615FR","SJU","11:12","11:03","-9","0","0","0","0","0"
"F9","11/20/2024","3547","N635FR","SJU","06:00","05:49","-11","0","0","0","0","0"
"F9","11/20/2024","4057","N656FR","TPA","11:00","10:55","-5","0","0","0","0","0"
"F9","11/20/2024","4871","N341FR","MCO","13:22","13:20","-2","0","0","0","0","0"
"F9","11/21/2024","1871","N334FR","ATL","15:00","14:51","-9","0","0","0","0","0"
"F9","11/21/2024","3237","N640FR","LAS","07:59","08:26","27","27","0","5","0","0"
"F9","11/21/2024","3545","N606FR","SJU","11:12","11:06","-6","0","0","0","0","0"
"F9","11/21/2024","3547","N615FR","SJU","06:00","05:45","-15","0","0","0","0","0"
"F9","11/21/2024","4057","N635FR","TPA","11:00","10:55","-5","0","0","0","0","0"
"F9","11/21/2024","4871","N307FR","MCO","13:10","13:20","10","0","0","0","0","0"
"F9","11/22/2024","1871","N339FR","ATL","15:00","15:03","3","0","0","0","0","0"
"F9","11/22/2024","3237","N633FR","LAS","07:59","08:21","22","0","0","0","0","0"
"F9","11/22/2024","3545","N645FR","SJU","11:12","10:59","-13","0","0","0","0","0"
"F9","11/22/2024","3547","N394FR","SJU","06:00","06:10","10","10","0","11","0","0"
"F9","11/22/2024","4057","N351FR","TPA","11:00","10:50","-10","0","0","0","0","0"
"F9","11/22/2024","4871","N378FR","MCO","13:10","13:43","33","0","0","0","0","32"
"F9","11/23/2024","1871","N230FR","ATL","15:00","15:00","0","0","0","0","0","0"
"F9","11/23/2024","3237","N642FR","LAS","07:59","08:02","3","0","0","0","0","0"
"F9","11/23/2024","3545","N645FR","SJU","11:12","11:10","-2","0","0","0","0","0"
"F9","11/23/2024","3547","N638FR","SJU","06:00","05:50","-10","0","0","0","0","0"
"F9","11/23/2024","4057","N718FR","TPA","11:00","11:23","23","0","0","0","0","0"
"F9","11/23/2024","4871","N307FR","MCO","13:10","15:10","120","48","0","7","0","72"
"F9","11/24/2024","1871","N363FR","ATL","15:00","15:16","16","0","0","18","0","10"
"F9","11/24/2024","3237","N633FR","LAS","07:59","07:48","-11","0","0","0","0","0"
"F9","11/24/2024","3545","N612FR","SJU","11:12","10:57","-15","0","0","0","0","0"
"F9","11/24/2024","3547","N624FR","SJU","06:00","06:59","59","0","59","2","0","0"
"F9","11/24/2024","4057","N709FR","TPA","11:00","10:58","-2","0","0","0","0","0"
"F9","11/24/2024","4871","N379FR","MCO","13:10","12:58","-12","0","0","0","0","0"
"F9","11/25/2024","1871","N347FR","ATL","15:00","14:49","-11","0","0","0","0","0"
"F9","11/25/2024","3237","N654FR","LAS","07:59","08:13","14","14","0","45","0","0"
"F9","11/25/2024","3545","N612FR","SJU","11:12","11:01","-11","0","0","0","0","0"
"F9","11/25/2024","3547","N396FR","SJU","06:00","05:44","-16","0","0","0","0","0"
"F9","11/25/2024","4057","N709FR","TPA","11:00","10:52","-8","0","0","0","0","0"
"F9","11/25/2024","4871","N307FR","MCO","13:10","13:22","12","0","0","0","0","0"
"F9","11/26/2024","1871","N372FR","ATL","15:00","15:52","52","24","0","6","0","28"
"F9","11/26/2024","3237","N654FR","LAS","07:59","08:04","5","5","0","30","0","0"
"F9","11/26/2024","3545","N624FR","SJU","11:12","11:02","-10","0","0","36","0","0"
"F9","11/26/2024","3547","N393FR","SJU","06:00","05:52","-8","0","0","0","0","0"
"F9","11/26/2024","4057","N653FR","TPA","11:00","11:08","8","0","0","0","0","0"
"F9","11/26/2024","4871","N378FR","MCO","13:10","13:09","-1","0","0","0","0","0"
"F9","11/27/2024","1871","N372FR","ATL","15:00","15:12","12","0","0","0","0","0"
"F9","11/27/2024","3237","N633FR","LAS","07:59","07:56","-3","0","0","36","0","0"
"F9","11/27/2024","3545","N645FR","SJU","11:12","11:17","5","0","0","0","0","0"
"F9","11/27/2024","3547","N394FR","SJU","06:00","05:50","-10","0","0","0","0","0"
"F9","11/27/2024","4057","N706FR","TPA","11:00","10:58","-2","0","0","0","0","0"
"F9","11/27/2024","4871","N323FR","MCO","13:10","14:24","74","0","0","0","0","55"
"F9","11/28/2024","1871","N372FR","ATL","15:00","14:48","-12","0","0","0","0","0"
"F9","11/28/2024","3237","N708FR","LAS","07:59","08:09","10","0","0","0","0","0"
"F9","11/28/2024","3545","N621FR","SJU","11:12","11:05","-7","0","0","0","0","0"
"F9","11/28/2024","3547","N394FR","SJU","06:00","05:50","-10","0","0","0","0","0"
"F9","11/28/2024","4057","N653FR","TPA","11:00","11:04","4","0","0","0","0","0"
"F9","11/28/2024","4871","N324FR","MCO","13:10","12:55","-15","0","0","0","0","0"
"F9","11/29/2024","1871","N372FR","ATL","15:00","14:55","-5","0","0","0","0","0"
"F9","11/29/2024","3237","N651FR","LAS","07:59","08:05","6","6","0","21","0","0"
"F9","11/29/2024","3545","N655FR","SJU","11:12","11:08","-4","0","0","0","0","0"
"F9","11/29/2024","3547","N395FR","SJU","06:00","05:51","-9","0","0","0","0","0"
"F9","11/29/2024","4057","N356FR","TPA","11:00","10:46","-14","0","0","0","0","0"
"F9","11/29/2024","4871","N347FR","MCO","13:10","12:58","-12","0","0","0","0","0"
"F9","11/30/2024","1871","N372FR","ATL","15:00","14:48","-12","0","0","0","0","0"
"F9","11/30/2024","3237","N651FR","LAS","07:59","07:51","-8","0","0","0","0","0"
"F9","11/30/2024","3545","N641FR","SJU","11:12","12:38","86","0","0","102","0","0"
"F9","11/30/2024","3547","N645FR","SJU","06:00","06:30","30","30","0","12","0","0"
"F9","11/30/2024","4057","N638FR","TPA","11:00","10:49","-11","0","0","0","0","0"
"F9","11/30/2024","4871","N364FR","MCO","13:10","13:10","0","0","0","0","0","0"
"F9","12/01/2024","1871","N342FR","ATL","15:00","15:31","31","0","0","0","0","0"
"F9","12/01/2024","3237","N654FR","LAS","07:59","08:07","8","0","0","0","0","0"
"F9","12/01/2024","3545","N655FR","SJU","11:12","11:16","4","0","0","0","0","0"
"F9","12/01/2024","3547","N614FR","SJU","06:00","06:22","22","18","0","0","0","0"
"F9","12/01/2024","4057","N612FR","TPA","11:00","10:57","-3","0","0","0","0","0"
"F9","12/01/2024","4871","N347FR","MCO","13:10","13:05","-5","0","0","0","0","0"
"F9","12/02/2024","1871","N323FR","ATL","15:00","19:35","275","275","0","14","0","0"
"F9","12/02/2024","3237","N654FR","LAS","07:59","08:11","12","0","0","0","0","0"
"F9","12/02/2024","3545","N655FR","SJU","11:12","11:07","-5","0","0","0","0","0"
"F9","12/02/2024","3547","N396FR","SJU","06:00","05:55","-5","0","0","0","0","0"
"F9","12/02/2024","4057","N612FR","TPA","11:00","10:59","-1","0","0","0","0","0"
"F9","12/02/2024","4871","N364FR","MCO","13:10","14:26","76","0","0","0","0","57"
"F9","12/03/2024","1871","N626FR","ATL","11:00","11:07","7","0","0","0","0","0"
"F9","12/03/2024","3237","N637FR","LAS","07:59","08:15","16","0","0","0","0","0"
"F9","12/03/2024","3545","N650FR","SJU","13:14","13:02","-12","0","0","0","0","0"
"F9","12/03/2024","3547","N395FR","SJU","06:00","08:57","177","177","0","16","0","0"
"F9","12/03/2024","4057","N635FR","TPA","11:19","11:11","-8","0","0","0","0","0"
"F9","12/03/2024","4871","N347FR","MCO","15:00","14:47","-13","0","0","0","0","0"
"F9","12/04/2024","1871","N353FR","ATL","11:00","10:56","-4","0","0","0","0","0"
"F9","12/04/2024","3237","N626FR","LAS","07:59","08:01","2","0","0","0","0","0"
"F9","12/04/2024","3545","N650FR","SJU","13:14","14:44","90","69","0","0","0","0"
"F9","12/04/2024","3547","N641FR","SJU","06:00","06:08","8","0","8","8","0","0"
"F9","12/04/2024","4057","N648FR","TPA","11:19","11:28","9","0","0","0","0","0"
"F9","12/04/2024","4871","N611FR","MCO","15:00","15:15","15","0","0","0","0","0"
"F9","12/05/2024","1871","N377FR","ATL","11:00","11:20","20","3","0","1","0","17"
"F9","12/05/2024","3237","N637FR","LAS","07:59","08:18","19","0","0","0","0","0"
"F9","12/05/2024","3545","N604FR","SJU","13:14","13:09","-5","0","0","0","0","0"
"F9","12/05/2024","3547","N605FR","SJU","06:00","05:57","-3","0","0","0","0","0"
"F9","12/05/2024","4057","N638FR","TPA","11:19","11:15","-4","0","0","0","0","0"
"F9","12/05/2024","4871","N655FR","MCO","15:00","14:51","-9","0","0","0","0","0"
"F9","12/06/2024","1871","N236FR","ATL","11:00","10:57","-3","0","0","0","0","0"
"F9","12/06/2024","3237","N637FR","LAS","07:59","08:05","6","0","0","0","0","0"
"F9","12/06/2024","3545","N650FR","SJU","13:14","14:12","58","58","0","4","0","0"
"F9","12/06/2024","3547","N651FR","SJU","06:00","05:52","-8","0","0","0","0","0"
"F9","12/06/2024","4057","N638FR","TPA","11:19","11:12","-7","0","0","0","0","0"
"F9","12/06/2024","4871","N645FR","MCO","15:00","15:19","19","0","0","0","0","0"
"F9","12/07/2024","1871","N353FR","ATL","11:00","11:16","16","0","0","0","0","0"
"F9","12/07/2024","3237","N626FR","LAS","07:59","08:29","30","0","0","0","0","0"
"F9","12/07/2024","3545","N641FR","SJU","13:14","13:15","1","0","0","0","0","0"
"F9","12/07/2024","3547","N636FR","SJU","06:00","06:43","43","31","0","0","0","0"
"F9","12/07/2024","4057","N653FR","TPA","11:19","11:23","4","0","0","0","0","0"
"F9","12/07/2024","4871","N706FR","MCO","15:00","14:56","-4","0","0","0","0","0"
"F9","12/08/2024","1871","N341FR","ATL","11:00","10:58","-2","0","0","0","0","0"
"F9","12/08/2024","3237","N626FR","LAS","07:59","08:07","8","0","0","0","0","0"
"F9","12/08/2024","3545","N604FR","SJU","13:14","13:25","11","0","0","0","0","0"
"F9","12/08/2024","3547","N651FR","SJU","06:00","06:01","1","0","0","0","0","0"
"F9","12/08/2024","4057","N650FR","TPA","11:19","12:11","52","0","0","0","0","32"
"F9","12/08/2024","4871","N612FR","MCO","15:00","15:07","7","0","0","0","0","0"
"F9","12/09/2024","1871","N324FR","ATL","11:00","10:49","-11","0","0","0","0","0"
"F9","12/09/2024","3237","N619FR","LAS","07:59","07:50","-9","0","0","0","0","0"
"F9","12/09/2024","3545","N651FR","SJU","13:14","13:11","-3","0","0","0","0","0"
"F9","12/09/2024","3547","N641FR","SJU","06:00","05:51","-9","0","0","0","0","0"
"F9","12/09/2024","4057","N657FR","TPA","11:19","11:15","-4","0","0","0","0","0"
"F9","12/09/2024","4871","N614FR","MCO","15:00","15:03","3","0","0","0","0","0"
"F9","12/10/2024","1871","N372FR","ATL","11:00","10:52","-8","0","0","0","0","0"
"F9","12/10/2024","3237","N626FR","LAS","07:59","07:50","-9","0","0","0","0","0"
"F9","12/10/2024","3545","N611FR","SJU","13:14","13:04","-10","0","0","0","0","0"
"F9","12/10/2024","3547","N636FR","SJU","06:00","05:50","-10","0","0","0","0","0"
"F9","12/10/2024","4057","N657FR","TPA","11:19","11:10","-9","0","0","0","0","0"
"F9","12/10/2024","4871","N625FR","MCO","15:00","15:43","43","37","0","3","0","6"
"F9","12/11/2024","1871","N393FR","ATL","11:00","11:11","11","0","0","4","0","11"
"F9","12/11/2024","3237","N644FR","LAS","07:59","08:24","25","25","0","7","0","0"
"F9","12/11/2024","3545","N641FR","SJU","13:14","13:20","6","0","0","0","0","0"
"F9","12/11/2024","3547","N639FR","SJU","06:00","06:25","25","0","0","0","0","0"
"F9","12/11/2024","4057","N616FR","TPA","11:19","11:33","14","0","0","23","0","14"
"F9","12/11/2024","4871","N630FR","MCO","15:00","15:05","5","0","0","0","0","0"
"F9","12/12/2024","1871","N324FR","ATL","11:00","10:58","-2","0","0","0","0","0"
"F9","12/12/2024","3237","N644FR","LAS","07:59","07:59","0","0","0","21","0","0"
"F9","12/12/2024","3545","N604FR","SJU","13:14","13:01","-13","0","0","0","0","0"
"F9","12/12/2024","3547","N650FR","SJU","06:00","06:03","3","0","0","0","0","0"
"F9","12/12/2024","4057","N616FR","TPA","11:19","11:06","-13","0","0","0","0","0"
"F9","12/12/2024","4871","N642FR","MCO","15:00","15:28","28","0","0","14","0","28"
"F9","12/13/2024","1871","N322FR","ATL","11:00","10:49","-11","0","0","0","0","0"
"F9","12/13/2024","3237","N626FR","LAS","07:59","07:56","-3","0","0","0","0","0"
"F9","12/13/2024","3545","N630FR","SJU","13:14","13:06","-8","0","0","0","0","0"
"F9","12/13/2024","3547","N636FR","SJU","06:00","06:02","2","0","0","0","0","0"
"F9","12/13/2024","4057","N646FR","TPA","11:19","11:11","-8","0","0","0","0","0"
"F9","12/13/2024","4871","N604FR","MCO","15:00","14:59","-1","0","0","0","0","0"
"F9","12/14/2024","1871","N344FR","ATL","11:00","10:53","-7","0","0","0","0","0"
"F9","12/14/2024","3237","N637FR","LAS","07:59","08:00","1","0","0","0","0","0"
"F9","12/14/2024","3545","N651FR","SJU","13:14","13:11","-3","0","0","0","0","0"
"F9","12/14/2024","3547","N630FR","SJU","06:00","05:56","-4","0","0","0","0","0"
"F9","12/14/2024","4057","N624FR","TPA","11:19","11:20","1","0","0","0","0","0"
"F9","12/14/2024","4871","N650FR","MCO","15:00","15:18","18","0","0","0","0","0"
"F9","12/15/2024","1871","N346FR","ATL","11:00","10:46","-14","0","0","0","0","0"
"F9","12/15/2024","3237","N637FR","LAS","07:59","07:56","-3","0","0","0","0","0"
"F9","12/15/2024","3545","N646FR","SJU","13:14","13:11","-3","0","0","0","0","0"
"F9","12/15/2024","3547","N610FR","SJU","06:00","06:06","6","0","0","0","0","0"
"F9","12/15/2024","4057","N644FR","TPA","11:19","11:16","-3","0","0","0","0","0"
"F9","12/15/2024","4871","N638FR","MCO","15:00","15:03","3","0","0","0","0","0"
"F9","12/16/2024","1871","N374FR","ATL","11:00","11:02","2","0","0","0","0","0"
"F9","12/16/2024","3237","N615FR","LAS","07:59","08:28","29","0","0","0","0","0"
"F9","12/16/2024","3545","N657FR","SJU","13:14","18:13","299","299","0","8","0","0"
"F9","12/16/2024","3547","N616FR","SJU","06:00","06:40","40","0","21","0","0","0"
"F9","12/16/2024","4057","N633FR","TPA","11:19","11:20","1","0","0","0","0","0"
"F9","12/16/2024","4871","N649FR","MCO","15:00","14:56","-4","0","0","15","0","0"
"F9","12/17/2024","1871","N339FR","ATL","11:00","10:50","-10","0","0","0","0","0"
"F9","12/17/2024","3237","N637FR","LAS","07:59","08:05","6","0","0","0","0","0"
"F9","12/17/2024","3545","N616FR","SJU","11:23","11:34","11","11","0","12","0","0"
"F9","12/17/2024","3547","N646FR","SJU","06:00","06:09","9","0","0","0","0","0"
"F9","12/17/2024","4057","N326FR","TPA","10:00","09:49","-11","0","0","0","0","0"
"F9","12/17/2024","4871","N636FR","MCO","15:00","15:38","38","0","0","0","0","32"
"F9","12/18/2024","1871","N391FR","ATL","11:00","11:14","14","0","0","0","0","0"
"F9","12/18/2024","3237","N639FR","LAS","07:59","08:13","14","0","0","0","0","0"
"F9","12/18/2024","3545","N630FR","SJU","11:23","11:22","-1","0","0","0","0","0"
"F9","12/18/2024","3547","N621FR","SJU","06:00","06:10","10","0","0","0","0","0"
"F9","12/18/2024","4057","N655FR","TPA","10:03","09:52","-11","0","0","0","0","0"
"F9","12/18/2024","4871","N711FR","MCO","15:00","14:58","-2","0","0","0","0","0"
"F9","12/19/2024","1871","N644FR","ATL","11:00","11:24","24","0","0","0","0","0"
"F9","12/19/2024","3237","N639FR","LAS","07:59","07:58","-1","0","0","0","0","0"
"F9","12/19/2024","3545","N657FR","SJU","11:23","11:19","-4","0","0","0","0","0"
"F9","12/19/2024","3547","N634FR","SJU","06:00","06:24","24","24","0","25","0","0"
"F9","12/19/2024","4057","N343FR","TPA","10:03","09:51","-12","0","0","0","0","0"
"F9","12/19/2024","4871","N718FR","MCO","15:00","15:10","10","0","0","0","0","0"
"F9","12/20/2024","1871","N604FR","ATL","11:00","11:35","35","32","0","0","0","0"
"F9","12/20/2024","3237","N606FR","LAS","07:59","07:59","0","0","0","0","0","0"
"F9","12/20/2024","3545","N630FR","SJU","11:23","12:46","83","63","0","15","0","20"
"F9","12/20/2024","3547","N396FR","SJU","06:00","06:23","23","0","23","55","0","0"
"F9","12/20/2024","4057","N343FR","TPA","10:00","09:49","-11","0","0","0","0","0"
"F9","12/20/2024","4871","N633FR","MCO","15:00","15:00","0","0","0","0","0","0"
"F9","12/21/2024","1871","N609FR","ATL","11:00","12:21","81","21","0","22","0","60"
"F9","12/21/2024","3237","N640FR","LAS","07:59","08:20","21","21","0","18","0","0"
"F9","12/21/2024","3545","N634FR","SJU","11:23","11:32","9","9","0","36","0","0"
"F9","12/21/2024","3547","N396FR","SJU","06:00","06:00","0","0","0","47","0","0"
"F9","12/21/2024","4057","N719FR","TPA","10:03","10:26","23","16","0","15","0","7"
"F9","12/21/2024","4871","N713FR","MCO","15:00","15:52","52","52","0","8","0","0"
"F9","12/22/2024","1871","N655FR","ATL","11:00","11:21","21","0","0","0","0","0"
"F9","12/22/2024","3237","N606FR","LAS","07:59","08:14","15","0","0","0","0","0"
"F9","12/22/2024","3545","N652FR","SJU","11:23","12:06","43","0","0","28","0","15"
"F9","12/22/2024","3547","N619FR","SJU","06:00","06:15","15","15","0","4","0","0"
"F9","12/22/2024","4057","N706FR","TPA","10:03","09:54","-9","0","0","0","0","0"
"F9","12/22/2024","4871","N375FR","MCO","15:00","14:59","-1","0","0","0","0","0"
"F9","12/23/2024","1871","N609FR","ATL","11:00","10:59","-1","0","0","0","0","0"
"F9","12/23/2024","3237","N621FR","LAS","07:59","08:05","6","0","0","0","0","0"
"F9","12/23/2024","3545","N652FR","SJU","11:23","11:46","23","23","0","5","0","0"
"F9","12/23/2024","3547","N396FR","SJU","06:00","05:54","-6","0","0","0","0","0"
"F9","12/23/2024","4057","N343FR","TPA","10:00","09:51","-9","0","0","0","0","0"
"F9","12/23/2024","4871","N341FR","MCO","15:00","15:00","0","0","0","0","0","0"
"F9","12/24/2024","1871","N359FR","ATL","11:00","12:51","111","0","0","0","0","93"
"F9","12/24/2024","3237","N621FR","LAS","07:59","08:46","47","45","0","10","0","2"
"F9","12/24/2024","3545","N648FR","SJU","11:23","11:59","36","20","0","10","0","16"
"F9","12/24/2024","3547","N396FR","SJU","06:00","06:05","5","0","0","0","0","0"
"F9","12/24/2024","4057","N353FR","TPA","10:00","09:58","-2","0","0","24","0","0"
"F9","12/24/2024","4871","N712FR","MCO","15:00","15:05","5","0","0","0","0","0"
"F9","12/25/2024","1871","N344FR","ATL","11:00","10:53","-7","0","0","0","0","0"
"F9","12/25/2024","3237","N646FR","LAS","07:59","07:57","-2","0","0","0","0","0"
"F9","12/25/2024","3545","N652FR","SJU","11:23","11:32","9","0","0","0","0","0"
"F9","12/25/2024","3547","N616FR","SJU","06:00","05:56","-4","0","0","0","0","0"
"F9","12/25/2024","4057","N622FR","TPA","10:03","10:07","4","0","0","0","0","0"
"F9","12/25/2024","4871","N712FR","MCO","15:00","14:55","-5","0","0","0","0","0"
"F9","12/26/2024","1871","N625FR","ATL","11:00","11:15","15","0","0","7","0","15"
"F9","12/26/2024","3237","N611FR","LAS","07:59","08:31","32","0","0","0","0","0"
"F9","12/26/2024","3545","N648FR","SJU","11:23","13:46","143","8","0","0","0","125"
"F9","12/26/2024","3547","N641FR","SJU","06:00","06:03","3","0","0","0","0","0"
"F9","12/26/2024","4057","N622FR","TPA","10:03","10:04","1","1","0","21","0","0"
"F9","12/26/2024","4871","N715FR","MCO","15:00","15:26","26","0","0","0","0","0"
"F9","12/27/2024","1871","N710FR","ATL","11:00","11:26","26","0","0","0","0","0"
"F9","12/27/2024","3237","N619FR","LAS","07:59","11:03","184","145","0","0","0","0"
"F9","12/27/2024","3545","N616FR","SJU","11:23","12:13","50","50","0","24","0","0"
"F9","12/27/2024","3547","N394FR","SJU","06:00","05:50","-10","0","0","0","0","0"
"F9","12/27/2024","4057","N233FR","TPA","10:00","12:11","131","0","0","0","0","111"
"F9","12/27/2024","4871","N630FR","MCO","15:00","16:45","105","22","0","29","0","83"
"F9","12/28/2024","1871","N720FR","ATL","11:00","11:07","7","0","0","0","0","0"
"F9","12/28/2024","3237","N651FR","LAS","07:59","09:23","84","9","0","0","0","48"
"F9","12/28/2024","3545","N640FR","SJU","11:23","11:47","24","7","0","4","0","17"
"F9","12/28/2024","3547","N394FR","SJU","06:00","05:53","-7","0","0","0","0","0"
"F9","12/28/2024","4057","N653FR","TPA","10:03","10:15","12","6","0","25","0","6"
"F9","12/28/2024","4871","N652FR","MCO","15:00","15:31","31","6","0","0","0","18"
"F9","12/29/2024","1871","N625FR","ATL","11:00","14:11","191","100","0","0","0","91"
"F9","12/29/2024","3237","N603FR","LAS","07:59","08:10","11","0","0","0","0","0"
"F9","12/29/2024","3545","N634FR","SJU","11:23","11:43","20","0","0","0","0","0"
"F9","12/29/2024","3547","N642FR","SJU","06:00","06:03","3","0","0","0","0","0"
"F9","12/29/2024","4057","N622FR","TPA","10:03","10:06","3","0","0","0","0","0"
"F9","12/29/2024","4871","N611FR","MCO","15:00","16:21","81","59","0","69","0","22"
"F9","12/30/2024","1871","N638FR","ATL","11:00","11:08","8","0","0","21","0","8"
"F9","12/30/2024","3237","N621FR","LAS","07:59","07:59","0","0","0","0","0","0"
"F9","12/30/2024","3545","N648FR","SJU","11:23","11:42","19","0","0","0","0","0"
"F9","12/30/2024","3547","N395FR","SJU","06:00","05:50","-10","0","0","0","0","0"
"F9","12/30/2024","4057","N360FR","TPA","10:00","09:48","-12","0","0","0","0","0"
"F9","12/30/2024","4871","N390FR","MCO","15:00","14:50","-10","0","0","0","0","0"
"F9","12/31/2024","1871","N322FR","ATL","11:00","12:30","90","72","0","1","0","18"
"F9","12/31/2024","3237","N621FR","LAS","07:59","09:08","69","0","0","0","0","49"
"F9","12/31/2024","3545","N609FR","SJU","11:23","12:19","56","2","0","0","0","35"
"F9","12/31/2024","3547","N396FR","SJU","06:00","05:51","-9","0","0","0","0","0"
"F9","12/31/2024","4057","N353FR","TPA","10:00","10:45","45","25","0","0","0","0"
"F9","12/31/2024","4871","N635FR","MCO","15:00","14:57","-3","0","0","0","0","0"