"STATION","NAME","DATE","AWND","PGTM","PRCP","SNOW","SNWD","TAVG","TMAX","TMIN","WDF2","WDF5","WSF2","WSF5","WT01","WT02","WT03","WT05","WT08"
"USW00013874","ATLANTA HARTSFIELD JACKSON INTERNATIONAL AIRPORT, GA US","2024-01-01","10.96",,"0.00","0.0","0.0","45","50","34","  310","  320","23.0","30.0",,,,,
"USW00013874","ATLANTA HARTSFIELD JACKSON INTERNATIONAL AIRPORT, GA US","2024-01-02","6.04",,"0.00","0.0","0.0","39","54","30","  280","  320","13.0","17.0",,,,,
"USW00013874","ATLANTA HARTSFIELD JACKSON INTERNATIONAL AIRPORT, GA US","2024-01-03","5.14",,"0.03","0.0","0.0","39","47","31","  290","  310","8.9","12.1",,,,,
"USW00013874","ATLANTA HARTSFIELD JACKSON INTERNATIONAL AIRPORT, GA US","2024-01-04","9.62",,"0.00","0.0","0.0","41","53","34","  320","  320","17.0","23.0",,,,,
"USW00013874","ATLANTA HARTSFIELD JACKSON INTERNATIONAL AIRPORT, GA US","2024-01-05","11.18",,"0.17","0.0","0.0","40","53","32","   90","   80","18.1","25.9","    1",,,,
"USW00013874","ATLANTA HARTSFIELD JACKSON INTERNATIONAL AIRPORT, GA US","2024-01-06","9.40",,"0.70","0.0","0.0","44","51","39","   80","   80","23.9","31.1","    1",,,,
"USW00013874","ATLANTA HARTSFIELD JACKSON INTERNATIONAL AIRPORT, GA US","2024-01-07","10.51",,"0.00","0.0","0.0","46","51","36","  310","  280","23.0","35.1",,,,,
"USW00013874","ATLANTA HARTSFIELD JACKSON INTERNATIONAL AIRPORT, GA US","2024-01-08","12.53",,"0.44","0.0","0.0","41","52","33","  120","  130","21.9","35.1","    1",,,,
"USW00013874","ATLANTA HARTSFIELD JACKSON INTERNATIONAL AIRPORT, GA US","2024-01-09","14.76",,"2.75","0.0","0.0","48","54","40","  280","  280","30.0","45.0","    1",,"    1",,
"USW00013874","ATLANTA HARTSFIELD JACKSON INTERNATIONAL AIRPORT, GA US","2024-01-10","10.74",,"0.00","0.0","0.0","43","51","37","  270","  290","29.1","38.0",,,,,
"USW00013874","ATLANTA HARTSFIELD JACKSON INTERNATIONAL AIRPORT, GA US","2024-01-11","5.82",,"0.00","0.0","0.0","45","62","35","  280","  300","15.0","21.0",,,,,
"USW00013874","ATLANTA HARTSFIELD JACKSON INTERNATIONAL AIRPORT, GA US","2024-01-12","9.17",,"0.22","0.0","0.0","47","56","42","  110","  110","21.9","32.0","    1",,"    1",,
"USW00013874","ATLANTA HARTSFIELD JACKSON INTERNATIONAL AIRPORT, GA US","2024-01-13","11.41",,"0.00","0.0","0.0","42","50","31","  280","  280","23.0","36.0",,,,,
"USW00013874","ATLANTA HARTSFIELD JACKSON INTERNATIONAL AIRPORT, GA US","2024-01-14","6.93",,"0.00","0.0","0.0","41","58","30","  280","  300","18.1","27.1",,,,,
"USW00013874","ATLANTA HARTSFIELD JACKSON INTERNATIONAL AIRPORT, GA US","2024-01-15","4.70",,"0.00","0.0","0.0","49","61","42","  310","  210","13.0","19.0",,,,,
"USW00013874","ATLANTA HARTSFIELD JACKSON INTERNATIONAL AIRPORT, GA US","2024-01-16","15.66",,"0.40","0.0","0.0","38","46","18","  310","  350","28.0","36.0","    1",,,,
"USW00013874","ATLANTA HARTSFIELD JACKSON INTERNATIONAL AIRPORT, GA US","2024-01-17","8.50",,"0.00","0.0","0.0","23","39","13","  310","  310","18.1","23.0",,,,,
"USW00013874","ATLANTA HARTSFIELD JACKSON INTERNATIONAL AIRPORT, GA US","2024-01-18","5.82",,"0.00","0.0","0.0","35","51","24","  190","  210","15.0","21.9",,,,,
"USW00013874","ATLANTA HARTSFIELD JACKSON INTERNATIONAL AIRPORT, GA US","2024-01-19","16.55",,"0.02","0.0","0.0","44","48","27","  310","  310","31.1","47.0","    1",,,,
"USW00013874","ATLANTA HARTSFIELD JACKSON INTERNATIONAL AIRPORT, GA US","2024-01-20","15.66",,"0.00","0.0","0.0","26","32","17","  340","  330","21.0","31.1",,,,,
"USW00013874","ATLANTA HARTSFIELD JACKSON INTERNATIONAL AIRPORT, GA US","2024-01-21","4.70",,"0.00","0.0","0.0","24","41","14","  340","  350","14.1","19.0",,,,,
"USW00013874","ATLANTA HARTSFIELD JACKSON INTERNATIONAL AIRPORT, GA US","2024-01-22","9.17",,"0.00","0.0","0.0","36","50","27","   70","  100","14.1","19.0",,,,,
"USW00013874","ATLANTA HARTSFIELD JACKSON INTERNATIONAL AIRPORT, GA US","2024-01-23","10.07",,"0.05","0.0","0.0","45","52","41","   90","   40","15.0","23.0","    1",,,,"    1"
"USW00013874","ATLANTA HARTSFIELD JACKSON INTERNATIONAL AIRPORT, GA US","2024-01-24","7.61",,"0.09","0.0","0.0","53","63","48","  100","  120","13.0","19.0","    1","    1",,,
"USW00013874","ATLANTA HARTSFIELD JACKSON INTERNATIONAL AIRPORT, GA US","2024-01-25","7.83",,"1.10","0.0","0.0","65","72","61","  290","  280","25.1","36.9","    1","    1","    1",,
"USW00013874","ATLANTA HARTSFIELD JACKSON INTERNATIONAL AIRPORT, GA US","2024-01-26","3.13",,"0.00","0.0","0.0","63","69","60","  220","  230","8.9","12.1","    1",,,,
"USW00013874","ATLANTA HARTSFIELD JACKSON INTERNATIONAL AIRPORT, GA US","2024-01-27","8.05",,"0.46","0.0","0.0","62","66","57","  160","  140","23.9","38.0","    1",,,,
"USW00013874","ATLANTA HARTSFIELD JACKSON INTERNATIONAL AIRPORT, GA US","2024-01-28","17.22",,"0.00","0.0","0.0","51","56","44","  280","  300","28.0","36.0",,,,,
"USW00013874","ATLANTA HARTSFIELD JACKSON INTERNATIONAL AIRPORT, GA US","2024-01-29","14.32",,"0.00","0.0","0.0","46","54","39","  320","  320","23.0","31.1",,,,,
"USW00013874","ATLANTA HARTSFIELD JACKSON INTERNATIONAL AIRPORT, GA US","2024-01-30","6.71",,"0.00","0.0","0.0","44","61","33","  230","  230","13.0","21.9",,,,,
"USW00013874","ATLANTA HARTSFIELD JACKSON INTERNATIONAL AIRPORT, GA US","2024-01-31","11.86",,"0.00","0.0","0.0","50","56","40","  360","  340","19.9","31.1",,,,,
"USW00013874","ATLANTA HARTSFIELD JACKSON INTERNATIONAL AIRPORT, GA US","2024-02-01","6.04",,"0.00","0.0","0.0","45","63","33","  290","  300","10.1","14.1",,,,,
"USW00013874","ATLANTA HARTSFIELD JACKSON INTERNATIONAL AIRPORT, GA US","2024-02-02","7.61",,"0.00","0.0","0.0","53","70","41","  350","  340","15.0","23.0",,,,,
"USW00013874","ATLANTA HARTSFIELD JACKSON INTERNATIONAL AIRPORT, GA US","2024-02-03","11.41",,"0.00","0.0","0.0","53","62","46","   70","   80","23.0","30.0",,,,,
"USW00013874","ATLANTA HARTSFIELD JACKSON INTERNATIONAL AIRPORT, GA US","2024-02-04","19.91",,"0.51","0.0","0.0","47","50","42","   60","   60","35.1","48.1","    1",,,,
"USW00013874","ATLANTA HARTSFIELD JACKSON INTERNATIONAL AIRPORT, GA US","2024-02-05","12.30",,"0.07","0.0","0.0","47","59","42","   80","   70","29.1","40.9","    1",,,,
"USW00013874","ATLANTA HARTSFIELD JACKSON INTERNATIONAL AIRPORT, GA US","2024-02-06","5.14",,"0.00","0.0","0.0","51","65","40","   90","   10","14.1","19.0",,,,,
"USW00013874","ATLANTA HARTSFIELD JACKSON INTERNATIONAL AIRPORT, GA US","2024-02-07","5.14",,"0.00","0.0","0.0","48","59","37","  100","  100","16.1","21.9",,,,,
"USW00013874","ATLANTA HARTSFIELD JACKSON INTERNATIONAL AIRPORT, GA US","2024-02-08","5.82",,"0.00","0.0","0.0","48","56","39","  130","  140","13.0","17.0",,,,,
"USW00013874","ATLANTA HARTSFIELD JACKSON INTERNATIONAL AIRPORT, GA US","2024-02-09","4.47",,"0.00","0.0","0.0","53","63","47","  190","  220","10.1","14.1",,,,,
"USW00013874","ATLANTA HARTSFIELD JACKSON INTERNATIONAL AIRPORT, GA US","2024-02-10","5.59",,"0.06","0.0","0.0","60","66","56","  180","  170","13.0","23.9","    1",,,,"    1"
"USW00013874","ATLANTA HARTSFIELD JACKSON INTERNATIONAL AIRPORT, GA US","2024-02-11","6.93",,"0.59","0.0","0.0","62","68","60","  190","  190","15.0","21.9","    1",,"    1",,
"USW00013874","ATLANTA HARTSFIELD JACKSON INTERNATIONAL AIRPORT, GA US","2024-02-12","10.74",,"2.25","0.0","0.0","60","61","49","  290","  290","29.1","46.1","    1",,"    1",,
"USW00013874","ATLANTA HARTSFIELD JACKSON INTERNATIONAL AIRPORT, GA US","2024-02-13","14.54",,"0.00","0.0","0.0","49","57","41","  280","  280","29.1","42.1",,,,,
"USW00013874","ATLANTA HARTSFIELD JACKSON INTERNATIONAL AIRPORT, GA US","2024-02-14","5.37",,"0.00","0.0","0.0","49","66","37","  350","  350","12.1","16.1",,,,,
"USW00013874","ATLANTA HARTSFIELD JACKSON INTERNATIONAL AIRPORT, GA US","2024-02-15","5.37",,"0.00","0.0","0.0","54","69","41","  270","  260","15.0","21.9",,,,,
"USW00013874","ATLANTA HARTSFIELD JACKSON INTERNATIONAL AIRPORT, GA US","2024-02-16","6.49",,"0.00","0.0","0.0","58","65","50","  190","  190","16.1","23.0",,,,,
"USW00013874","ATLANTA HARTSFIELD JACKSON INTERNATIONAL AIRPORT, GA US","2024-02-17","15.88",,"0.01","0.0","0.0","50","57","36","  330","  320","23.9","36.0",,,,,
"USW00013874","ATLANTA HARTSFIELD JACKSON INTERNATIONAL AIRPORT, GA US","2024-02-18","8.05",,"0.00","0.0","0.0","39","53","31","  330","  340","16.1","21.9",,,,,
"USW00013874","ATLANTA HARTSFIELD JACKSON INTERNATIONAL AIRPORT, GA US","2024-02-19","6.71",,"0.00","0.0","0.0","47","62","39","  320","  330","17.0","23.0",,,,,
"USW00013874","ATLANTA HARTSFIELD JACKSON INTERNATIONAL AIRPORT, GA US","2024-02-20","2.46",,"0.00","0.0","0.0","49","62","37","  160","   40","6.9","10.1",,,,,
"USW00013874","ATLANTA HARTSFIELD JACKSON INTERNATIONAL AIRPORT, GA US","2024-02-21","4.47",,"0.00","0.0","0.0","51","66","38","  180","  200","10.1","15.0",,,,,
"USW00013874","ATLANTA HARTSFIELD JACKSON INTERNATIONAL AIRPORT, GA US","2024-02-22","8.72",,"0.00","0.0","0.0","56","70","44","  220","  200","21.9","33.1",,,,,
"USW00013874","ATLANTA HARTSFIELD JACKSON INTERNATIONAL AIRPORT, GA US","2024-02-23","13.87",,"0.18","0.0","0.0","62","68","54","  310","  310","25.9","38.0","    1",,,,"    1"
"USW00013874","ATLANTA HARTSFIELD JACKSON INTERNATIONAL AIRPORT, GA US","2024-02-24","13.42",,"0.00","0.0","0.0","55","66","43","  320","  310","31.1","45.0",,,,,
"USW00013874","ATLANTA HARTSFIELD JACKSON INTERNATIONAL AIRPORT, GA US","2024-02-25","4.92",,"0.00","0.0","0.0","49","64","34","  220","  200","10.1","14.1",,,,,
"USW00013874","ATLANTA HARTSFIELD JACKSON INTERNATIONAL AIRPORT, GA US","2024-02-26","8.50",,"0.00","0.0","0.0","58","73","44","  220","  220","16.1","25.1",,,,,
"USW00013874","ATLANTA HARTSFIELD JACKSON INTERNATIONAL AIRPORT, GA US","2024-02-27","11.63",,"0.00","0.0","0.0","64","73","56","  200","  180","21.0","40.9",,,,,
"USW00013874","ATLANTA HARTSFIELD JACKSON INTERNATIONAL AIRPORT, GA US","2024-02-28","17.90",,"0.22","0.0","0.0","68","75","44","  300","  300","36.9","55.9","    1",,"    1",,
"USW00013874","ATLANTA HARTSFIELD JACKSON INTERNATIONAL AIRPORT, GA US","2024-02-29","9.17",,"0.00","0.0","0.0","46","53","38","  340","  340","16.1","21.9",,,,,
"USW00013874","ATLANTA HARTSFIELD JACKSON INTERNATIONAL AIRPORT, GA US","2024-03-01","13.65",,"1.11","0.0","0.0","45","49","40","   90","   80","21.0","30.0","    1",,,,
"USW00013874","ATLANTA HARTSFIELD JACKSON INTERNATIONAL AIRPORT, GA US","2024-03-02","4.47",,"0.00","0.0","0.0","48","62","42","   90","   30","12.1","17.0","    1","    1",,,"    1"
"USW00013874","ATLANTA HARTSFIELD JACKSON INTERNATIONAL AIRPORT, GA US","2024-03-03","4.92",,"0.00","0.0","0.0","57","70","49","  150","   70","10.1","16.1","    1","    1",,,
"USW00013874","ATLANTA HARTSFIELD JACKSON INTERNATIONAL AIRPORT, GA US","2024-03-04","6.26",,"0.00","0.0","0.0","60","63","57","   90","   20","10.1","19.9","    1","    1",,,
"USW00013874","ATLANTA HARTSFIELD JACKSON INTERNATIONAL AIRPORT, GA US","2024-03-05","8.50",,"1.02","0.0","0.0","58","61","55","   90","   90","18.1","25.1","    1",,,,"    1"
"USW00013874","ATLANTA HARTSFIELD JACKSON INTERNATIONAL AIRPORT, GA US","2024-03-06","7.61",,"2.36","0.0","0.0","60","65","56","  320","  310","17.0","23.0","    1",,"    1",,"    1"
"USW00013874","ATLANTA HARTSFIELD JACKSON INTERNATIONAL AIRPORT, GA US","2024-03-07","5.82",,"0.00","0.0","0.0","62","76","53","  310","  280","13.0","27.1",,,,,
"USW00013874","ATLANTA HARTSFIELD JACKSON INTERNATIONAL AIRPORT, GA US","2024-03-08","11.41",,"1.45","0.0","0.0","63","66","59","   90","   60","23.9","31.1","    1",,,,
"USW00013874","ATLANTA HARTSFIELD JACKSON INTERNATIONAL AIRPORT, GA US","2024-03-09","11.18",,"0.65","0.0","0.0","61","69","52","  310","  300","25.9","36.9","    1","    1",,,
"USW00013874","ATLANTA HARTSFIELD JACKSON INTERNATIONAL AIRPORT, GA US","2024-03-10","17.45",,"0.00","0.0","0.0","53","61","43","  310","  290","25.9","38.0",,,,,
"USW00013874","ATLANTA HARTSFIELD JACKSON INTERNATIONAL AIRPORT, GA US","2024-03-11","6.71",,"0.00","0.0","0.0","51","67","38","  340","  340","15.0","28.0",,,,,
"USW00013874","ATLANTA HARTSFIELD JACKSON INTERNATIONAL AIRPORT, GA US","2024-03-12","5.82",,"0.00","0.0","0.0","57","74","44","  290","  270","13.0","17.0",,,,,
"USW00013874","ATLANTA HARTSFIELD JACKSON INTERNATIONAL AIRPORT, GA US","2024-03-13","4.03",,"0.00","0.0","0.0","61","75","47","  250","  250","15.0","21.0",,,,,
"USW00013874","ATLANTA HARTSFIELD JACKSON INTERNATIONAL AIRPORT, GA US","2024-03-14","4.70",,"0.00","0.0","0.0","66","81","52","  210","  190","14.1","18.1",,,,,"    1"
"USW00013874","ATLANTA HARTSFIELD JACKSON INTERNATIONAL AIRPORT, GA US","2024-03-15","8.50",,"0.36","0.0","0.0","67","72","61","  260","  240","15.0","21.9","    1",,"    1",,
"USW00013874","ATLANTA HARTSFIELD JACKSON INTERNATIONAL AIRPORT, GA US","2024-03-16","8.05",,"0.00","0.0","0.0","65","75","57","  290","  270","16.1","25.1","    1",,,,
"USW00013874","ATLANTA HARTSFIELD JACKSON INTERNATIONAL AIRPORT, GA US","2024-03-17","8.05",,"0.02","0.0","0.0","60","67","53","  230","  220","16.1","21.9","    1",,,,
"USW00013874","ATLANTA HARTSFIELD JACKSON INTERNATIONAL AIRPORT, GA US","2024-03-18","14.09",,"0.00","0.0","0.0","54","61","40","  310","  290","29.1","38.9",,,,,
"USW00013874","ATLANTA HARTSFIELD JACKSON INTERNATIONAL AIRPORT, GA US","2024-03-19","10.07",,"0.00","0.0","0.0","45","60","33","  330","  310","19.9","25.9",,,,,
"USW00013874","ATLANTA HARTSFIELD JACKSON INTERNATIONAL AIRPORT, GA US","2024-03-20","7.61",,"0.00","0.0","0.0","55","74","42","  300","  320","17.0","25.1",,,,,"    1"
"USW00013874","ATLANTA HARTSFIELD JACKSON INTERNATIONAL AIRPORT, GA US","2024-03-21","3.80",,"0.00","0.0","0.0","64","77","51","  100","   70","8.1","12.1",,,,,"    1"
"USW00013874","ATLANTA HARTSFIELD JACKSON INTERNATIONAL AIRPORT, GA US","2024-03-22","11.86",,"0.25","0.0","0.0","62","65","56","   80","  100","23.9","32.0","    1",,,,
"USW00013874","ATLANTA HARTSFIELD JACKSON INTERNATIONAL AIRPORT, GA US","2024-03-23","14.76",,"0.04","0.0","0.0","60","69","50","  340","   20","29.1","40.0","    1",,,,
"USW00013874","ATLANTA HARTSFIELD JACKSON INTERNATIONAL AIRPORT, GA US","2024-03-24","10.51",,"0.00","0.0","0.0","54","65","43","  100","  110","19.9","28.0",,,,,
"USW00013874","ATLANTA HARTSFIELD JACKSON INTERNATIONAL AIRPORT, GA US","2024-03-25","15.21",,"0.00","0.0","0.0","55","64","47","  100","  110","23.9","33.1",,,,,
"USW00013874","ATLANTA HARTSFIELD JACKSON INTERNATIONAL AIRPORT, GA US","2024-03-26","11.41",,"0.72","0.0","0.0","59","62","53","  130","  150","21.9","33.1","    1",,"    1",,
"USW00013874","ATLANTA HARTSFIELD JACKSON INTERNATIONAL AIRPORT, GA US","2024-03-27","9.17",,"0.00","0.0","0.0","60","74","53","  300","  300","18.1","25.1","    1",,,,
"USW00013874","ATLANTA HARTSFIELD JACKSON INTERNATIONAL AIRPORT, GA US","2024-03-28","13.42",,"0.00","0.0","0.0","59","68","50","  320","  320","29.1","38.0",,,,,
"USW00013874","ATLANTA HARTSFIELD JACKSON INTERNATIONAL AIRPORT, GA US","2024-03-29","5.59",,"0.00","0.0","0.0","58","72","43","  280","  270","13.0","18.1",,,,,"    1"
"USW00013874","ATLANTA HARTSFIELD JACKSON INTERNATIONAL AIRPORT, GA US","2024-03-30","8.05",,"0.00","0.0","0.0","63","77","49","  260","  240","21.0","27.1",,,,,
"USW00013874","ATLANTA HARTSFIELD JACKSON INTERNATIONAL AIRPORT, GA US","2024-03-31","8.05",,"0.00","0.0","0.0","67","80","56","  210","  230","16.1","21.0",,,,,
"USW00013874","ATLANTA HARTSFIELD JACKSON INTERNATIONAL AIRPORT, GA US","2024-04-01","9.62",,"0.00","0.0","0.0","69","78","65","  230","  240","17.0","25.9",,,,,"    1"
"USW00013874","ATLANTA HARTSFIELD JACKSON INTERNATIONAL AIRPORT, GA US","2024-04-02","10.74",,"2.66","0.0","0.0","72","81","64","  310","  310","23.0","31.1","    1",,"    1",,
"USW00013874","ATLANTA HARTSFIELD JACKSON INTERNATIONAL AIRPORT, GA US","2024-04-03","14.32",,"0.75","0.0","0.0","64","68","50","  300","  260","25.9","40.0","    1",,"    1",,
"USW00013874","ATLANTA HARTSFIELD JACKSON INTERNATIONAL AIRPORT, GA US","2024-04-04","13.65",,"0.00","0.0","0.0","54","65","44","  310","  310","29.1","40.9",,,,,
"USW00013874","ATLANTA HARTSFIELD JACKSON INTERNATIONAL AIRPORT, GA US","2024-04-05","10.29",,"0.00","0.0","0.0","53","64","43","  330","  350","19.9","27.1",,,,,
"USW00013874","ATLANTA HARTSFIELD JACKSON INTERNATIONAL AIRPORT, GA US","2024-04-06","6.93",,"0.00","0.0","0.0","53","66","40","  280","  340","15.0","19.9",,,,,
"USW00013874","ATLANTA HARTSFIELD JACKSON INTERNATIONAL AIRPORT, GA US","2024-04-07","4.70",,"0.00","0.0","0.0","57","74","45","   70","   30","15.0","21.9",,,,,
"USW00013874","ATLANTA HARTSFIELD JACKSON INTERNATIONAL AIRPORT, GA US","2024-04-08","6.26",,"0.00","0.0","0.0","65","76","55","  200","  170","15.0","23.0",,,,,"    1"
"USW00013874","ATLANTA HARTSFIELD JACKSON INTERNATIONAL AIRPORT, GA US","2024-04-09","6.49",,"0.69","0.0","0.0","63","66","58","  280","  280","17.0","25.1","    1",,,,
"USW00013874","ATLANTA HARTSFIELD JACKSON INTERNATIONAL AIRPORT, GA US","2024-04-10","9.62",,"0.26","0.0","0.0","64","73","60","  130","  120","31.1","46.1","    1",,,,
"USW00013874","ATLANTA HARTSFIELD JACKSON INTERNATIONAL AIRPORT, GA US","2024-04-11","15.21",,"0.21","0.0","0.0","67","75","55","  240","  240","32.0","48.1","    1",,,,"    1"
"USW00013874","ATLANTA HARTSFIELD JACKSON INTERNATIONAL AIRPORT, GA US","2024-04-12","16.33",,"0.00","0.0","0.0","59","69","51","  280","  300","35.1","48.1",,,,,"    1"
"USW00013874","ATLANTA HARTSFIELD JACKSON INTERNATIONAL AIRPORT, GA US","2024-04-13","9.40",,"0.00","0.0","0.0","62","77","48","  320","  340","21.9","34.0",,,,,
"USW00013874","ATLANTA HARTSFIELD JACKSON INTERNATIONAL AIRPORT, GA US","2024-04-14","7.16",,"0.00","0.0","0.0","69","85","54","  230","  230","17.0","25.1",,,,,
"USW00013874","ATLANTA HARTSFIELD JACKSON INTERNATIONAL AIRPORT, GA US","2024-04-15","7.83",,"0.00","0.0","0.0","72","84","59","  220","  180","16.1","23.0",,,,,
"USW00013874","ATLANTA HARTSFIELD JACKSON INTERNATIONAL AIRPORT, GA US","2024-04-16","4.92",,"0.00","0.0","0.0","72","84","61","  210","  190","13.0","19.9",,,,,
"USW00013874","ATLANTA HARTSFIELD JACKSON INTERNATIONAL AIRPORT, GA US","2024-04-17","6.71",,"0.08","0.0","0.0","72","80","66","  200","  210","18.1","25.9","    1",,"    1",,
"USW00013874","ATLANTA HARTSFIELD JACKSON INTERNATIONAL AIRPORT, GA US","2024-04-18","4.25",,"0.00","0.0","0.0","72","85","61","  250","  250","18.1","25.9","    1",,,,
"USW00013874","ATLANTA HARTSFIELD JACKSON INTERNATIONAL AIRPORT, GA US","2024-04-19","7.61",,"0.00","0.0","0.0","75","86","67","  270","  230","16.1","21.0",,,,,
"USW00013874","ATLANTA HARTSFIELD JACKSON INTERNATIONAL AIRPORT, GA US","2024-04-20","9.84",,"0.50","0.0","0.0","73","79","57","  290","  300","17.0","28.0","    1",,"    1",,
"USW00013874","ATLANTA HARTSFIELD JACKSON INTERNATIONAL AIRPORT, GA US","2024-04-21","10.96",,"0.52","0.0","0.0","57","60","50","  330","  330","21.0","29.1","    1",,,,
"USW00013874","ATLANTA HARTSFIELD JACKSON INTERNATIONAL AIRPORT, GA US","2024-04-22","6.93",,"0.00","0.0","0.0","55","67","44","  320","  340","14.1","21.0",,,,,
"USW00013874","ATLANTA HARTSFIELD JACKSON INTERNATIONAL AIRPORT, GA US","2024-04-23","6.93",,"0.00","0.0","0.0","59","72","46","  230","  260","16.1","23.0",,,,,
"USW00013874","ATLANTA HARTSFIELD JACKSON INTERNATIONAL AIRPORT, GA US","2024-04-24","8.05",,"0.00","0.0","0.0","64","76","54","  260","  250","16.1","23.0",,,,,
"USW00013874","ATLANTA HARTSFIELD JACKSON INTERNATIONAL AIRPORT, GA US","2024-04-25","3.58",,"0.00","0.0","0.0","68","80","56","  280","  270","12.1","16.1",,,,,
"USW00013874","ATLANTA HARTSFIELD JACKSON INTERNATIONAL AIRPORT, GA US","2024-04-26","8.95",,"0.00","0.0","0.0","72","82","61","   80","   90","21.0","27.1",,,,,
"USW00013874","ATLANTA HARTSFIELD JACKSON INTERNATIONAL AIRPORT, GA US","2024-04-27","8.95",,"0.00","0.0","0.0","67","77","61","  150","  140","15.0","23.0",,,,,"    1"
"USW00013874","ATLANTA HARTSFIELD JACKSON INTERNATIONAL AIRPORT, GA US","2024-04-28","8.05",,"0.00","0.0","0.0","69","79","60","  140","  140","16.1","23.9","    1",,,,
"USW00013874","ATLANTA HARTSFIELD JACKSON INTERNATIONAL AIRPORT, GA US","2024-04-29","7.16",,"0.00","0.0","0.0","69","79","59","  180","  140","14.1","19.0",,,,,
"USW00013874","ATLANTA HARTSFIELD JACKSON INTERNATIONAL AIRPORT, GA US","2024-04-30","5.82",,"0.06","0.0","0.0","70","78","64","  360","  340","14.1","19.9",,,,,"    1"
"USW00013874","ATLANTA HARTSFIELD JACKSON INTERNATIONAL AIRPORT, GA US","2024-05-01","3.58",,"0.00","0.0","0.0","74","85","61","  280","   30","12.1","16.1","    1",,,,"    1"
"USW00013874","ATLANTA HARTSFIELD JACKSON INTERNATIONAL AIRPORT, GA US","2024-05-02","4.47",,"0.00","0.0","0.0","76","86","64","  140","  140","14.1","21.0",,,,,
"USW00013874","ATLANTA HARTSFIELD JACKSON INTERNATIONAL AIRPORT, GA US","2024-05-03","6.49",,"0.00","0.0","0.0","79","87","70","  200","  200","18.1","27.1",,,,,
"USW00013874","ATLANTA HARTSFIELD JACKSON INTERNATIONAL AIRPORT, GA US","2024-05-04","5.82",,"0.03","0.0","0.0","73","80","64","  260","  260","21.0","30.0",,,,,
"USW00013874","ATLANTA HARTSFIELD JACKSON INTERNATIONAL AIRPORT, GA US","2024-05-05","6.49",,"0.00","0.0","0.0","74","87","66","  220","  200","17.0","23.0",,,"    1",,
"USW00013874","ATLANTA HARTSFIELD JACKSON INTERNATIONAL AIRPORT, GA US","2024-05-06","6.71",,"0.01","0.0","0.0","75","86","67","  220","  220","16.1","25.1",,,,,
"USW00013874","ATLANTA HARTSFIELD JACKSON INTERNATIONAL AIRPORT, GA US","2024-05-07","7.83",,"0.00","0.0","0.0","76","84","68","  230","  230","17.0","23.0",,,,,"    1"
"USW00013874","ATLANTA HARTSFIELD JACKSON INTERNATIONAL AIRPORT, GA US","2024-05-08","8.72",,"0.00","0.0","0.0","78","87","72","  190","  210","14.1","21.0",,,,,
"USW00013874","ATLANTA HARTSFIELD JACKSON INTERNATIONAL AIRPORT, GA US","2024-05-09","9.84",,"0.68","0.0","0.0","74","78","66","  360","  360","28.0","38.0","    1",,"    1",,
"USW00013874","ATLANTA HARTSFIELD JACKSON INTERNATIONAL AIRPORT, GA US","2024-05-10","12.08",,"0.17","0.0","0.0","73","82","63","  320","  290","23.9","34.0","    1",,,,
"USW00013874","ATLANTA HARTSFIELD JACKSON INTERNATIONAL AIRPORT, GA US","2024-05-11","6.93",,"0.00","0.0","0.0","67","76","55","  300","  270","16.1","25.9",,,,,
"USW00013874","ATLANTA HARTSFIELD JACKSON INTERNATIONAL AIRPORT, GA US","2024-05-12","5.82",,"0.00","0.0","0.0","69","81","59","  330","  330","16.1","21.9",,,,,
"USW00013874","ATLANTA HARTSFIELD JACKSON INTERNATIONAL AIRPORT, GA US","2024-05-13","6.04",,"0.03","0.0","0.0","66","67","63","  130","  110","19.9","30.0","    1",,,,
"USW00013874","ATLANTA HARTSFIELD JACKSON INTERNATIONAL AIRPORT, GA US","2024-05-14","6.04",,"0.02","0.0","0.0","68","78","63","  190","   60","13.0","19.0","    1","    1",,,
"USW00013874","ATLANTA HARTSFIELD JACKSON INTERNATIONAL AIRPORT, GA US","2024-05-15","10.96",,"0.00","0.0","0.0","73","81","66","  290","  310","19.9","29.1","    1",,"    1",,
"USW00013874","ATLANTA HARTSFIELD JACKSON INTERNATIONAL AIRPORT, GA US","2024-05-16","7.83",,"0.00","0.0","0.0","73","85","62","  280","  270","17.0","27.1",,,,,
"USW00013874","ATLANTA HARTSFIELD JACKSON INTERNATIONAL AIRPORT, GA US","2024-05-17","5.14",,"0.02","0.0","0.0","72","73","68","  200","  200","14.1","19.9","    1",,,,
"USW00013874","ATLANTA HARTSFIELD JACKSON INTERNATIONAL AIRPORT, GA US","2024-05-18","5.82",,"0.09","0.0","0.0","71","77","66","  310","  310","21.0","25.1","    1","    1","    1",,
"USW00013874","ATLANTA HARTSFIELD JACKSON INTERNATIONAL AIRPORT, GA US","2024-05-19","7.83",,"0.00","0.0","0.0","71","83","65","   50","   40","15.0","19.9","    1",,,,"    1"
"USW00013874","ATLANTA HARTSFIELD JACKSON INTERNATIONAL AIRPORT, GA US","2024-05-20","6.04",,"0.00","0.0","0.0","74","85","64","   90","   80","13.0","21.9",,,,,
"USW00013874","ATLANTA HARTSFIELD JACKSON INTERNATIONAL AIRPORT, GA US","2024-05-21","4.92",,"0.00","0.0","0.0","77","86","67","  140","  150","12.1","16.1",,,,,"    1"
"USW00013874","ATLANTA HARTSFIELD JACKSON INTERNATIONAL AIRPORT, GA US","2024-05-22","5.37",,"0.00","0.0","0.0","77","87","67","  160","  220","15.0","21.0",,,,,"    1"
"USW00013874","ATLANTA HARTSFIELD JACKSON INTERNATIONAL AIRPORT, GA US","2024-05-23","6.04",,"0.00","0.0","0.0","79","88","70","  220","  210","16.1","21.0",,,,,"    1"
"USW00013874","ATLANTA HARTSFIELD JACKSON INTERNATIONAL AIRPORT, GA US","2024-05-24","4.47",,"0.00","0.0","0.0","80","90","71","  350","  350","14.1","21.9",,,"    1",,
"USW00013874","ATLANTA HARTSFIELD JACKSON INTERNATIONAL AIRPORT, GA US","2024-05-25","6.04",,"0.54","0.0","0.0","76","85","68","  340","  340","31.1","44.1","    1",,"    1",,"    1"
"USW00013874","ATLANTA HARTSFIELD JACKSON INTERNATIONAL AIRPORT, GA US","2024-05-26","8.95",,"0.00","0.0","0.0","80","89","71","  220","  220","19.9","28.0","    1",,,,
"USW00013874","ATLANTA HARTSFIELD JACKSON INTERNATIONAL AIRPORT, GA US","2024-05-27","10.29",,"1.36","0.0","0.0","77","87","65","  360","  360","23.9","35.1","    1",,"    1",,"    1"
"USW00013874","ATLANTA HARTSFIELD JACKSON INTERNATIONAL AIRPORT, GA US","2024-05-28","9.62",,"0.00","0.0","0.0","78","86","69","  310","  290","19.9","29.1",,,,,
"USW00013874","ATLANTA HARTSFIELD JACKSON INTERNATIONAL AIRPORT, GA US","2024-05-29","10.51",,"0.00","0.0","0.0","76","86","64","  330","  330","21.0","27.1",,,,,
"USW00013874","ATLANTA HARTSFIELD JACKSON INTERNATIONAL AIRPORT, GA US","2024-05-30","7.61",,"0.00","0.0","0.0","74","84","63","  280","  300","17.0","23.9",,,,,
"USW00013874","ATLANTA HARTSFIELD JACKSON INTERNATIONAL AIRPORT, GA US","2024-05-31","8.50",,"0.00","0.0","0.0","74","83","63","   80","  100","19.9","25.9",,,,,
"USW00013874","ATLANTA HARTSFIELD JACKSON INTERNATIONAL AIRPORT, GA US","2024-06-01","9.40",,"0.00","0.0","0.0","72","78","65","  130","  150","17.0","25.9",,,,,
"USW00013874","ATLANTA HARTSFIELD JACKSON INTERNATIONAL AIRPORT, GA US","2024-06-02","7.61",,"0.06","0.0","0.0","74","85","67","  200","  200","16.1","23.0","    1",,"    1",,
"USW00013874","ATLANTA HARTSFIELD JACKSON INTERNATIONAL AIRPORT, GA US","2024-06-03","6.04",,"0.00","0.0","0.0","78","89","69","  230","  230","12.1","16.1",,,,,
"USW00013874","ATLANTA HARTSFIELD JACKSON INTERNATIONAL AIRPORT, GA US","2024-06-04","7.16",,"0.00","0.0","0.0","78","86","70","  220","  210","17.0","21.9",,,"    1",,"    1"
"USW00013874","ATLANTA HARTSFIELD JACKSON INTERNATIONAL AIRPORT, GA US","2024-06-05","7.61",,"0.17","0.0","0.0","78","86","72","  300","  180","19.9","25.9",,,"    1",,
"USW00013874","ATLANTA HARTSFIELD JACKSON INTERNATIONAL AIRPORT, GA US","2024-06-06","8.05",,"0.10","0.0","0.0","77","85","70","  260","  260","16.1","27.1","    1",,"    1",,"    1"
"USW00013874","ATLANTA HARTSFIELD JACKSON INTERNATIONAL AIRPORT, GA US","2024-06-07","9.17",,"0.00","0.0","0.0","79","88","70","  310","  320","21.0","34.0",,,,,
"USW00013874","ATLANTA HARTSFIELD JACKSON INTERNATIONAL AIRPORT, GA US","2024-06-08","4.70",,"0.00","0.0","0.0","76","87","63","  290","  140","12.1","21.9",,,,,
"USW00013874","ATLANTA HARTSFIELD JACKSON INTERNATIONAL AIRPORT, GA US","2024-06-09","8.72",,"0.00","0.0","0.0","80","93","70","  260","  270","19.9","25.9",,,,,
"USW00013874","ATLANTA HARTSFIELD JACKSON INTERNATIONAL AIRPORT, GA US","2024-06-10","8.28",,"0.40","0.0","0.0","79","85","69","  320","  310","17.0","25.9","    1",,"    1",,
"USW00013874","ATLANTA HARTSFIELD JACKSON INTERNATIONAL AIRPORT, GA US","2024-06-11","7.16",,"0.00","0.0","0.0","76","87","64","  340","  360","13.0","21.0",,,,,
"USW00013874","ATLANTA HARTSFIELD JACKSON INTERNATIONAL AIRPORT, GA US","2024-06-12","8.05",,"0.00","0.0","0.0","79","89","71","   60","  130","15.0","19.9",,,,,
"USW00013874","ATLANTA HARTSFIELD JACKSON INTERNATIONAL AIRPORT, GA US","2024-06-13","6.71",,"0.00","0.0","0.0","81","90","72","   60","  140","14.1","21.9",,,,,
"USW00013874","ATLANTA HARTSFIELD JACKSON INTERNATIONAL AIRPORT, GA US","2024-06-14","4.03",,"0.00","0.0","0.0","84","95","72","  320","  350","13.0","21.9",,,,,
"USW00013874","ATLANTA HARTSFIELD JACKSON INTERNATIONAL AIRPORT, GA US","2024-06-15","4.47",,"0.02","0.0","0.0","87","97","76","  230","  230","13.0","14.1",,,,,
"USW00013874","ATLANTA HARTSFIELD JACKSON INTERNATIONAL AIRPORT, GA US","2024-06-16","5.82",,"0.00","0.0","0.0","85","96","75","  150","  160","21.9","36.9",,,,,
"USW00013874","ATLANTA HARTSFIELD JACKSON INTERNATIONAL AIRPORT, GA US","2024-06-17","7.61",,"0.00","0.0","0.0","84","93","75","   90","   80","16.1","23.9",,,,,
"USW00013874","ATLANTA HARTSFIELD JACKSON INTERNATIONAL AIRPORT, GA US","2024-06-18","11.86",,"0.00","0.0","0.0","82","91","73","   80","   70","23.9","46.1",,,,,
"USW00013874","ATLANTA HARTSFIELD JACKSON INTERNATIONAL AIRPORT, GA US","2024-06-19","12.75",,"0.00","0.0","0.0","80","89","71","   80","   80","23.0","32.0",,,,,
"USW00013874","ATLANTA HARTSFIELD JACKSON INTERNATIONAL AIRPORT, GA US","2024-06-20","10.74",,"0.00","0.0","0.0","81","90","73","   60","   80","21.0","25.9",,,,,
"USW00013874","ATLANTA HARTSFIELD JACKSON INTERNATIONAL AIRPORT, GA US","2024-06-21","7.16",,"0.00","0.0","0.0","82","93","71","   80","   90","16.1","23.9",,,,,
"USW00013874","ATLANTA HARTSFIELD JACKSON INTERNATIONAL AIRPORT, GA US","2024-06-22","4.70",,"0.00","0.0","0.0","85","98","74","  340","   80","12.1","16.1",,,,,
"USW00013874","ATLANTA HARTSFIELD JACKSON INTERNATIONAL AIRPORT, GA US","2024-06-23","7.38",,"0.00","0.0","0.0","89","98","77","  290","  250","17.0","23.9",,,,,
"USW00013874","ATLANTA HARTSFIELD JACKSON INTERNATIONAL AIRPORT, GA US","2024-06-24","8.95",,"0.21","0.0","0.0","87","97","75","  350","  350","21.0","28.0","    1",,"    1",,
"USW00013874","ATLANTA HARTSFIELD JACKSON INTERNATIONAL AIRPORT, GA US","2024-06-25","4.03",,"0.00","0.0","0.0","86","98","72","   60","  360","13.0","19.0",,,,,
"USW00013874","ATLANTA HARTSFIELD JACKSON INTERNATIONAL AIRPORT, GA US","2024-06-26","6.04",,"0.00","0.0","0.0","89","100","75","  280","  280","25.9","35.1",,,,,
"USW00013874","ATLANTA HARTSFIELD JACKSON INTERNATIONAL AIRPORT, GA US","2024-06-27","5.82",,"0.00","0.0","0.0","82","91","75","  200","  200","19.9","25.1",,,"    1",,
"USW00013874","ATLANTA HARTSFIELD JACKSON INTERNATIONAL AIRPORT, GA US","2024-06-28","7.38",,"0.13","0.0","0.0","82","91","75","  190","  190","21.0","23.9","    1",,,,"    1"
"USW00013874","ATLANTA HARTSFIELD JACKSON INTERNATIONAL AIRPORT, GA US","2024-06-29","5.82",,"0.65","0.0","0.0","80","91","76","  300","  200","14.1","18.1","    1",,,,"    1"
"USW00013874","ATLANTA HARTSFIELD JACKSON INTERNATIONAL AIRPORT, GA US","2024-06-30","8.72",,"0.00","0.0","0.0","84","97","77","  330","  310","18.1","25.9",,,,,
"USW00013874","ATLANTA HARTSFIELD JACKSON INTERNATIONAL AIRPORT, GA US","2024-07-01","8.50",,"0.00","0.0","0.0","87","97","79","  280","  280","16.1","21.9",,,,,
"USW00013874","ATLANTA HARTSFIELD JACKSON INTERNATIONAL AIRPORT, GA US","2024-07-02","11.86",,"0.00","0.0","0.0","83","90","76","   80","   60","21.9","29.1",,,,,
"USW00013874","ATLANTA HARTSFIELD JACKSON INTERNATIONAL AIRPORT, GA US","2024-07-03","6.93",,"0.00","0.0","0.0","83","92","77","  180","   50","12.1","17.0",,,,,
"USW00013874","ATLANTA HARTSFIELD JACKSON INTERNATIONAL AIRPORT, GA US","2024-07-04","5.37",,"0.01","0.0","0.0","85","97","76","  360","   10","21.9","29.1",,,"    1",,"    1"
"USW00013874","ATLANTA HARTSFIELD JACKSON INTERNATIONAL AIRPORT, GA US","2024-07-05","4.47",,"1.43","0.0","0.0","84","94","76","   30","   20","21.0","25.9","    1",,"    1",,
"USW00013874","ATLANTA HARTSFIELD JACKSON INTERNATIONAL AIRPORT, GA US","2024-07-06","5.37",,"0.02","0.0","0.0","81","93","76","  300","  300","21.9","30.0",,,"    1",,
"USW00013874","ATLANTA HARTSFIELD JACKSON INTERNATIONAL AIRPORT, GA US","2024-07-07","6.04",,"1.75","0.0","0.0","82","90","74","   80","  110","23.0","32.0","    1",,"    1",,"    1"
"USW00013874","ATLANTA HARTSFIELD JACKSON INTERNATIONAL AIRPORT, GA US","2024-07-08","5.14",,"0.00","0.0","0.0","80","91","74","  200","  170","12.1","15.0",,,,,
"USW00013874","ATLANTA HARTSFIELD JACKSON INTERNATIONAL AIRPORT, GA US","2024-07-09","6.26",,"0.29","0.0","0.0","81","92","75","  210","  220","23.0","32.0","    1",,"    1",,
"USW00013874","ATLANTA HARTSFIELD JACKSON INTERNATIONAL AIRPORT, GA US","2024-07-10","10.29",,"0.00","0.0","0.0","79","88","73","  310","  280","17.0","25.9",,,,,
"USW00013874","ATLANTA HARTSFIELD JACKSON INTERNATIONAL AIRPORT, GA US","2024-07-11","6.49",,"0.00","0.0","0.0","80","91","70","  160","  230","16.1","27.1",,,,,
"USW00013874","ATLANTA HARTSFIELD JACKSON INTERNATIONAL AIRPORT, GA US","2024-07-12","4.03",,"0.00","0.0","0.0","84","94","75","  290","  340","12.1","18.1",,,,,"    1"
"USW00013874","ATLANTA HARTSFIELD JACKSON INTERNATIONAL AIRPORT, GA US","2024-07-13","3.80",,"0.00","0.0","0.0","86","97","76","  270","  270","12.1","15.0",,,,,
"USW00013874","ATLANTA HARTSFIELD JACKSON INTERNATIONAL AIRPORT, GA US","2024-07-14","4.92",,"0.00","0.0","0.0","88","97","77","  290","  310","15.0","21.9",,,,,
"USW00013874","ATLANTA HARTSFIELD JACKSON INTERNATIONAL AIRPORT, GA US","2024-07-15","6.04",,"0.00","0.0","0.0","85","96","75","  300","  290","25.1","32.0",,,"    1",,
"USW00013874","ATLANTA HARTSFIELD JACKSON INTERNATIONAL AIRPORT, GA US","2024-07-16","7.16",,"0.00","0.0","0.0","80","91","74","  300","  290","21.9","32.0",,,"    1",,"    1"
"USW00013874","ATLANTA HARTSFIELD JACKSON INTERNATIONAL AIRPORT, GA US","2024-07-17","8.72",,"0.06","0.0","0.0","82","92","75","  260","  260","21.0","28.0",,,"    1",,
"USW00013874","ATLANTA HARTSFIELD JACKSON INTERNATIONAL AIRPORT, GA US","2024-07-18","6.93",,"0.09","0.0","0.0","79","92","74","  330","  340","21.9","29.1",,,"    1",,
"USW00013874","ATLANTA HARTSFIELD JACKSON INTERNATIONAL AIRPORT, GA US","2024-07-19","5.37",,"0.39","0.0","0.0","78","87","73","   40","   70","18.1","23.9","    1",,,,
"USW00013874","ATLANTA HARTSFIELD JACKSON INTERNATIONAL AIRPORT, GA US","2024-07-20","5.14",,"1.39","0.0","0.0","76","83","70","   90","  190","14.1","25.1","    1",,"    1",,
"USW00013874","ATLANTA HARTSFIELD JACKSON INTERNATIONAL AIRPORT, GA US","2024-07-21","6.71",,"0.04","0.0","0.0","78","89","72","  190","  210","14.1","19.0","    1",,"    1",,
"USW00013874","ATLANTA HARTSFIELD JACKSON INTERNATIONAL AIRPORT, GA US","2024-07-22","6.04",,"0.00","0.0","0.0","77","87","72","  200","  240","13.0","19.0",,,,,
"USW00013874","ATLANTA HARTSFIELD JACKSON INTERNATIONAL AIRPORT, GA US","2024-07-23","7.61",,"1.10","0.0","0.0","80","90","75","  200","  200","25.1","36.9","    1",,"    1",,
"USW00013874","ATLANTA HARTSFIELD JACKSON INTERNATIONAL AIRPORT, GA US","2024-07-24","3.80",,"1.52","0.0","0.0","77","88","71","  190","  170","15.0","18.1","    1",,"    1",,
"USW00013874","ATLANTA HARTSFIELD JACKSON INTERNATIONAL AIRPORT, GA US","2024-07-25","6.71",,"0.75","0.0","0.0","77","87","74","  280","  270","23.9","29.1","    1",,"    1",,"    1"
"USW00013874","ATLANTA HARTSFIELD JACKSON INTERNATIONAL AIRPORT, GA US","2024-07-26","6.26",,"0.39","0.0","0.0","79","91","73","  350","  360","23.0","30.0","    1",,"    1",,
"USW00013874","ATLANTA HARTSFIELD JACKSON INTERNATIONAL AIRPORT, GA US","2024-07-27","6.93",,"0.00","0.0","0.0","77","85","73","   90","   80","13.0","17.0","    1",,,,
"USW00013874","ATLANTA HARTSFIELD JACKSON INTERNATIONAL AIRPORT, GA US","2024-07-28","5.82",,"3.47","0.0","0.0","78","80","73","  200","  110","14.1","19.0","    1",,"    1",,"    1"
"USW00013874","ATLANTA HARTSFIELD JACKSON INTERNATIONAL AIRPORT, GA US","2024-07-29","5.37",,"0.65","0.0","0.0","76","87","71","  330","  320","30.0","44.1","    1",,"    1",,
"USW00013874","ATLANTA HARTSFIELD JACKSON INTERNATIONAL AIRPORT, GA US","2024-07-30","7.61",,"0.65","0.0","0.0","79","92","71","  330","  340","35.1","45.0","    1",,"    1",,
"USW00013874","ATLANTA HARTSFIELD JACKSON INTERNATIONAL AIRPORT, GA US","2024-07-31","6.71",,"0.02","0.0","0.0","79","93","73","  230","  230","18.1","25.1",,,"    1",,
"USW00013874","ATLANTA HARTSFIELD JACKSON INTERNATIONAL AIRPORT, GA US","2024-08-01","7.83",,"0.00","0.0","0.0","83","94","74","  230","  250","14.1","19.0",,,"    1",,
"USW00013874","ATLANTA HARTSFIELD JACKSON INTERNATIONAL AIRPORT, GA US","2024-08-02","8.72",,"0.04","0.0","0.0","86","93","77","  240","  280","19.9","25.9",,,,,
"USW00013874","ATLANTA HARTSFIELD JACKSON INTERNATIONAL AIRPORT, GA US","2024-08-03","6.04",,"0.00","0.0","0.0","82","91","74","  310","  310","14.1","19.0",,,,,
"USW00013874","ATLANTA HARTSFIELD JACKSON INTERNATIONAL AIRPORT, GA US","2024-08-04","5.14",,"0.00","0.0","0.0","82","91","74","  300","  300","16.1","19.9","    1",,"    1",,"    1"
"USW00013874","ATLANTA HARTSFIELD JACKSON INTERNATIONAL AIRPORT, GA US","2024-08-05","12.97",,"0.00","0.0","0.0","82","92","75","   50","   70","25.1","34.0","    1",,,,"    1"
"USW00013874","ATLANTA HARTSFIELD JACKSON INTERNATIONAL AIRPORT, GA US","2024-08-06","10.74",,"0.00","0.0","0.0","83","93","77","   10","  360","17.0","28.0",,,,,
"USW00013874","ATLANTA HARTSFIELD JACKSON INTERNATIONAL AIRPORT, GA US","2024-08-07","8.50",,"0.00","0.0","0.0","85","96","74","  320","  310","17.0","23.9",,,,,"    1"
"USW00013874","ATLANTA HARTSFIELD JACKSON INTERNATIONAL AIRPORT, GA US","2024-08-08","9.40",,"0.00","0.0","0.0","87","96","77","  280","  320","17.0","25.1",,,,,
"USW00013874","ATLANTA HARTSFIELD JACKSON INTERNATIONAL AIRPORT, GA US","2024-08-09","8.72",,"0.00","0.0","0.0","85","95","76","  310","  280","16.1","25.9",,,,,
"USW00013874","ATLANTA HARTSFIELD JACKSON INTERNATIONAL AIRPORT, GA US","2024-08-10","7.61",,"0.00","0.0","0.0","83","93","73","  310","  320","15.0","21.9",,,,,
"USW00013874","ATLANTA HARTSFIELD JACKSON INTERNATIONAL AIRPORT, GA US","2024-08-11","7.38",,"0.00","0.0","0.0","81","92","69","  290","  330","13.0","16.1",,,,,"    1"
"USW00013874","ATLANTA HARTSFIELD JACKSON INTERNATIONAL AIRPORT, GA US","2024-08-12","7.38",,"0.00","0.0","0.0","81","92","70","  310","  300","15.0","19.0",,,,,
"USW00013874","ATLANTA HARTSFIELD JACKSON INTERNATIONAL AIRPORT, GA US","2024-08-13","8.28",,"0.00","0.0","0.0","82","93","71","  310","  280","16.1","21.9",,,,,
"USW00013874","ATLANTA HARTSFIELD JACKSON INTERNATIONAL AIRPORT, GA US","2024-08-14","7.38",,"0.00","0.0","0.0","82","92","76","  360","  360","14.1","19.0",,,,,"    1"
"USW00013874","ATLANTA HARTSFIELD JACKSON INTERNATIONAL AIRPORT, GA US","2024-08-15","6.49",,"0.00","0.0","0.0","81","90","74","  150","  160","12.1","16.1",,,,,
"USW00013874","ATLANTA HARTSFIELD JACKSON INTERNATIONAL AIRPORT, GA US","2024-08-16","7.16",,"0.39","0.0","0.0","82","91","72","  330","  340","33.1","40.0","    1",,,,"    1"
"USW00013874","ATLANTA HARTSFIELD JACKSON INTERNATIONAL AIRPORT, GA US","2024-08-17","6.93",,"0.11","0.0","0.0","81","95","71","  360","  340","29.1","40.0","    1",,"    1",,
"USW00013874","ATLANTA HARTSFIELD JACKSON INTERNATIONAL AIRPORT, GA US","2024-08-18","6.71",,"0.23","0.0","0.0","78","91","72","  340","  330","23.0","31.1","    1",,"    1",,
"USW00013874","ATLANTA HARTSFIELD JACKSON INTERNATIONAL AIRPORT, GA US","2024-08-19","10.07",,"0.00","0.0","0.0","78","89","70","  340","  360","18.1","32.0",,,,,
"USW00013874","ATLANTA HARTSFIELD JACKSON INTERNATIONAL AIRPORT, GA US","2024-08-20","7.61",,"0.00","0.0","0.0","79","89","70","  330","  320","15.0","23.0",,,,,
"USW00013874","ATLANTA HARTSFIELD JACKSON INTERNATIONAL AIRPORT, GA US","2024-08-21","9.17",,"0.00","0.0","0.0","75","85","67","   90","   80","18.1","32.0",,,,,"    1"
"USW00013874","ATLANTA HARTSFIELD JACKSON INTERNATIONAL AIRPORT, GA US","2024-08-22","10.29",,"0.00","0.0","0.0","76","85","69","   90","  100","17.0","23.0",,,,,"    1"
"USW00013874","ATLANTA HARTSFIELD JACKSON INTERNATIONAL AIRPORT, GA US","2024-08-23","9.62",,"0.00","0.0","0.0","75","85","65","   80","   40","18.1","31.1",,,,,"    1"
"USW00013874","ATLANTA HARTSFIELD JACKSON INTERNATIONAL AIRPORT, GA US","2024-08-24","8.50",,"0.00","0.0","0.0","76","88","66","   80","   70","16.1","21.9",,,,,
"USW00013874","ATLANTA HARTSFIELD JACKSON INTERNATIONAL AIRPORT, GA US","2024-08-25","6.93",,"0.00","0.0","0.0","78","90","69","   80","   80","16.1","21.9",,,,,
"USW00013874","ATLANTA HARTSFIELD JACKSON INTERNATIONAL AIRPORT, GA US","2024-08-26","6.49",,"0.00","0.0","0.0","80","92","70","   80","   30","12.1","18.1",,,,,"    1"
"USW00013874","ATLANTA HARTSFIELD JACKSON INTERNATIONAL AIRPORT, GA US","2024-08-27","2.91",,"0.00","0.0","0.0","82","94","71","  100","   50","13.0","19.9",,,,,
"USW00013874","ATLANTA HARTSFIELD JACKSON INTERNATIONAL AIRPORT, GA US","2024-08-28","2.24",,"0.00","0.0","0.0","84","97","74","  280","  270","10.1","16.1",,,,,
"USW00013874","ATLANTA HARTSFIELD JACKSON INTERNATIONAL AIRPORT, GA US","2024-08-29","5.82",,"0.00","0.0","0.0","87","98","76","  140","  130","15.0","23.0",,,,,
"USW00013874","ATLANTA HARTSFIELD JACKSON INTERNATIONAL AIRPORT, GA US","2024-08-30","3.80",,"0.03","0.0","0.0","85","96","75","  140","  130","19.9","28.0",,,"    1",,"    1"
"USW00013874","ATLANTA HARTSFIELD JACKSON INTERNATIONAL AIRPORT, GA US","2024-08-31","6.04"," 2020","0.00","0.0","0.0","82","94","74","  320","  360","14.1","19.9",,,,,
"USW00013874","ATLANTA HARTSFIELD JACKSON INTERNATIONAL AIRPORT, GA US","2024-09-01","7.16",,"0.00","0.0","0.0","82","96","74","  300","  290","23.0","30.0",,,"    1",,"    1"
"USW00013874","ATLANTA HARTSFIELD JACKSON INTERNATIONAL AIRPORT, GA US","2024-09-02","7.38",,"0.70","0.0","0.0","81","94","72","   30","   40","21.9","35.1",,,,,
"USW00013874","ATLANTA HARTSFIELD JACKSON INTERNATIONAL AIRPORT, GA US","2024-09-03","12.30",,"0.00","0.0","0.0","79","85","71","   70","   80","21.9","30.0",,,,,
"USW00013874","ATLANTA HARTSFIELD JACKSON INTERNATIONAL AIRPORT, GA US","2024-09-04","13.42",,"0.00","0.0","0.0","74","85","65","   70","   80","23.0","29.1",,,,,
"USW00013874","ATLANTA HARTSFIELD JACKSON INTERNATIONAL AIRPORT, GA US","2024-09-05","11.86",,"0.00","0.0","0.0","76","84","69","   70","   60","19.9","23.9",,,,,
"USW00013874","ATLANTA HARTSFIELD JACKSON INTERNATIONAL AIRPORT, GA US","2024-09-06","8.72",,"0.02","0.0","0.0","74","80","70","   70","  100","17.0","21.9",,,,,
"USW00013874","ATLANTA HARTSFIELD JACKSON INTERNATIONAL AIRPORT, GA US","2024-09-07","8.50",,"0.01","0.0","0.0","75","87","68","  340","  330","18.1","28.0",,,,,
"USW00013874","ATLANTA HARTSFIELD JACKSON INTERNATIONAL AIRPORT, GA US","2024-09-08","9.40",,"0.00","0.0","0.0","73","84","64","   90","   90","18.1","25.9",,,,,
"USW00013874","ATLANTA HARTSFIELD JACKSON INTERNATIONAL AIRPORT, GA US","2024-09-09","6.71",,"0.00","0.0","0.0","75","85","67","   80","   20","13.0","19.0",,,,,
"USW00013874","ATLANTA HARTSFIELD JACKSON INTERNATIONAL AIRPORT, GA US","2024-09-10","7.61",,"0.00","0.0","0.0","76","86","65","   80","   70","14.1","21.9",,,,,
"USW00013874","ATLANTA HARTSFIELD JACKSON INTERNATIONAL AIRPORT, GA US","2024-09-11","11.63",,"0.09","0.0","0.0","73","78","67","   90","   80","19.9","29.1",,,,,
"USW00013874","ATLANTA HARTSFIELD JACKSON INTERNATIONAL AIRPORT, GA US","2024-09-12","14.76",,"0.23","0.0","0.0","69","74","67","  110","  120","23.0","35.1","    1",,,,
"USW00013874","ATLANTA HARTSFIELD JACKSON INTERNATIONAL AIRPORT, GA US","2024-09-13","12.30",,"0.03","0.0","0.0","70","75","68","   90","   70","18.1","23.9","    1",,,,
"USW00013874","ATLANTA HARTSFIELD JACKSON INTERNATIONAL AIRPORT, GA US","2024-09-14","14.76",,"0.07","0.0","0.0","72","74","69","  100","  110","21.9","32.0","    1",,,,
"USW00013874","ATLANTA HARTSFIELD JACKSON INTERNATIONAL AIRPORT, GA US","2024-09-15","15.43",,"0.00","0.0","0.0","73","79","70","   90","   70","23.9","31.1",,,,,
"USW00013874","ATLANTA HARTSFIELD JACKSON INTERNATIONAL AIRPORT, GA US","2024-09-16","11.63",,"0.00","0.0","0.0","74","83","67","   70","   70","21.9","27.1",,,,,
"USW00013874","ATLANTA HARTSFIELD JACKSON INTERNATIONAL AIRPORT, GA US","2024-09-17","9.84",,"0.00","0.0","0.0","71","84","62","  300","  300","23.0","31.1",,,,,
"USW00013874","ATLANTA HARTSFIELD JACKSON INTERNATIONAL AIRPORT, GA US","2024-09-18","4.25",,"0.00","0.0","0.0","73","84","67","  330","  360","12.1","16.1",,,,,
"USW00013874","ATLANTA HARTSFIELD JACKSON INTERNATIONAL AIRPORT, GA US","2024-09-19","3.58",,"0.00","0.0","0.0","77","89","68","   80","   10","10.1","17.0","    1",,,,"    1"
"USW00013874","ATLANTA HARTSFIELD JACKSON INTERNATIONAL AIRPORT, GA US","2024-09-20","2.91",,"0.00","0.0","0.0","80","92","70","  340","   60","10.1","14.1",,,,,
"USW00013874","ATLANTA HARTSFIELD JACKSON INTERNATIONAL AIRPORT, GA US","2024-09-21","2.91",,"0.00","0.0","0.0","81","94","70","  270","  240","8.9","12.1",,,,,
"USW00013874","ATLANTA HARTSFIELD JACKSON INTERNATIONAL AIRPORT, GA US","2024-09-22","7.61",,"0.00","0.0","0.0","83","97","72","  330","  330","15.0","19.9",,,,,
"USW00013874","ATLANTA HARTSFIELD JACKSON INTERNATIONAL AIRPORT, GA US","2024-09-23","5.59",,"0.00","0.0","0.0","83","96","73","  280","  270","12.1","17.0",,,,,
"USW00013874","ATLANTA HARTSFIELD JACKSON INTERNATIONAL AIRPORT, GA US","2024-09-24","6.26",,"0.00","0.0","0.0","83","93","74","  200","  240","17.0","25.1",,,,,
"USW00013874","ATLANTA HARTSFIELD JACKSON INTERNATIONAL AIRPORT, GA US","2024-09-25","8.05",,"3.42","0.0","0.0","76","86","66","  170","  170","23.0","36.0","    1",,"    1",,"    1"
"USW00013874","ATLANTA HARTSFIELD JACKSON INTERNATIONAL AIRPORT, GA US","2024-09-26","8.28"," 1722","4.32","0.0","0.0","69","74","66","   80","   80","17.0","21.9",,,,,
"USW00013874","ATLANTA HARTSFIELD JACKSON INTERNATIONAL AIRPORT, GA US","2024-09-27","16.55"," 0531","3.38","0.0","0.0","71","75","66","  280","  270","30.0","44.1","    1",,,,
"USW00013874","ATLANTA HARTSFIELD JACKSON INTERNATIONAL AIRPORT, GA US","2024-09-28","10.07"," 1047","0.00","0.0","0.0","71","78","65","  210","  210","21.0","29.1",,,,,
"USW00013874","ATLANTA HARTSFIELD JACKSON INTERNATIONAL AIRPORT, GA US","2024-09-29","5.37"," 1211","0.02","0.0","0.0","71","80","66","  250","  270","15.0","19.9",,,,,
"USW00013874","ATLANTA HARTSFIELD JACKSON INTERNATIONAL AIRPORT, GA US","2024-09-30","5.37"," 1332","0.00","0.0","0.0","72","81","66","  270","  240","13.0","17.0","    1",,,,"    1"
"USW00013874","ATLANTA HARTSFIELD JACKSON INTERNATIONAL AIRPORT, GA US","2024-10-01","7.83",,"0.00","0.0","0.0","72","83","67","  300","  350","15.0","25.9",,,,,
"USW00013874","ATLANTA HARTSFIELD JACKSON INTERNATIONAL AIRPORT, GA US","2024-10-02","5.14",,"0.00","0.0","0.0","75","86","66","   10","   10","14.1","19.0",,,,,
"USW00013874","ATLANTA HARTSFIELD JACKSON INTERNATIONAL AIRPORT, GA US","2024-10-03","6.04",,"0.00","0.0","0.0","76","85","68","  120","  150","12.1","17.0","    1",,,,"    1"
"USW00013874","ATLANTA HARTSFIELD JACKSON INTERNATIONAL AIRPORT, GA US","2024-10-04","5.82",,"0.00","0.0","0.0","75","79","70","   50","   60","12.1","19.0",,,,,
"USW00013874","ATLANTA HARTSFIELD JACKSON INTERNATIONAL AIRPORT, GA US","2024-10-05","6.04",,"0.00","0.0","0.0","76","86","69","   80","   60","13.0","18.1",,,,,
"USW00013874","ATLANTA HARTSFIELD JACKSON INTERNATIONAL AIRPORT, GA US","2024-10-06","5.14",,"0.00","0.0","0.0","76","86","67","   90","  100","12.1","19.9",,,,,
"USW00013874","ATLANTA HARTSFIELD JACKSON INTERNATIONAL AIRPORT, GA US","2024-10-07","7.61",,"0.00","0.0","0.0","76","87","65","  310","  350","15.0","21.9",,,,,
"USW00013874","ATLANTA HARTSFIELD JACKSON INTERNATIONAL AIRPORT, GA US","2024-10-08","8.50",,"0.00","0.0","0.0","70","81","57","   80","   80","18.1","23.0",,,,,
"USW00013874","ATLANTA HARTSFIELD JACKSON INTERNATIONAL AIRPORT, GA US","2024-10-09","8.05",,"0.00","0.0","0.0","72","80","64","   70","   50","14.1","19.9",,,,,
"USW00013874","ATLANTA HARTSFIELD JACKSON INTERNATIONAL AIRPORT, GA US","2024-10-10","7.83",,"0.00","0.0","0.0","70","78","62","   70","   60","19.9","25.1",,,,,"    1"
"USW00013874","ATLANTA HARTSFIELD JACKSON INTERNATIONAL AIRPORT, GA US","2024-10-11","4.92",,"0.00","0.0","0.0","66","76","55","  110","  110","13.0","18.1",,,,,
"USW00013874","ATLANTA HARTSFIELD JACKSON INTERNATIONAL AIRPORT, GA US","2024-10-12","5.37",,"0.00","0.0","0.0","66","79","53","  290","  280","15.0","19.9",,,,,
"USW00013874","ATLANTA HARTSFIELD JACKSON INTERNATIONAL AIRPORT, GA US","2024-10-13","7.38",,"0.00","0.0","0.0","69","84","57","  260","  290","14.1","21.0",,,,,
"USW00013874","ATLANTA HARTSFIELD JACKSON INTERNATIONAL AIRPORT, GA US","2024-10-14","11.41",,"0.00","0.0","0.0","70","73","53","  320","  320","23.0","30.0",,,,,
"USW00013874","ATLANTA HARTSFIELD JACKSON INTERNATIONAL AIRPORT, GA US","2024-10-15","9.62",,"0.00","0.0","0.0","57","68","47","  340","   10","21.0","30.0",,,,,
"USW00013874","ATLANTA HARTSFIELD JACKSON INTERNATIONAL AIRPORT, GA US","2024-10-16","11.86",,"0.00","0.0","0.0","53","63","43","  340","   10","18.1","33.1",,,,,
"USW00013874","ATLANTA HARTSFIELD JACKSON INTERNATIONAL AIRPORT, GA US","2024-10-17","4.92",,"0.00","0.0","0.0","53","66","41","  320","  360","10.1","17.0",,,,,
"USW00013874","ATLANTA HARTSFIELD JACKSON INTERNATIONAL AIRPORT, GA US","2024-10-18","6.93",,"0.00","0.0","0.0","57","69","47","   70","   70","16.1","21.9",,,,,
"USW00013874","ATLANTA HARTSFIELD JACKSON INTERNATIONAL AIRPORT, GA US","2024-10-19","8.05",,"0.00","0.0","0.0","60","73","49","   70","   70","15.0","21.0",,,,,"    1"
"USW00013874","ATLANTA HARTSFIELD JACKSON INTERNATIONAL AIRPORT, GA US","2024-10-20","5.82",,"0.00","0.0","0.0","64","78","52","  340","  320","12.1","21.0",,,,,
"USW00013874","ATLANTA HARTSFIELD JACKSON INTERNATIONAL AIRPORT, GA US","2024-10-21","4.92",,"0.00","0.0","0.0","67","80","53","   80","   80","14.1","18.1",,,,,"    1"
"USW00013874","ATLANTA HARTSFIELD JACKSON INTERNATIONAL AIRPORT, GA US","2024-10-22","4.47",,"0.00","0.0","0.0","67","79","55","   90","   90","12.1","18.1",,,,,
"USW00013874","ATLANTA HARTSFIELD JACKSON INTERNATIONAL AIRPORT, GA US","2024-10-23","4.47",,"0.00","0.0","0.0","69","82","57","  280","  320","10.1","17.0",,,,,
"USW00013874","ATLANTA HARTSFIELD JACKSON INTERNATIONAL AIRPORT, GA US","2024-10-24","8.05",,"0.00","0.0","0.0","70","83","60","  310","  340","15.0","23.9",,,,,"    1"
"USW00013874","ATLANTA HARTSFIELD JACKSON INTERNATIONAL AIRPORT, GA US","2024-10-25","3.36",,"0.00","0.0","0.0","69","83","54","  300","  230","10.1","15.0",,,,,
"USW00013874","ATLANTA HARTSFIELD JACKSON INTERNATIONAL AIRPORT, GA US","2024-10-26","6.71",,"0.00","0.0","0.0","73","87","62","  310","  270","14.1","19.0",,,,,
"USW00013874","ATLANTA HARTSFIELD JACKSON INTERNATIONAL AIRPORT, GA US","2024-10-27","9.40",,"0.00","0.0","0.0","67","76","58","   60","   60","18.1","23.0",,,,,"    1"
"USW00013874","ATLANTA HARTSFIELD JACKSON INTERNATIONAL AIRPORT, GA US","2024-10-28","8.28",,"0.00","0.0","0.0","61","69","57","   80","   80","17.0","19.9",,,,,
"USW00013874","ATLANTA HARTSFIELD JACKSON INTERNATIONAL AIRPORT, GA US","2024-10-29","8.28",,"0.00","0.0","0.0","64","76","55","  100","   80","13.0","19.0",,,,,
"USW00013874","ATLANTA HARTSFIELD JACKSON INTERNATIONAL AIRPORT, GA US","2024-10-30","8.95",,"0.00","0.0","0.0","68","80","62","  110","   70","15.0","19.9","    1",,,,
"USW00013874","ATLANTA HARTSFIELD JACKSON INTERNATIONAL AIRPORT, GA US","2024-10-31","6.49",,"0.00","0.0","0.0","70","80","62","  160","  160","14.1","18.1",,,,,
"USW00013874","ATLANTA HARTSFIELD JACKSON INTERNATIONAL AIRPORT, GA US","2024-11-01","5.37",,"0.00","0.0","0.0","69","75","64","  330","  340","13.0","18.1",,,,,
"USW00013874","ATLANTA HARTSFIELD JACKSON INTERNATIONAL AIRPORT, GA US","2024-11-02","3.36",,"0.00","0.0","0.0","68","80","61","  350","  360","8.1","14.1","    1",,,,"    1"
"USW00013874","ATLANTA HARTSFIELD JACKSON INTERNATIONAL AIRPORT, GA US","2024-11-03","10.51",,"0.00","0.0","0.0","66","67","60","   70","   90","17.0","23.0","    1",,,,
"USW00013874","ATLANTA HARTSFIELD JACKSON INTERNATIONAL AIRPORT, GA US","2024-11-04","12.08",,"0.00","0.0","0.0","61","63","59","   80","   70","18.1","23.0","    1",,,,
"USW00013874","ATLANTA HARTSFIELD JACKSON INTERNATIONAL AIRPORT, GA US","2024-11-05","9.84",,"0.00","0.0","0.0","66","78","61","  130","  130","16.1","23.0","    1","    1",,,"    1"
"USW00013874","ATLANTA HARTSFIELD JACKSON INTERNATIONAL AIRPORT, GA US","2024-11-06","8.72",,"0.00","0.0","0.0","70","74","67","   80","   90","15.0","19.9","    1",,,,
"USW00013874","ATLANTA HARTSFIELD JACKSON INTERNATIONAL AIRPORT, GA US","2024-11-07","8.05",,"0.00","0.0","0.0","70","73","67","   50","   30","14.1","19.9","    1",,,,
"USW00013874","ATLANTA HARTSFIELD JACKSON INTERNATIONAL AIRPORT, GA US","2024-11-08","4.25",,"0.00","0.0","0.0","71","80","66","   50","   50","8.9","14.1","    1",,,,"    1"
"USW00013874","ATLANTA HARTSFIELD JACKSON INTERNATIONAL AIRPORT, GA US","2024-11-09","8.72",,"0.00","0.0","0.0","69","75","63","   90","   90","18.1","23.0","    1","    1",,,
"USW00013874","ATLANTA HARTSFIELD JACKSON INTERNATIONAL AIRPORT, GA US","2024-11-10","10.51",,"0.07","0.0","0.0","62","65","56","   80","   70","18.1","23.0","    1","    1",,,
"USW00013874","ATLANTA HARTSFIELD JACKSON INTERNATIONAL AIRPORT, GA US","2024-11-11","4.70",,"0.00","0.0","0.0","63","76","57","  360","  350","13.0","19.0","    1","    1",,,"    1"
"USW00013874","ATLANTA HARTSFIELD JACKSON INTERNATIONAL AIRPORT, GA US","2024-11-12","6.49",,"0.00","0.0","0.0","64","77","52","   90","  100","13.0","19.0",,,,,
"USW00013874","ATLANTA HARTSFIELD JACKSON INTERNATIONAL AIRPORT, GA US","2024-11-13","14.09",,"0.04","0.0","0.0","60","66","52","   90","  110","21.9","33.1",,,,,"    1"
"USW00013874","ATLANTA HARTSFIELD JACKSON INTERNATIONAL AIRPORT, GA US","2024-11-14","8.72",,"0.97","0.0","0.0","54","56","50","  110","  110","21.0","29.1","    1",,,,
"USW00013874","ATLANTA HARTSFIELD JACKSON INTERNATIONAL AIRPORT, GA US","2024-11-15","10.29",,"0.00","0.0","0.0","56","66","48","  350","  340","16.1","21.9","    1",,,,
"USW00013874","ATLANTA HARTSFIELD JACKSON INTERNATIONAL AIRPORT, GA US","2024-11-16","2.24",,"0.00","0.0","0.0","56","72","45","  250","  270","8.9","14.1",,,,,
"USW00013874","ATLANTA HARTSFIELD JACKSON INTERNATIONAL AIRPORT, GA US","2024-11-17","2.01",,"0.00","0.0","0.0","58","73","46","  200","  200","8.1","12.1",,,,,
"USW00013874","ATLANTA HARTSFIELD JACKSON INTERNATIONAL AIRPORT, GA US","2024-11-18","5.14",,"0.00","0.0","0.0","62","75","51","  220","  210","15.0","19.9",,,,,
"USW00013874","ATLANTA HARTSFIELD JACKSON INTERNATIONAL AIRPORT, GA US","2024-11-19","8.28",,"1.63","0.0","0.0","61","64","59","  140","  140","18.1","25.1","    1",,,,
"USW00013874","ATLANTA HARTSFIELD JACKSON INTERNATIONAL AIRPORT, GA US","2024-11-20","11.86",,"0.46","0.0","0.0","66","74","48","  300","  310","29.1","36.0","    1",,,,
"USW00013874","ATLANTA HARTSFIELD JACKSON INTERNATIONAL AIRPORT, GA US","2024-11-21","14.32",,"0.00","0.0","0.0","50","60","41","  300","  310","32.0","55.0",,,,,
"USW00013874","ATLANTA HARTSFIELD JACKSON INTERNATIONAL AIRPORT, GA US","2024-11-22","13.20",,"0.00","0.0","0.0","46","54","38","  320","  300","25.9","40.9",,,,,
"USW00013874","ATLANTA HARTSFIELD JACKSON INTERNATIONAL AIRPORT, GA US","2024-11-23","9.40",,"0.00","0.0","0.0","47","61","37","  310","  330","16.1","21.9",,,,,
"USW00013874","ATLANTA HARTSFIELD JACKSON INTERNATIONAL AIRPORT, GA US","2024-11-24","5.82",,"0.00","0.0","0.0","51","70","40","  300","  270","10.1","15.0",,,,,
"USW00013874","ATLANTA HARTSFIELD JACKSON INTERNATIONAL AIRPORT, GA US","2024-11-25","6.04",,"0.00","0.0","0.0","57","72","46","  260","  260","19.9","25.9",,,,,
"USW00013874","ATLANTA HARTSFIELD JACKSON INTERNATIONAL AIRPORT, GA US","2024-11-26","9.40",,"0.15","0.0","0.0","61","64","46","  350","  330","18.1","21.9","    1",,,,
"USW00013874","ATLANTA HARTSFIELD JACKSON INTERNATIONAL AIRPORT, GA US","2024-11-27","4.47",,"0.00","0.0","0.0","52","65","42","  210","  210","13.0","17.0",,,,,
"USW00013874","ATLANTA HARTSFIELD JACKSON INTERNATIONAL AIRPORT, GA US","2024-11-28","13.87",,"0.05","0.0","0.0","60","67","43","  230","  230","23.0","38.9","    1",,,,
"USW00013874","ATLANTA HARTSFIELD JACKSON INTERNATIONAL AIRPORT, GA US","2024-11-29","12.08",,"0.00","0.0","0.0","44","51","36","  320","  310","21.9","28.0",,,,,
"USW00013874","ATLANTA HARTSFIELD JACKSON INTERNATIONAL AIRPORT, GA US","2024-11-30","8.05",,"0.00","0.0","0.0","39","50","31","  310","  360","15.0","23.0",,,,,
"USW00013874","ATLANTA HARTSFIELD JACKSON INTERNATIONAL AIRPORT, GA US","2024-12-01","6.71",,"0.00","0.0","0.0","42","55","31","  280","  270","17.0","23.9",,,,,
"USW00013874","ATLANTA HARTSFIELD JACKSON INTERNATIONAL AIRPORT, GA US","2024-12-02","8.72"," 1001","0.00","0.0","0.0","42","51","32","  330","  330","16.1","23.0",,,,,
"USW00013874","ATLANTA HARTSFIELD JACKSON INTERNATIONAL AIRPORT, GA US","2024-12-03","8.95"," 0633","0.00","0.0","0.0","38","45","30","  330","  330","18.1","25.1",,,,,
"USW00013874","ATLANTA HARTSFIELD JACKSON INTERNATIONAL AIRPORT, GA US","2024-12-04","6.71"," 1253","0.00","0.0","0.0","38","54","27","  220","  220","14.1","19.0",,,,,
"USW00013874","ATLANTA HARTSFIELD JACKSON INTERNATIONAL AIRPORT, GA US","2024-12-05","15.21"," 1504","0.00","0.0","0.0","51","58","31","  320","  310","23.9","36.0",,,,,
"USW00013874","ATLANTA HARTSFIELD JACKSON INTERNATIONAL AIRPORT, GA US","2024-12-06","9.40"," 1726","0.00","0.0","0.0","34","46","24","  310","  340","16.1","19.9",,,,,
"USW00013874","ATLANTA HARTSFIELD JACKSON INTERNATIONAL AIRPORT, GA US","2024-12-07","6.04"," 0445","0.00","0.0","0.0","40","58","30","  320","  320","13.0","16.1",,,,,
"USW00013874","ATLANTA HARTSFIELD JACKSON INTERNATIONAL AIRPORT, GA US","2024-12-08","4.47"," 2220","0.00","0.0","0.0","48","62","37","  100","  120","12.1","14.1",,,,,
"USW00013874","ATLANTA HARTSFIELD JACKSON INTERNATIONAL AIRPORT, GA US","2024-12-09","6.93"," 2218","0.34","0.0","0.0","55","65","49","  200","  220","17.0","25.9","    1",,,,
"USW00013874","ATLANTA HARTSFIELD JACKSON INTERNATIONAL AIRPORT, GA US","2024-12-10","7.61"," 1346","1.40","0.0","0.0","65","68","63","  190","  180","19.9","25.9",,,,,
"USW00013874","ATLANTA HARTSFIELD JACKSON INTERNATIONAL AIRPORT, GA US","2024-12-11","14.32"," 1157","0.43","0.0","0.0","55","64","38","  310","  310","36.0","51.0",,,,,
"USW00013874","ATLANTA HARTSFIELD JACKSON INTERNATIONAL AIRPORT, GA US","2024-12-12","6.26"," 0958","0.00","0.0","0.0","41","53","32","  350","  360","17.0","23.9",,,,,
"USW00013874","ATLANTA HARTSFIELD JACKSON INTERNATIONAL AIRPORT, GA US","2024-12-13","6.04"," 2121","0.00","0.0","0.0","46","59","37","  150","  100","13.0","19.0",,,,,
"USW00013874","ATLANTA HARTSFIELD JACKSON INTERNATIONAL AIRPORT, GA US","2024-12-14","12.75"," 1945","0.00","0.0","0.0","51","59","43","   90","   80","19.9","27.1",,,,,
"USW00013874","ATLANTA HARTSFIELD JACKSON INTERNATIONAL AIRPORT, GA US","2024-12-15","10.96"," 0050","0.03","0.0","0.0","47","51","43","   90","   90","21.0","27.1",,,,,
"USW00013874","ATLANTA HARTSFIELD JACKSON INTERNATIONAL AIRPORT, GA US","2024-12-16","5.37"," 2011","0.00","0.0","0.0","51","67","45","  100","  100","12.1","15.0","    1",,,,"    1"
"USW00013874","ATLANTA HARTSFIELD JACKSON INTERNATIONAL AIRPORT, GA US","2024-12-17","4.70"," 1257","0.00","0.0","0.0","60","74","50","  290","  290","16.1","19.0",,,,,
"USW00013874","ATLANTA HARTSFIELD JACKSON INTERNATIONAL AIRPORT, GA US","2024-12-18","5.14"," 1719","0.00","0.0","0.0","60","73","52","  310","  290","23.9","36.9",,,,,
"USW00013874","ATLANTA HARTSFIELD JACKSON INTERNATIONAL AIRPORT, GA US","2024-12-19","9.40"," 0823","0.00","0.0","0.0","53","59","42","  320","  320","19.9","25.1",,,,,
"USW00013874","ATLANTA HARTSFIELD JACKSON INTERNATIONAL AIRPORT, GA US","2024-12-20","14.09"," 1602","0.00","0.0","0.0","46","59","36","  310","  310","33.1","48.1",,,,,
"USW00013874","ATLANTA HARTSFIELD JACKSON INTERNATIONAL AIRPORT, GA US","2024-12-21","11.18"," 1554","0.00","0.0","0.0","39","47","32","  330","  320","18.1","25.9",,,,,
"USW00013874","ATLANTA HARTSFIELD JACKSON INTERNATIONAL AIRPORT, GA US","2024-12-22","6.26"," 1043","0.00","0.0","0.0","38","49","30","   90","  100","14.1","19.9",,,,,
"USW00013874","ATLANTA HARTSFIELD JACKSON INTERNATIONAL AIRPORT, GA US","2024-12-23","8.72"," 1107","0.00","0.0","0.0","39","50","31","   80","  100","17.0","21.9",,,,,
"USW00013874","ATLANTA HARTSFIELD JACKSON INTERNATIONAL AIRPORT, GA US","2024-12-24","4.92"," 0837","0.00","0.0","0.0","43","60","32","  360","   20","8.9","14.1",,,,,
"USW00013874","ATLANTA HARTSFIELD JACKSON INTERNATIONAL AIRPORT, GA US","2024-12-25","7.38"," 1143","0.00","0.0","0.0","48","60","37","  120","  110","14.1","19.9",,,,,
"USW00013874","ATLANTA HARTSFIELD JACKSON INTERNATIONAL AIRPORT, GA US","2024-12-26","11.18"," 2016","0.03","0.0","0.0","47","52","43","   90","  100","18.1","25.1",,,,,
"USW00013874","ATLANTA HARTSFIELD JACKSON INTERNATIONAL AIRPORT, GA US","2024-12-27","11.86"," 1203","0.39","0.0","0.0","46","51","43","  100","  100","21.0","27.1",,,,,
"USW00013874","ATLANTA HARTSFIELD JACKSON INTERNATIONAL AIRPORT, GA US","2024-12-28","9.17"," 2047","0.50","0.0","0.0","49","55","47","  100","  100","14.1","19.9",,,,,
"USW00013874","ATLANTA HARTSFIELD JACKSON INTERNATIONAL AIRPORT, GA US","2024-12-29","11.18"," 0409","0.86","0.0","0.0","59","65","50","  260","  180","23.9","34.0",,,,,
"USW00013874","ATLANTA HARTSFIELD JACKSON INTERNATIONAL AIRPORT, GA US","2024-12-30","5.82"," 0645","0.00","0.0","0.0","54","67","46","  290","  290","10.1","14.1",,,,,
"USW00013874","ATLANTA HARTSFIELD JACKSON INTERNATIONAL AIRPORT, GA US","2024-12-31","14.99"," 1432","0.00","0.0","0.0","58","72","49","  260","  260","32.0","47.0",,,,,
