"STATION","NAME","DATE","AWND","PGTM","PRCP","SNOW","SNWD","TAVG","TMAX","TMIN","WDF2","WDF5","WSF2","WSF5","WT01","WT02","WT03","WT04","WT06","WT08"
"USW00094789","JFK INTERNATIONAL AIRPORT, NY US","2024-01-01","6.71",,"0.00","0.0","0.0","42","47","35","  350","  340","15.0","18.1",,,,,,
"USW00094789","JFK INTERNATIONAL AIRPORT, NY US","2024-01-02","9.84",,"0.00","0.0","0.0","36","42","28","  350","  350","18.1","21.9",,,,,,
"USW00094789","JFK INTERNATIONAL AIRPORT, NY US","2024-01-03","8.50",,"0.00","0.0","0.0","39","45","33","  300","  300","14.1","19.9",,,,,,
"USW00094789","JFK INTERNATIONAL AIRPORT, NY US","2024-01-04","14.32",,"0.00","0.0","0.0","40","46","28","  310","  310","29.1","34.0",,,,,,
"USW00094789","JFK INTERNATIONAL AIRPORT, NY US","2024-01-05","13.20",,"0.00","0.0","0.0","31","38","26","  340","  330","23.0","28.0",,,,,,
"USW00094789","JFK INTERNATIONAL AIRPORT, NY US","2024-01-06","11.18",,"0.54","0.1","0.0","33","39","27","   70","   60","29.1","36.0","    1",,,,,
"USW00094789","JFK INTERNATIONAL AIRPORT, NY US","2024-01-07","15.66",,"0.28","0.0","0.0","37","39","35","  320","  310","23.0","31.1","    1",,,,,
"USW00094789","JFK INTERNATIONAL AIRPORT, NY US","2024-01-08","12.30",,"0.00","0.0","0.0","39","45","32","  330","  330","33.1","40.9",,,,,,
"USW00094789","JFK INTERNATIONAL AIRPORT, NY US","2024-01-09","16.55",,"1.59","0.0","0.0","37","54","28","  150","  160","40.0","53.9","    1",,,,,
"USW00094789","JFK INTERNATIONAL AIRPORT, NY US","2024-01-10","22.59",,"0.28","0.0","0.0","50","54","43","  270","  280","36.0","46.1","    1",,,,,
"USW00094789","JFK INTERNATIONAL AIRPORT, NY US","2024-01-11","14.76",,"0.00","0.0","0.0","44","46","39","  270","  270","28.0","35.1",,,,,,
"USW00094789","JFK INTERNATIONAL AIRPORT, NY US","2024-01-12","11.41",,"0.06","0.0","0.0","42","48","34","  100","  110","31.1","42.9","    1",,,,,
"USW00094789","JFK INTERNATIONAL AIRPORT, NY US","2024-01-13","22.82",,"1.13","0.0","0.0","49","56","35","  280","  280","38.0","49.0","    1","    1",,,,
"USW00094789","JFK INTERNATIONAL AIRPORT, NY US","2024-01-14","21.47",,"0.00","0.0","0.0","37","44","26","  280","  270","36.9","48.1",,,,,,
"USW00094789","JFK INTERNATIONAL AIRPORT, NY US","2024-01-15","9.40",,"0.06","0.7","0.0","27","29","23","  310","  290","17.0","21.0","    1",,,,,
"USW00094789","JFK INTERNATIONAL AIRPORT, NY US","2024-01-16","14.32",,"0.36","1.3","2.0","28","32","22","  310","  320","30.0","38.0","    1",,,"    1","    1",
"USW00094789","JFK INTERNATIONAL AIRPORT, NY US","2024-01-17","18.12",,"0.00","0.0","1.2","22","24","18","  260","  260","28.0","32.0",,,,,,
"USW00094789","JFK INTERNATIONAL AIRPORT, NY US","2024-01-18","11.41",,"0.00","0.0","1.2","26","33","22","  270","  270","21.0","25.1",,,,,,
"USW00094789","JFK INTERNATIONAL AIRPORT, NY US","2024-01-19","10.96",,"0.01","0.3","0.0","30","33","25","  350","  340","21.0","23.9","    1",,,,,"    1"
"USW00094789","JFK INTERNATIONAL AIRPORT, NY US","2024-01-20","20.80",,"0.00","0.0","0.0","23","26","18","  310","  320","30.0","38.9",,,,,,
"USW00094789","JFK INTERNATIONAL AIRPORT, NY US","2024-01-21","17.90",,"0.00","0.0","0.0","23","32","19","  310","  310","29.1","35.1",,,,,,
"USW00094789","JFK INTERNATIONAL AIRPORT, NY US","2024-01-22","12.53",,"0.00","0.0","0.0","28","36","22","  250","  240","21.9","27.1",,,,,,
"USW00094789","JFK INTERNATIONAL AIRPORT, NY US","2024-01-23","7.61",,"0.01","0.0","0.0","36","40","32","  240","  250","18.1","21.0",,,,"    1",,
"USW00094789","JFK INTERNATIONAL AIRPORT, NY US","2024-01-24","5.37",,"0.09","0.0","0.0","39","45","36","  120","  130","10.1","13.0","    1",,,,,
"USW00094789","JFK INTERNATIONAL AIRPORT, NY US","2024-01-25","6.04",,"0.27","0.0","0.0","47","55","43","  100","  100","23.0","28.0","    1",,,,,
"USW00094789","JFK INTERNATIONAL AIRPORT, NY US","2024-01-26","8.05",,"0.21","0.0","0.0","45","46","41","   90","  100","21.0","25.1","    1","    1",,,,
"USW00094789","JFK INTERNATIONAL AIRPORT, NY US","2024-01-27","5.37",,"0.00","0.0","0.0","43","48","41","   20","   20","12.1","13.0","    1","    1",,,,
"USW00094789","JFK INTERNATIONAL AIRPORT, NY US","2024-01-28","13.65",,"0.92","0.0","0.0","40","41","37","   70","   60","23.9","31.1","    1",,,,,
"USW00094789","JFK INTERNATIONAL AIRPORT, NY US","2024-01-29","15.88",,"0.03","0.0","0.0","37","40","35","  330","  330","25.1","34.0","    1",,,,,
"USW00094789","JFK INTERNATIONAL AIRPORT, NY US","2024-01-30","7.83",,"0.00","0.0","0.0","36","38","34","  360","  360","18.1","23.0",,,,,,
"USW00094789","JFK INTERNATIONAL AIRPORT, NY US","2024-01-31","7.16",,"0.00","0.0","0.0","36","39","34","  130","  120","13.0","19.0","    1",,,,,
"USW00094789","JFK INTERNATIONAL AIRPORT, NY US","2024-02-01","7.38",,"0.00","0.0","0.0","38","44","32","  230","  270","13.0","16.1",,,,,,
"USW00094789","JFK INTERNATIONAL AIRPORT, NY US","2024-02-02","8.50",,"0.19","0.0","0.0","41","42","37","   10","   10","19.9","27.1","    1",,,,,
"USW00094789","JFK INTERNATIONAL AIRPORT, NY US","2024-02-03","14.09",,"0.00","0.0","0.0","37","43","32","  360","  350","23.0","32.0",,,,,,
"USW00094789","JFK INTERNATIONAL AIRPORT, NY US","2024-02-04","10.74",,"0.00","0.0","0.0","37","46","30","  340","  320","19.9","25.1",,,,,,
"USW00094789","JFK INTERNATIONAL AIRPORT, NY US","2024-02-05","12.75",,"0.00","0.0","0.0","37","45","30","  360","  350","21.9","29.1",,,,,,
"USW00094789","JFK INTERNATIONAL AIRPORT, NY US","2024-02-06","10.51",,"0.00","0.0","0.0","34","42","27","   20","   20","18.1","23.9",,,,,,
"USW00094789","JFK INTERNATIONAL AIRPORT, NY US","2024-02-07","6.93",,"0.00","0.0","0.0","37","48","29","  350","   30","16.1","25.1",,,,,,
"USW00094789","JFK INTERNATIONAL AIRPORT, NY US","2024-02-08","5.82",,"0.00","0.0","0.0","40","48","32","  180","  170","13.0","18.1",,,,,,
"USW00094789","JFK INTERNATIONAL AIRPORT, NY US","2024-02-09","9.84",,"0.00","0.0","0.0","43","49","38","  170","  170","21.0","28.0",,,,,,
"USW00094789","JFK INTERNATIONAL AIRPORT, NY US","2024-02-10","6.71",,"0.00","0.0","0.0","44","55","36","  220","  230","14.1","17.0",,,,,,
"USW00094789","JFK INTERNATIONAL AIRPORT, NY US","2024-02-11","9.62",,"0.00","0.0","0.0","48","51","43","  330","  350","21.0","27.1",,,,,,
"USW00094789","JFK INTERNATIONAL AIRPORT, NY US","2024-02-12","6.71",,"0.00","0.0","0.0","42","46","36","   40","   40","13.0","16.1",,,,,,
"USW00094789","JFK INTERNATIONAL AIRPORT, NY US","2024-02-13","14.54",,"0.65","4.2","0.0","36","39","32","  330","  320","23.0","34.0","    1",,,"    1",,
"USW00094789","JFK INTERNATIONAL AIRPORT, NY US","2024-02-14","23.26",,"0.00","0.0","2.0","34","38","28","  310","  320","32.0","42.1",,,,,,
"USW00094789","JFK INTERNATIONAL AIRPORT, NY US","2024-02-15","12.53",,"0.00","0.0","1.2","31","36","26","  200","  300","25.1","32.0",,,,,,
"USW00094789","JFK INTERNATIONAL AIRPORT, NY US","2024-02-16","15.21",,"0.00","0.0","0.0","38","43","34","  300","  290","32.0","46.1",,,,,,
"USW00094789","JFK INTERNATIONAL AIRPORT, NY US","2024-02-17","11.41",,"0.33","6.2","5.9","33","36","26","  310","  300","28.0","33.1","    1",,,,,
"USW00094789","JFK INTERNATIONAL AIRPORT, NY US","2024-02-18","17.45",,"0.00","0.0","3.1","30","40","25","  240","  240","30.0","36.9",,,,,,
"USW00094789","JFK INTERNATIONAL AIRPORT, NY US","2024-02-19","10.74",,"0.00","0.0","1.2","36","41","29","  340","  310","23.0","32.0",,,,,,
"USW00094789","JFK INTERNATIONAL AIRPORT, NY US","2024-02-20","7.61",,"0.00","0.0","0.0","31","36","25","   30","   30","14.1","21.0",,,,,,
"USW00094789","JFK INTERNATIONAL AIRPORT, NY US","2024-02-21","7.61",,"0.00","0.0","0.0","32","39","24","   90","   90","15.0","19.9",,,,,,
"USW00094789","JFK INTERNATIONAL AIRPORT, NY US","2024-02-22","8.50",,"0.05","0.0","0.0","37","41","33","  170","  170","18.1","25.9","    1",,,,,
"USW00094789","JFK INTERNATIONAL AIRPORT, NY US","2024-02-23","7.38",,"0.05","0.0","0.0","43","48","40","  350","  360","15.0","19.9","    1",,,,,"    1"
"USW00094789","JFK INTERNATIONAL AIRPORT, NY US","2024-02-24","14.09",,"0.00","0.0","0.0","42","45","28","  330","  320","23.0","32.0",,,,,,
"USW00094789","JFK INTERNATIONAL AIRPORT, NY US","2024-02-25","10.51",,"0.00","0.0","0.0","30","36","21","  200","  210","19.9","23.9",,,,,,
"USW00094789","JFK INTERNATIONAL AIRPORT, NY US","2024-02-26","8.72",,"0.00","0.0","0.0","38","48","32","  210","  200","19.9","23.9",,,,,,
"USW00094789","JFK INTERNATIONAL AIRPORT, NY US","2024-02-27","12.53",,"0.33","0.0","0.0","43","52","34","  190","  190","28.0","36.9","    1","    1",,,,
"USW00094789","JFK INTERNATIONAL AIRPORT, NY US","2024-02-28","21.92",,"0.08","0.0","0.0","48","56","44","  290","  300","40.9","57.9","    1",,,,,
"USW00094789","JFK INTERNATIONAL AIRPORT, NY US","2024-02-29","19.01",,"0.00","0.0","0.0","39","44","31","  310","  320","38.9","53.0",,,,,,
"USW00094789","JFK INTERNATIONAL AIRPORT, NY US","2024-03-01","10.51",,"0.00","0.0","0.0","35","41","28","  180","  190","21.9","28.0",,,,,,
"USW00094789","JFK INTERNATIONAL AIRPORT, NY US","2024-03-02","11.18",,"1.45","0.0","0.0","44","53","41","  100","  110","28.0","40.0","    1","    1",,,,
"USW00094789","JFK INTERNATIONAL AIRPORT, NY US","2024-03-03","10.29",,"0.00","0.0","0.0","53","68","47","  330","  320","17.0","23.0","    1","    1",,,,
"USW00094789","JFK INTERNATIONAL AIRPORT, NY US","2024-03-04","10.51",,"0.00","0.0","0.0","50","55","42","  100","  100","19.9","28.0","    1",,,,,
"USW00094789","JFK INTERNATIONAL AIRPORT, NY US","2024-03-05","10.96",,"0.42","0.0","0.0","44","48","42","   50","   50","18.1","23.9","    1","    1",,,,
"USW00094789","JFK INTERNATIONAL AIRPORT, NY US","2024-03-06","7.16",,"1.88","0.0","0.0","46","51","45","   40","   50","17.0","21.0","    1","    1",,,,
"USW00094789","JFK INTERNATIONAL AIRPORT, NY US","2024-03-07","15.88",,"0.15","0.0","0.0","50","55","44","  360","  360","25.1","38.0","    1","    1",,,,
"USW00094789","JFK INTERNATIONAL AIRPORT, NY US","2024-03-08","10.51",,"0.00","0.0","0.0","45","66","39","   30","   20","19.9","25.1",,,,,,
"USW00094789","JFK INTERNATIONAL AIRPORT, NY US","2024-03-09","17.22",,"1.70","0.0","0.0","42","49","40","  120","  120","33.1","50.1","    1",,,,,
"USW00094789","JFK INTERNATIONAL AIRPORT, NY US","2024-03-10","19.46",,"0.03","0.0","0.0","46","53","37","  300","  290","36.0","48.1","    1",,,,,
"USW00094789","JFK INTERNATIONAL AIRPORT, NY US","2024-03-11","26.62",,"0.00","0.0","0.0","43","53","35","  320","  310","38.9","55.0",,,,,,
"USW00094789","JFK INTERNATIONAL AIRPORT, NY US","2024-03-12","13.42",,"0.00","0.0","0.0","52","67","41","  290","  290","23.9","33.1",,,,,,
"USW00094789","JFK INTERNATIONAL AIRPORT, NY US","2024-03-13","6.04",,"0.00","0.0","0.0","51","57","41","  130","  160","17.0","21.0",,,,,,
"USW00094789","JFK INTERNATIONAL AIRPORT, NY US","2024-03-14","6.04",,"0.00","0.0","0.0","50","66","41","  170","  180","13.0","17.0",,,,,,
"USW00094789","JFK INTERNATIONAL AIRPORT, NY US","2024-03-15","11.18",,"0.00","0.0","0.0","58","72","49","  320","  320","25.9","33.1",,,,,,
"USW00094789","JFK INTERNATIONAL AIRPORT, NY US","2024-03-16","11.18",,"0.00","0.0","0.0","51","55","43","  180","  180","21.9","28.0",,,,,,
"USW00094789","JFK INTERNATIONAL AIRPORT, NY US","2024-03-17","13.65",,"0.00","0.0","0.0","53","63","47","  280","  280","28.0","36.9",,,,,,
"USW00094789","JFK INTERNATIONAL AIRPORT, NY US","2024-03-18","14.76",,"0.00","0.0","0.0","49","53","38","  320","  310","25.9","35.1",,,,,,
"USW00094789","JFK INTERNATIONAL AIRPORT, NY US","2024-03-19","16.33",,"0.00","0.0","0.0","41","48","35","  300","  270","30.0","36.9",,,,,,
"USW00094789","JFK INTERNATIONAL AIRPORT, NY US","2024-03-20","14.76",,"0.03","0.0","0.0","45","53","34","  330","  300","33.1","42.9",,,,,,
"USW00094789","JFK INTERNATIONAL AIRPORT, NY US","2024-03-21","19.24",,"0.00","0.0","0.0","37","44","30","  320","  320","32.0","42.9",,,,,,
"USW00094789","JFK INTERNATIONAL AIRPORT, NY US","2024-03-22","9.62",,"0.00","0.0","0.0","34","41","28","  330","  320","21.9","27.1",,,,,,
"USW00094789","JFK INTERNATIONAL AIRPORT, NY US","2024-03-23","16.78",,"3.13","0.0","0.0","45","52","35","  340","  340","38.0","55.0","    1",,,,,
"USW00094789","JFK INTERNATIONAL AIRPORT, NY US","2024-03-24","15.88",,"0.00","0.0","0.0","38","46","31","  350","  340","32.0","40.9",,,,,,
"USW00094789","JFK INTERNATIONAL AIRPORT, NY US","2024-03-25","12.75",,"0.00","0.0","0.0","41","52","34","   50","   40","23.9","31.1",,,,,,
"USW00094789","JFK INTERNATIONAL AIRPORT, NY US","2024-03-26","10.07",,"0.00","0.0","0.0","43","49","38","   50","   40","21.0","28.0",,,,,,
"USW00094789","JFK INTERNATIONAL AIRPORT, NY US","2024-03-27","5.37",,"0.11","0.0","0.0","44","50","40","  120","  110","16.1","19.0","    1",,,,,
"USW00094789","JFK INTERNATIONAL AIRPORT, NY US","2024-03-28","10.29",,"0.96","0.0","0.0","47","49","44","  340","  340","21.0","28.0","    1",,,,,
"USW00094789","JFK INTERNATIONAL AIRPORT, NY US","2024-03-29","19.91",,"0.00","0.0","0.0","47","57","42","  310","  290","33.1","45.0",,,,,,
"USW00094789","JFK INTERNATIONAL AIRPORT, NY US","2024-03-30","16.55",,"0.02","0.0","0.0","48","61","41","  300","  290","25.1","38.0","    1",,,,,
"USW00094789","JFK INTERNATIONAL AIRPORT, NY US","2024-03-31","10.74",,"0.00","0.0","0.0","54","62","45","  260","  320","21.0","30.0",,,,,,
"USW00094789","JFK INTERNATIONAL AIRPORT, NY US","2024-04-01",,,"0.01","0.0","0.0","51","53","44",,,,,,,,,,
"USW00094789","JFK INTERNATIONAL AIRPORT, NY US","2024-04-02",,,"1.02","0.0","0.0","46","48","42",,,,,,,,,,
"USW00094789","JFK INTERNATIONAL AIRPORT, NY US","2024-04-03",,,"1.22","0.0","0.0","43","45","41",,,,,,,,,,
"USW00094789","JFK INTERNATIONAL AIRPORT, NY US","2024-04-04",,,"0.21","0.0","0.0","43","52","37",,,,,,,,,,
"USW00094789","JFK INTERNATIONAL AIRPORT, NY US","2024-04-05",,,"0.00","0.0","0.0","44","50","38",,,,,,,,,,
"USW00094789","JFK INTERNATIONAL AIRPORT, NY US","2024-04-06",,,"0.00","0.0","0.0","46","55","42",,,,,,,,,,
"USW00094789","JFK INTERNATIONAL AIRPORT, NY US","2024-04-07",,,"0.00","0.0","0.0","48","58","41",,,,,,,,,,
"USW00094789","JFK INTERNATIONAL AIRPORT, NY US","2024-04-08",,,"0.00","0.0","0.0","49","63","40",,,,,,,,,,
"USW00094789","JFK INTERNATIONAL AIRPORT, NY US","2024-04-09",,,"0.00","0.0","0.0","56","69","45",,,,,,,,,,
"USW00094789","JFK INTERNATIONAL AIRPORT, NY US","2024-04-10",,,"0.00","0.0","0.0","54","69","50",,,,,,,,,,
"USW00094789","JFK INTERNATIONAL AIRPORT, NY US","2024-04-11",,,"0.05","0.0","0.0","53","59","50",,,,,,,,,,
"USW00094789","JFK INTERNATIONAL AIRPORT, NY US","2024-04-12",,,"0.20","0.0","0.0","56","63","53",,,,,,,,,,
"USW00094789","JFK INTERNATIONAL AIRPORT, NY US","2024-04-13",,,"0.00","0.0","0.0","53","55","47",,,,,,,,,,
"USW00094789","JFK INTERNATIONAL AIRPORT, NY US","2024-04-14",,,"0.01","0.0","0.0","54","65","43",,,,,,,,,,
"USW00094789","JFK INTERNATIONAL AIRPORT, NY US","2024-04-15",,,"0.00","0.0","0.0","62","77","52",,,,,,,,,,
"USW00094789","JFK INTERNATIONAL AIRPORT, NY US","2024-04-16",,,"0.00","0.0","0.0","61","72","50",,,,,,,,,,
"USW00094789","JFK INTERNATIONAL AIRPORT, NY US","2024-04-17",,,"0.06","0.0","0.0","53","57","46",,,,,,,,,,
"USW00094789","JFK INTERNATIONAL AIRPORT, NY US","2024-04-18",,,"0.12","0.0","0.0","48","49","45",,,,,,,,,,
"USW00094789","JFK INTERNATIONAL AIRPORT, NY US","2024-04-19",,,"0.00","0.0","0.0","48","55","44",,,,,,,,,,
"USW00094789","JFK INTERNATIONAL AIRPORT, NY US","2024-04-20",,,"0.17","0.0","0.0","53","67","47",,,,,,,,,,
"USW00094789","JFK INTERNATIONAL AIRPORT, NY US","2024-04-21",,,"0.00","0.0","0.0","49","53","41",,,,,,,,,,
"USW00094789","JFK INTERNATIONAL AIRPORT, NY US","2024-04-22",,,"0.00","0.0","0.0","51","62","42",,,,,,,,,,
"USW00094789","JFK INTERNATIONAL AIRPORT, NY US","2024-04-23",,,"0.00","0.0","0.0","50","57","41",,,,,,,,,,
"USW00094789","JFK INTERNATIONAL AIRPORT, NY US","2024-04-24",,,"0.02","0.0","0.0","55","68","49",,,,,,,,,,
"USW00094789","JFK INTERNATIONAL AIRPORT, NY US","2024-04-25",,,"0.00","0.0","0.0","50","53","42",,,,,,,,,,
"USW00094789","JFK INTERNATIONAL AIRPORT, NY US","2024-04-26",,,"0.00","0.0","0.0","47","55","37",,,,,,,,,,
"USW00094789","JFK INTERNATIONAL AIRPORT, NY US","2024-04-27",,,"0.00","0.0","0.0","49","56","42",,,,,,,,,,
"USW00094789","JFK INTERNATIONAL AIRPORT, NY US","2024-04-28",,,"0.03","0.0","0.0","56","68","50",,,,,,,,,,
"USW00094789","JFK INTERNATIONAL AIRPORT, NY US","2024-04-29",,,"0.00","0.0","0.0","67","82","58",,,,,,,,,,
"USW00094789","JFK INTERNATIONAL AIRPORT, NY US","2024-04-30","9.84",,"0.00","0.0","0.0","60","67","52","   20","   10","17.0","21.0","    1",,,,,
"USW00094789","JFK INTERNATIONAL AIRPORT, NY US","2024-05-01","8.28",,"0.00","0.0","0.0","58","71","51","  150","  160","17.0","21.0","    1",,,,,
"USW00094789","JFK INTERNATIONAL AIRPORT, NY US","2024-05-02","8.72",,"0.00","0.0","0.0","56","66","50","   60","   50","17.0","23.9","    1",,,,,"    1"
"USW00094789","JFK INTERNATIONAL AIRPORT, NY US","2024-05-03","8.28",,"0.00","0.0","0.0","58","63","49","  130","  120","18.1","23.0",,,,,,
"USW00094789","JFK INTERNATIONAL AIRPORT, NY US","2024-05-04","9.62",,"0.00","0.0","0.0","53","61","48","  130","  130","18.1","23.0",,,,,,
"USW00094789","JFK INTERNATIONAL AIRPORT, NY US","2024-05-05","10.29",,"0.22","0.0","0.0","51","54","49","  110","  120","18.1","23.9","    1",,,,,
"USW00094789","JFK INTERNATIONAL AIRPORT, NY US","2024-05-06","5.82",,"0.05","0.0","0.0","59","71","54","  190","  210","12.1","14.1","    1","    1",,,,
"USW00094789","JFK INTERNATIONAL AIRPORT, NY US","2024-05-07","8.72",,"0.00","0.0","0.0","65","77","57","  180","   10","16.1","21.0","    1",,,,,
"USW00094789","JFK INTERNATIONAL AIRPORT, NY US","2024-05-08","11.18",,"0.06","0.0","0.0","65","80","58","  350","  340","25.1","34.0","    1",,"    1",,,
"USW00094789","JFK INTERNATIONAL AIRPORT, NY US","2024-05-09","10.51",,"0.00","0.0","0.0","68","71","54","  110","  100","19.9","25.9",,,,,,
"USW00094789","JFK INTERNATIONAL AIRPORT, NY US","2024-05-10","10.29",,"0.29","0.0","0.0","53","55","49","  100","  100","21.0","31.1","    1",,,,,
"USW00094789","JFK INTERNATIONAL AIRPORT, NY US","2024-05-11","11.18",,"0.00","0.0","0.0","52","60","47","  150","  130","16.1","21.9",,,,,,
"USW00094789","JFK INTERNATIONAL AIRPORT, NY US","2024-05-12","8.95",,"0.05","0.0","0.0","51","55","49","  250","  240","14.1","19.0",,,,,,
"USW00094789","JFK INTERNATIONAL AIRPORT, NY US","2024-05-13","10.74",,"0.00","0.0","0.0","54","64","48","  220","  220","17.0","23.0",,,,,,
"USW00094789","JFK INTERNATIONAL AIRPORT, NY US","2024-05-14","9.62",,"0.01","0.0","0.0","59","67","53","  190","  190","18.1","25.9",,,,,,
"USW00094789","JFK INTERNATIONAL AIRPORT, NY US","2024-05-15","11.41",,"0.26","0.0","0.0","60","66","58","   30","   30","25.9","38.9","    1",,,,,
"USW00094789","JFK INTERNATIONAL AIRPORT, NY US","2024-05-16","19.46",,"0.07","0.0","0.0","62","68","59","   40","   30","32.0","42.1","    1",,,,,
"USW00094789","JFK INTERNATIONAL AIRPORT, NY US","2024-05-17","9.62",,"0.00","0.0","0.0","65","73","58","   50","   60","21.9","27.1","    1",,,,,
"USW00094789","JFK INTERNATIONAL AIRPORT, NY US","2024-05-18","6.04",,"0.03","0.0","0.0","63","71","59","   50","   40","14.1","18.1",,,,,,
"USW00094789","JFK INTERNATIONAL AIRPORT, NY US","2024-05-19","9.17",,"0.00","0.0","0.0","63","74","53","   20","   50","19.9","27.1",,,,,,
"USW00094789","JFK INTERNATIONAL AIRPORT, NY US","2024-05-20","6.71",,"0.00","0.0","0.0","60","68","53","  180","  180","13.0","17.0",,,,,,
"USW00094789","JFK INTERNATIONAL AIRPORT, NY US","2024-05-21","7.38",,"0.00","0.0","0.0","63","72","56","  190","  190","18.1","23.9","    1",,,,,
"USW00094789","JFK INTERNATIONAL AIRPORT, NY US","2024-05-22","11.18",,"0.00","0.0","0.0","67","76","60","  180","  170","25.9","36.0",,,,,,
"USW00094789","JFK INTERNATIONAL AIRPORT, NY US","2024-05-23","7.38",,"0.55","0.0","0.0","68","79","62","  260","  260","21.0","27.1","    1",,"    1",,,
"USW00094789","JFK INTERNATIONAL AIRPORT, NY US","2024-05-24","8.50",,"0.00","0.0","0.0","73","85","59","  190","  190","18.1","23.9",,,,,,
"USW00094789","JFK INTERNATIONAL AIRPORT, NY US","2024-05-25","6.71",,"0.00","0.0","0.0","69","77","60","  120","  120","13.0","17.0","    1",,,,,
"USW00094789","JFK INTERNATIONAL AIRPORT, NY US","2024-05-26","7.16",,"0.00","0.0","0.0","67","76","63","  150","  150","14.1","19.0","    1","    1",,,,
"USW00094789","JFK INTERNATIONAL AIRPORT, NY US","2024-05-27","12.08",,"0.58","0.0","0.0","68","76","65","  160","  160","31.1","46.1","    1","    1","    1",,,
"USW00094789","JFK INTERNATIONAL AIRPORT, NY US","2024-05-28","12.30",,"0.00","0.0","0.0","72","82","63","  330","  330","28.0","35.1","    1","    1",,,,
"USW00094789","JFK INTERNATIONAL AIRPORT, NY US","2024-05-29","10.29",,"0.31","0.0","0.0","70","76","62","  300","  300","23.9","32.0","    1",,"    1",,,
"USW00094789","JFK INTERNATIONAL AIRPORT, NY US","2024-05-30","10.96",,"0.14","0.0","0.0","65","73","58","  330","  330","21.9","31.1","    1",,,,,
"USW00094789","JFK INTERNATIONAL AIRPORT, NY US","2024-05-31","12.08",,"0.00","0.0","0.0","68","78","60","  320","  310","21.0","32.0",,,,,,
"USW00094789","JFK INTERNATIONAL AIRPORT, NY US","2024-06-01","10.51",,"0.00","0.0","0.0","72","82","62","  210","  210","19.9","25.1",,,,,,
"USW00094789","JFK INTERNATIONAL AIRPORT, NY US","2024-06-02","8.72",,"0.00","0.0","0.0","71","79","62","  190","  180","18.1","23.0",,,,,,
"USW00094789","JFK INTERNATIONAL AIRPORT, NY US","2024-06-03","6.04",,"0.02","0.0","0.0","74","84","66","  190","  220","14.1","18.1",,,,,,
"USW00094789","JFK INTERNATIONAL AIRPORT, NY US","2024-06-04","6.93",,"0.00","0.0","0.0","70","78","64","  140","  140","15.0","17.0","    1","    1",,,,"    1"
"USW00094789","JFK INTERNATIONAL AIRPORT, NY US","2024-06-05","8.50",,"0.04","0.0","0.0","70","78","63","  170","  180","16.1","23.9","    1",,,,,
"USW00094789","JFK INTERNATIONAL AIRPORT, NY US","2024-06-06","8.72",,"0.58","0.0","0.0","74","84","69","  330","  320","25.1","36.9","    1",,,,,
"USW00094789","JFK INTERNATIONAL AIRPORT, NY US","2024-06-07","9.62",,"0.00","0.0","0.0","76","83","67","  340","  320","29.1","40.9",,,,,,
"USW00094789","JFK INTERNATIONAL AIRPORT, NY US","2024-06-08","13.87",,"0.00","0.0","0.0","73","81","65","  270","  280","23.0","32.0",,,,,,
"USW00094789","JFK INTERNATIONAL AIRPORT, NY US","2024-06-09","12.97",,"0.00","0.0","0.0","71","78","65","  350","  350","25.9","33.1",,,,,,
"USW00094789","JFK INTERNATIONAL AIRPORT, NY US","2024-06-10","12.53",,"0.00","0.0","0.0","70","77","63","  240","  330","21.0","29.1",,,,,,
"USW00094789","JFK INTERNATIONAL AIRPORT, NY US","2024-06-11","8.28",,"0.00","0.0","0.0","67","72","60","  360","  360","14.1","17.0",,,,,,
"USW00094789","JFK INTERNATIONAL AIRPORT, NY US","2024-06-12","9.62",,"0.00","0.0","0.0","68","74","62","  210","  210","16.1","16.1",,,,,,
"USW00094789","JFK INTERNATIONAL AIRPORT, NY US","2024-06-13","10.07",,"0.00","0.0","0.0","70","78","63","  190","  190","21.0","28.0",,,,,,
"USW00094789","JFK INTERNATIONAL AIRPORT, NY US","2024-06-14","8.28",,"0.85","0.0","0.0","72","78","66","  340","  330","38.0","49.0","    1",,"    1",,,
"USW00094789","JFK INTERNATIONAL AIRPORT, NY US","2024-06-15","10.74",,"0.00","0.0","0.0","73","83","65","  360","  360","23.0","31.1",,,,,,
"USW00094789","JFK INTERNATIONAL AIRPORT, NY US","2024-06-16","9.40",,"0.00","0.0","0.0","70","80","63","  150","  160","16.1","21.0",,,,,,
"USW00094789","JFK INTERNATIONAL AIRPORT, NY US","2024-06-17","12.97",,"0.00","0.0","0.0","71","80","64","  180","  180","29.1","40.0",,,,,,
"USW00094789","JFK INTERNATIONAL AIRPORT, NY US","2024-06-18","13.20",,"0.00","0.0","0.0","74","80","69","  190","  180","23.9","33.1",,,,,,
"USW00094789","JFK INTERNATIONAL AIRPORT, NY US","2024-06-19","11.86",,"0.00","0.0","0.0","74","82","67","  180","  180","23.0","31.1",,,,,,
"USW00094789","JFK INTERNATIONAL AIRPORT, NY US","2024-06-20","10.96",,"0.00","0.0","0.0","75","84","68","  190","  190","23.0","30.0",,,,,,
"USW00094789","JFK INTERNATIONAL AIRPORT, NY US","2024-06-21","11.18",,"0.00","0.0","0.0","78","91","68","  190","  190","23.9","31.1",,,,,,
"USW00094789","JFK INTERNATIONAL AIRPORT, NY US","2024-06-22","6.71",,"0.04","0.0","0.0","78","87","72","  220","  230","21.0","27.1",,,"    1",,,
"USW00094789","JFK INTERNATIONAL AIRPORT, NY US","2024-06-23","12.53",,"0.00","0.0","0.0","76","85","70","  200","  200","28.0","36.9",,,"    1",,,
"USW00094789","JFK INTERNATIONAL AIRPORT, NY US","2024-06-24","18.57",,"0.00","0.0","0.0","77","85","69","  350","  350","35.1","50.1",,,,,,
"USW00094789","JFK INTERNATIONAL AIRPORT, NY US","2024-06-25","13.87",,"0.00","0.0","0.0","79","91","71","  250","  320","21.9","31.1",,,,,,
"USW00094789","JFK INTERNATIONAL AIRPORT, NY US","2024-06-26","11.86",,"0.26","0.0","0.0","75","84","68","  340","  340","29.1","42.1","    1",,"    1",,,
"USW00094789","JFK INTERNATIONAL AIRPORT, NY US","2024-06-27","12.08",,"0.57","0.0","0.0","76","87","70","  350","  360","23.0","34.0","    1",,"    1",,,
"USW00094789","JFK INTERNATIONAL AIRPORT, NY US","2024-06-28","9.40",,"0.00","0.0","0.0","71","80","63","  160","  170","17.0","21.9",,,,,,
"USW00094789","JFK INTERNATIONAL AIRPORT, NY US","2024-06-29","13.65",,"0.02","0.0","0.0","71","80","64","  160","  180","25.1","33.1","    1","    1",,,,
"USW00094789","JFK INTERNATIONAL AIRPORT, NY US","2024-06-30","10.07",,"0.57","0.0","0.0","73","83","70","  190","  190","23.9","31.1","    1",,"    1",,,"    1"
"USW00094789","JFK INTERNATIONAL AIRPORT, NY US","2024-07-01","15.43",,"0.00","0.0","0.0","74","82","64","  360","  360","25.1","38.0",,,,,,
"USW00094789","JFK INTERNATIONAL AIRPORT, NY US","2024-07-02","7.83",,"0.00","0.0","0.0","74","82","65","  360","  350","14.1","17.0",,,,,,
"USW00094789","JFK INTERNATIONAL AIRPORT, NY US","2024-07-03","10.07",,"0.00","0.0","0.0","72","80","64","  180","  180","23.0","29.1",,,,,,
"USW00094789","JFK INTERNATIONAL AIRPORT, NY US","2024-07-04","9.84",,"0.07","0.0","0.0","73","82","68","  170","  170","17.0","23.9","    1",,,,,
"USW00094789","JFK INTERNATIONAL AIRPORT, NY US","2024-07-05","7.61",,"0.03","0.0","0.0","76","83","71","  200","  270","18.1","23.9","    1",,"    1",,,
"USW00094789","JFK INTERNATIONAL AIRPORT, NY US","2024-07-06","9.40",,"0.01","0.0","0.0","75","81","70","  190","  180","18.1","28.0","    1","    1","    1",,,
"USW00094789","JFK INTERNATIONAL AIRPORT, NY US","2024-07-07","5.82",,"0.00","0.0","0.0","80","87","73","   40","   40","16.1","21.0",,,,,,
"USW00094789","JFK INTERNATIONAL AIRPORT, NY US","2024-07-08","5.82",,"0.00","0.0","0.0","80","88","72","  170","  190","12.1","12.1","    1",,,,,"    1"
"USW00094789","JFK INTERNATIONAL AIRPORT, NY US","2024-07-09","9.62",,"0.00","0.0","0.0","76","82","72","  180","  170","23.9","30.0","    1","    1",,,,"    1"
"USW00094789","JFK INTERNATIONAL AIRPORT, NY US","2024-07-10","18.12",,"0.00","0.0","0.0","78","84","74","  180","  170","33.1","46.1","    1","    1",,,,"    1"
"USW00094789","JFK INTERNATIONAL AIRPORT, NY US","2024-07-11","13.42",,"0.01","0.0","0.0","79","88","72","  190","  190","23.9","32.0","    1",,,,,
"USW00094789","JFK INTERNATIONAL AIRPORT, NY US","2024-07-12","8.50",,"0.13","0.0","0.0","77","82","72","  180","  180","18.1","21.9","    1",,,,,
"USW00094789","JFK INTERNATIONAL AIRPORT, NY US","2024-07-13","7.61",,"0.75","0.0","0.0","76","82","72","  190","  180","13.0","16.1","    1",,,,,
"USW00094789","JFK INTERNATIONAL AIRPORT, NY US","2024-07-14","7.61",,"0.00","0.0","0.0","80","86","75","  200","  200","14.1","17.0",,,,,,
"USW00094789","JFK INTERNATIONAL AIRPORT, NY US","2024-07-15","9.40",,"0.30","0.0","0.0","78","84","72","  270","  280","28.0","33.1","    1",,"    1",,,
"USW00094789","JFK INTERNATIONAL AIRPORT, NY US","2024-07-16","9.40",,"0.00","0.0","0.0","83","89","78","  210","  220","35.1","42.1",,,"    1",,,
"USW00094789","JFK INTERNATIONAL AIRPORT, NY US","2024-07-17","10.29",,"0.73","0.0","0.0","81","83","74","  340","  340","23.0","33.1","    1",,"    1",,,
"USW00094789","JFK INTERNATIONAL AIRPORT, NY US","2024-07-18","10.51",,"0.00","0.0","0.0","78","86","72","  350","  350","17.0","21.0",,,,,,
"USW00094789","JFK INTERNATIONAL AIRPORT, NY US","2024-07-19","9.17",,"0.00","0.0","0.0","76","86","68","  360","  360","16.1","19.9",,,,,,
"USW00094789","JFK INTERNATIONAL AIRPORT, NY US","2024-07-20","10.07",,"0.00","0.0","0.0","75","80","68","  190","  180","21.0","25.9",,,,,,
"USW00094789","JFK INTERNATIONAL AIRPORT, NY US","2024-07-21","9.62",,"0.00","0.0","0.0","78","86","72","  190","  190","19.9","25.9",,,,,,
"USW00094789","JFK INTERNATIONAL AIRPORT, NY US","2024-07-22","8.05",,"0.05","0.0","0.0","77","82","72","  160","  170","17.0","23.0","    1",,,,,
"USW00094789","JFK INTERNATIONAL AIRPORT, NY US","2024-07-23","5.82",,"0.02","0.0","0.0","77","85","73","  170","  170","13.0","16.1",,,,,,
"USW00094789","JFK INTERNATIONAL AIRPORT, NY US","2024-07-24","7.38",,"0.00","0.0","0.0","78","83","75","  190","  200","15.0","19.0","    1",,,,,
"USW00094789","JFK INTERNATIONAL AIRPORT, NY US","2024-07-25","9.84",,"0.00","0.0","0.0","79","87","75","  330","  300","16.1","23.0",,,,,,
"USW00094789","JFK INTERNATIONAL AIRPORT, NY US","2024-07-26","10.96",,"0.00","0.0","0.0","77","86","68","   10","   10","19.9","28.0",,,,,,
"USW00094789","JFK INTERNATIONAL AIRPORT, NY US","2024-07-27","6.49",,"0.00","0.0","0.0","78","85","69","  200","  170","14.1","18.1",,,,,,
"USW00094789","JFK INTERNATIONAL AIRPORT, NY US","2024-07-28","8.50",,"0.00","0.0","0.0","78","89","71","  130","   60","16.1","23.0",,,,,,
"USW00094789","JFK INTERNATIONAL AIRPORT, NY US","2024-07-29","12.97",,"0.05","0.0","0.0","76","85","68","  190","  180","23.0","31.1",,,"    1",,,
"USW00094789","JFK INTERNATIONAL AIRPORT, NY US","2024-07-30","16.11",,"0.00","0.0","0.0","78","84","72","  180","  180","30.0","40.9",,,,,,
"USW00094789","JFK INTERNATIONAL AIRPORT, NY US","2024-07-31","11.86",,"0.00","0.0","0.0","79","91","75","  180","  170","21.9","29.1",,,"    1",,,
"USW00094789","JFK INTERNATIONAL AIRPORT, NY US","2024-08-01","9.17",,"0.00","0.0","0.0","83","93","75","  190","  200","19.9","25.9",,,,,,
"USW00094789","JFK INTERNATIONAL AIRPORT, NY US","2024-08-02","9.40",,"0.18","0.0","0.0","83","91","75","  260","  250","25.1","33.1","    1",,"    1",,,
"USW00094789","JFK INTERNATIONAL AIRPORT, NY US","2024-08-03","10.74",,"1.28","0.0","0.0","81","88","74","  180","  190","23.9","34.0","    1",,"    1",,,"    1"
"USW00094789","JFK INTERNATIONAL AIRPORT, NY US","2024-08-04","10.07",,"0.18","0.0","0.0","76","81","72","  290","  300","18.1","28.0","    1",,"    1",,,
"USW00094789","JFK INTERNATIONAL AIRPORT, NY US","2024-08-05","8.95",,"0.00","0.0","0.0","80","89","72","  180","  180","18.1","23.0",,,,,,
"USW00094789","JFK INTERNATIONAL AIRPORT, NY US","2024-08-06","9.17",,"0.83","0.0","0.0","80","87","72","  200","  180","17.0","23.9","    1",,"    1",,,
"USW00094789","JFK INTERNATIONAL AIRPORT, NY US","2024-08-07","10.51",,"0.06","0.0","0.0","70","73","66","   60","   40","16.1","21.9","    1",,,,,
"USW00094789","JFK INTERNATIONAL AIRPORT, NY US","2024-08-08","12.08",,"0.28","0.0","0.0","68","74","66","  100","   90","19.9","28.0","    1","    1",,,,
"USW00094789","JFK INTERNATIONAL AIRPORT, NY US","2024-08-09","19.69",,"0.26","0.0","0.0","76","83","73","  190","  180","32.0","46.1","    1","    1",,,,
"USW00094789","JFK INTERNATIONAL AIRPORT, NY US","2024-08-10","12.08",,"0.00","0.0","0.0","80","87","74","  250","  240","18.1","23.0",,,,,,
"USW00094789","JFK INTERNATIONAL AIRPORT, NY US","2024-08-11","8.72",,"0.00","0.0","0.0","78","82","73","  240","  330","17.0","21.9",,,,,,
"USW00094789","JFK INTERNATIONAL AIRPORT, NY US","2024-08-12","9.17",,"0.01","0.0","0.0","74","83","64","  240","  200","21.0","27.1",,,,,,
"USW00094789","JFK INTERNATIONAL AIRPORT, NY US","2024-08-13","8.28",,"0.00","0.0","0.0","74","84","65","  350","  310","16.1","21.9",,,,,,
"USW00094789","JFK INTERNATIONAL AIRPORT, NY US","2024-08-14","7.61",,"0.00","0.0","0.0","77","88","68","   20","   20","19.9","25.1",,,,,,
"USW00094789","JFK INTERNATIONAL AIRPORT, NY US","2024-08-15","8.50",,"0.00","0.0","0.0","78","88","69","  200","  260","14.1","21.0",,,,,,
"USW00094789","JFK INTERNATIONAL AIRPORT, NY US","2024-08-16","7.61",,"0.00","0.0","0.0","78","86","72","  130","  130","14.1","18.1",,,,,,
"USW00094789","JFK INTERNATIONAL AIRPORT, NY US","2024-08-17","9.62",,"0.05","0.0","0.0","75","80","70","  140","  140","18.1","23.0","    1",,,,,
"USW00094789","JFK INTERNATIONAL AIRPORT, NY US","2024-08-18","11.86",,"0.61","0.0","0.0","75","81","71","  160","  170","21.9","31.1","    1",,"    1",,,
"USW00094789","JFK INTERNATIONAL AIRPORT, NY US","2024-08-19","9.62",,"0.31","0.0","0.0","76","86","70","  290","  250","21.9","30.0","    1",,"    1",,,
"USW00094789","JFK INTERNATIONAL AIRPORT, NY US","2024-08-20","12.97",,"0.00","0.0","0.0","71","76","63","  330","  290","21.0","27.1",,,,,,
"USW00094789","JFK INTERNATIONAL AIRPORT, NY US","2024-08-21","12.53",,"0.00","0.0","0.0","67","77","58","  310","  260","21.9","31.1",,,,,,
"USW00094789","JFK INTERNATIONAL AIRPORT, NY US","2024-08-22","9.40",,"0.00","0.0","0.0","69","80","61","  240","  210","17.0","25.9",,,,,,
"USW00094789","JFK INTERNATIONAL AIRPORT, NY US","2024-08-23","8.05",,"0.00","0.0","0.0","73","83","60","  190","  250","17.0","16.1",,,,,,
"USW00094789","JFK INTERNATIONAL AIRPORT, NY US","2024-08-24","8.05",,"0.00","0.0","0.0","74","84","64","  200","  200","17.0","21.9",,,,,,
"USW00094789","JFK INTERNATIONAL AIRPORT, NY US","2024-08-25","9.84",,"0.00","0.0","0.0","74","83","67","  180","  190","17.0","25.9",,,,,,
"USW00094789","JFK INTERNATIONAL AIRPORT, NY US","2024-08-26","8.05",,"0.03","0.0","0.0","74","82","66","  130","  190","14.1","21.0",,,,,,
"USW00094789","JFK INTERNATIONAL AIRPORT, NY US","2024-08-27","7.61",,"0.00","0.0","0.0","75","84","67","  180","  160","13.0","18.1",,,,,,
"USW00094789","JFK INTERNATIONAL AIRPORT, NY US","2024-08-28","9.40",,"0.00","0.0","0.0","80","95","72","  260","  260","17.0","23.0",,,"    1",,,
"USW00094789","JFK INTERNATIONAL AIRPORT, NY US","2024-08-29","11.18",,"0.00","0.0","0.0","77","82","70","  120","  100","17.0","23.9",,,,,,
"USW00094789","JFK INTERNATIONAL AIRPORT, NY US","2024-08-30","10.51",,"0.28","0.0","0.0","70","76","62","  110","  110","16.1","21.9","    1",,,,,
"USW00094789","JFK INTERNATIONAL AIRPORT, NY US","2024-08-31","7.83"," 1229","0.00","0.0","0.0","73","80","69","  160","  150","13.0","17.0",,,,,,
"USW00094789","JFK INTERNATIONAL AIRPORT, NY US","2024-09-01","8.28",,"0.00","0.0","0.0","75","82","73","  240","  240","11.0","13.0",,,,,,
"USW00094789","JFK INTERNATIONAL AIRPORT, NY US","2024-09-02","14.76",,"0.00","0.0","0.0","75","83","64","  350","  320","23.0","36.9",,,,,,
"USW00094789","JFK INTERNATIONAL AIRPORT, NY US","2024-09-03","7.38",,"0.00","0.0","0.0","67","76","57","  360","  360","21.0","29.1",,,,,,
"USW00094789","JFK INTERNATIONAL AIRPORT, NY US","2024-09-04","5.37",,"0.00","0.0","0.0","67","77","57","  180","  150","16.1","23.0",,,,,,
"USW00094789","JFK INTERNATIONAL AIRPORT, NY US","2024-09-05","7.61",,"0.00","0.0","0.0","68","78","57","  120","  100","17.0","21.9",,,,,,
"USW00094789","JFK INTERNATIONAL AIRPORT, NY US","2024-09-06","7.83",,"0.00","0.0","0.0","69","79","63","  100","  100","14.1","21.0",,,,,,
"USW00094789","JFK INTERNATIONAL AIRPORT, NY US","2024-09-07","10.07",,"0.18","0.0","0.0","70","75","60","  280","  280","25.9","34.0","    1",,,,,
"USW00094789","JFK INTERNATIONAL AIRPORT, NY US","2024-09-08","13.20",,"0.00","0.0","0.0","64","74","56","  270","  310","23.0","32.0",,,,,,
"USW00094789","JFK INTERNATIONAL AIRPORT, NY US","2024-09-09","11.18",,"0.00","0.0","0.0","67","79","57","  190","  170","21.9","27.1",,,,,,
"USW00094789","JFK INTERNATIONAL AIRPORT, NY US","2024-09-10","8.05",,"0.00","0.0","0.0","71","81","63","  350","  360","15.0","19.9",,,,,,
"USW00094789","JFK INTERNATIONAL AIRPORT, NY US","2024-09-11","5.82",,"0.00","0.0","0.0","69","78","60","  150","  160","12.1","18.1",,,,,,
"USW00094789","JFK INTERNATIONAL AIRPORT, NY US","2024-09-12","4.92",,"0.00","0.0","0.0","68","78","59","  150","  140","13.0","17.0",,,,,,
"USW00094789","JFK INTERNATIONAL AIRPORT, NY US","2024-09-13","4.70",,"0.00","0.0","0.0","69","79","60","  190","  190","13.0","16.1",,,,,,
"USW00094789","JFK INTERNATIONAL AIRPORT, NY US","2024-09-14","4.92",,"0.00","0.0","0.0","72","85","63","  200","  200","13.0","15.0","    1",,,,,"    1"
"USW00094789","JFK INTERNATIONAL AIRPORT, NY US","2024-09-15","9.17",,"0.00","0.0","0.0","71","81","60","  100","  120","18.1","25.1",,,,,,
"USW00094789","JFK INTERNATIONAL AIRPORT, NY US","2024-09-16","7.38",,"0.00","0.0","0.0","67","78","58","  140","   50","14.1","19.0",,,,,,
"USW00094789","JFK INTERNATIONAL AIRPORT, NY US","2024-09-17","7.38",,"0.00","0.0","0.0","71","81","65","  140","  130","15.0","19.0",,,,,,
"USW00094789","JFK INTERNATIONAL AIRPORT, NY US","2024-09-18","9.17",,"0.00","0.0","0.0","71","80","67","   20","   50","15.0","21.0",,,,,,
"USW00094789","JFK INTERNATIONAL AIRPORT, NY US","2024-09-19","10.96",,"0.00","0.0","0.0","76","87","69","   30","   20","19.9","27.1",,,,,,
"USW00094789","JFK INTERNATIONAL AIRPORT, NY US","2024-09-20","13.20",,"0.00","0.0","0.0","75","84","67","  350","   20","21.0","32.0",,,,,,
"USW00094789","JFK INTERNATIONAL AIRPORT, NY US","2024-09-21","12.53",,"0.00","0.0","0.0","71","81","64","  360","  360","23.0","30.0",,,,,,
"USW00094789","JFK INTERNATIONAL AIRPORT, NY US","2024-09-22","10.07",,"0.00","0.0","0.0","68","77","62","   60","   20","17.0","23.0",,,,,,
"USW00094789","JFK INTERNATIONAL AIRPORT, NY US","2024-09-23","8.50",,"0.02","0.0","0.0","65","71","60","   40","   50","16.1","21.9",,,,,,
"USW00094789","JFK INTERNATIONAL AIRPORT, NY US","2024-09-24","8.95",,"0.00","0.0","0.0","65","71","60","  100","  100","16.1","23.9",,,,,,
"USW00094789","JFK INTERNATIONAL AIRPORT, NY US","2024-09-25","10.74",,"0.01","0.0","0.0","65","69","62","  100","   90","19.9","25.9",,,,,,
"USW00094789","JFK INTERNATIONAL AIRPORT, NY US","2024-09-26","9.40"," 1805","0.05","0.0","0.0","69","73","66","  190","  190","16.1","21.9",,,,,,
"USW00094789","JFK INTERNATIONAL AIRPORT, NY US","2024-09-27","6.49"," 0208","0.03","0.0","0.0","70","73","66","   40","   40","16.1","19.9","    1",,,,,
"USW00094789","JFK INTERNATIONAL AIRPORT, NY US","2024-09-28","14.09"," 1324","0.18","0.0","0.0","66","68","62","   70","   80","25.9","38.0","    1",,,,,
"USW00094789","JFK INTERNATIONAL AIRPORT, NY US","2024-09-29","7.61"," 0504","0.51","0.0","0.0","62","64","61","   60","   50","14.1","18.1","    1",,,,,
"USW00094789","JFK INTERNATIONAL AIRPORT, NY US","2024-09-30","7.83"," 1515","0.00","0.0","0.0","65","73","61","  100","  100","15.0","19.9",,,,,,
"USW00094789","JFK INTERNATIONAL AIRPORT, NY US","2024-10-01","9.40",,"0.00","0.0","0.0","64","72","59","  120","  120","16.1","21.0",,,,,,
"USW00094789","JFK INTERNATIONAL AIRPORT, NY US","2024-10-02","5.82",,"0.00","0.0","0.0","63","69","56","   80","  100","12.1","15.0",,,,,,
"USW00094789","JFK INTERNATIONAL AIRPORT, NY US","2024-10-03","5.82",,"0.00","0.0","0.0","65","73","61","  180","  170","13.0","16.1",,,,,,
"USW00094789","JFK INTERNATIONAL AIRPORT, NY US","2024-10-04","5.59",,"0.00","0.0","0.0","65","74","57","  150","  140","13.0","17.0",,,,,,
"USW00094789","JFK INTERNATIONAL AIRPORT, NY US","2024-10-05","9.62",,"0.00","0.0","0.0","69","78","60","  350","  350","18.1","31.1",,,,,,
"USW00094789","JFK INTERNATIONAL AIRPORT, NY US","2024-10-06","9.40",,"0.00","0.0","0.0","63","70","55","  210","  220","18.1","25.9",,,,,,
"USW00094789","JFK INTERNATIONAL AIRPORT, NY US","2024-10-07","13.87",,"0.00","0.0","0.0","69","80","59","  210","  320","23.0","30.0",,,,,,
"USW00094789","JFK INTERNATIONAL AIRPORT, NY US","2024-10-08","9.84",,"0.00","0.0","0.0","62","69","55","  320","  340","17.0","23.0",,,,,,
"USW00094789","JFK INTERNATIONAL AIRPORT, NY US","2024-10-09","10.07",,"0.00","0.0","0.0","63","71","54","  330","  320","25.1","36.0",,,,,,
"USW00094789","JFK INTERNATIONAL AIRPORT, NY US","2024-10-10","15.43",,"0.00","0.0","0.0","58","65","45","  340","  330","23.9","32.0",,,,,,
"USW00094789","JFK INTERNATIONAL AIRPORT, NY US","2024-10-11","10.74",,"0.00","0.0","0.0","57","72","42","  250","  260","21.0","25.9",,,,,,
"USW00094789","JFK INTERNATIONAL AIRPORT, NY US","2024-10-12","12.75",,"0.00","0.0","0.0","67","78","52","  310","  300","23.9","33.1",,,,,,
"USW00094789","JFK INTERNATIONAL AIRPORT, NY US","2024-10-13","9.62",,"0.00","0.0","0.0","64","73","53","  190","  180","25.1","33.1",,,,,,
"USW00094789","JFK INTERNATIONAL AIRPORT, NY US","2024-10-14","14.99",,"0.00","0.0","0.0","61","71","49","  290","  330","33.1","48.1",,,,,,
"USW00094789","JFK INTERNATIONAL AIRPORT, NY US","2024-10-15","13.20",,"0.00","0.0","0.0","52","60","46","  270","  260","18.1","23.9",,,,,,
"USW00094789","JFK INTERNATIONAL AIRPORT, NY US","2024-10-16","13.87",,"0.00","0.0","0.0","53","62","45","  320","  320","21.9","31.1",,,,,,
"USW00094789","JFK INTERNATIONAL AIRPORT, NY US","2024-10-17","12.30",,"0.00","0.0","0.0","53","63","43","  360","  330","21.9","28.0",,,,,,
"USW00094789","JFK INTERNATIONAL AIRPORT, NY US","2024-10-18","9.17",,"0.00","0.0","0.0","58","69","48","   30","   20","18.1","25.9",,,,,,
"USW00094789","JFK INTERNATIONAL AIRPORT, NY US","2024-10-19","5.37",,"0.00","0.0","0.0","57","67","47","  240","  190","10.1","15.0",,,,,,
"USW00094789","JFK INTERNATIONAL AIRPORT, NY US","2024-10-20","7.16",,"0.00","0.0","0.0","60","73","50","  200","  200","13.0","16.1",,,,,,
"USW00094789","JFK INTERNATIONAL AIRPORT, NY US","2024-10-21","6.71",,"0.00","0.0","0.0","62","78","51","  240","  250","14.1","17.0",,,,,,
"USW00094789","JFK INTERNATIONAL AIRPORT, NY US","2024-10-22","5.14",,"0.00","0.0","0.0","68","80","57","  160","  150","10.1","14.1",,,,,,
"USW00094789","JFK INTERNATIONAL AIRPORT, NY US","2024-10-23","11.41",,"0.00","0.0","0.0","64","72","56","  180","  180","25.1","34.0",,,,,,
"USW00094789","JFK INTERNATIONAL AIRPORT, NY US","2024-10-24","14.32",,"0.00","0.0","0.0","65","72","54","  350","  340","25.1","33.1",,,,,,
"USW00094789","JFK INTERNATIONAL AIRPORT, NY US","2024-10-25","10.74",,"0.00","0.0","0.0","56","63","47","  350","  350","19.9","25.1",,,,,,
"USW00094789","JFK INTERNATIONAL AIRPORT, NY US","2024-10-26","15.88",,"0.00","0.0","0.0","60","69","52","  320","  310","28.0","38.0",,,,,,
"USW00094789","JFK INTERNATIONAL AIRPORT, NY US","2024-10-27","10.07",,"0.00","0.0","0.0","54","60","45","  320","  320","19.9","23.9",,,,,,
"USW00094789","JFK INTERNATIONAL AIRPORT, NY US","2024-10-28","5.82",,"0.00","0.0","0.0","53","62","43","  150","  160","14.1","18.1",,,,,,
"USW00094789","JFK INTERNATIONAL AIRPORT, NY US","2024-10-29","12.30",,"0.01","0.0","0.0","58","67","51","  130","  130","21.9","30.0",,,,,,
"USW00094789","JFK INTERNATIONAL AIRPORT, NY US","2024-10-30","8.05",,"0.00","0.0","0.0","63","73","56","  240","  240","17.0","21.9","    1",,,,,
"USW00094789","JFK INTERNATIONAL AIRPORT, NY US","2024-10-31","11.18",,"0.00","0.0","0.0","65","78","57","  190","  210","17.0","23.0",,,,,,
"USW00094789","JFK INTERNATIONAL AIRPORT, NY US","2024-11-01","13.87",,"0.00","0.0","0.0","69","82","57","  270","  260","25.9","35.1",,,,,,
"USW00094789","JFK INTERNATIONAL AIRPORT, NY US","2024-11-02","11.63",,"0.00","0.0","0.0","59","64","46","  340","  330","19.9","25.1",,,,,,
"USW00094789","JFK INTERNATIONAL AIRPORT, NY US","2024-11-03","7.83",,"0.00","0.0","0.0","49","57","40","   30","   30","18.1","23.9",,,,,,
"USW00094789","JFK INTERNATIONAL AIRPORT, NY US","2024-11-04","7.61",,"0.00","0.0","0.0","49","60","39","  130","  100","16.1","21.0",,,,,,
"USW00094789","JFK INTERNATIONAL AIRPORT, NY US","2024-11-05","10.74",,"0.00","0.0","0.0","58","71","53","  190","  200","18.1","23.9","    1",,,,,"    1"
"USW00094789","JFK INTERNATIONAL AIRPORT, NY US","2024-11-06","10.51",,"0.00","0.0","0.0","66","75","61","  240","  240","16.1","21.0",,,,,,
"USW00094789","JFK INTERNATIONAL AIRPORT, NY US","2024-11-07","12.30",,"0.00","0.0","0.0","69","77","54","  310","  330","21.9","28.0",,,,,,
"USW00094789","JFK INTERNATIONAL AIRPORT, NY US","2024-11-08","14.76",,"0.00","0.0","0.0","60","71","48","  330","  330","40.0","52.1",,,,,,
"USW00094789","JFK INTERNATIONAL AIRPORT, NY US","2024-11-09","11.41",,"0.00","0.0","0.0","53","57","43","  330","  330","32.0","44.1",,,,,,
"USW00094789","JFK INTERNATIONAL AIRPORT, NY US","2024-11-10","8.95",,"0.03","0.0","0.0","49","60","38","  200","  200","21.0","27.1","    1",,,,,
"USW00094789","JFK INTERNATIONAL AIRPORT, NY US","2024-11-11","14.32",,"0.10","0.0","0.0","62","71","58","  270","  260","23.9","31.1",,,,,,
"USW00094789","JFK INTERNATIONAL AIRPORT, NY US","2024-11-12","19.91",,"0.00","0.0","0.0","56","61","42","  310","  300","32.0","44.1",,,,,,
"USW00094789","JFK INTERNATIONAL AIRPORT, NY US","2024-11-13","11.86",,"0.00","0.0","0.0","44","52","37","   20","   20","21.9","30.0",,,,,,
"USW00094789","JFK INTERNATIONAL AIRPORT, NY US","2024-11-14","5.82",,"0.00","0.0","0.0","42","49","34","   40","   40","17.0","23.0",,,,,,
"USW00094789","JFK INTERNATIONAL AIRPORT, NY US","2024-11-15","10.51",,"0.00","0.0","0.0","49","60","41","  330","  320","21.0","27.1",,,,,,
"USW00094789","JFK INTERNATIONAL AIRPORT, NY US","2024-11-16","15.88",,"0.00","0.0","0.0","54","66","44","  310","  320","25.1","33.1",,,,,,
"USW00094789","JFK INTERNATIONAL AIRPORT, NY US","2024-11-17","8.72",,"0.00","0.0","0.0","55","66","44","  260","  330","15.0","21.0",,,,,,
"USW00094789","JFK INTERNATIONAL AIRPORT, NY US","2024-11-18","12.53",,"0.00","0.0","0.0","58","70","48","  310","  310","23.0","31.1",,,,,,
"USW00094789","JFK INTERNATIONAL AIRPORT, NY US","2024-11-19","8.05",,"0.00","0.0","0.0","54","61","46","   10","   10","16.1","21.0",,,,,,
"USW00094789","JFK INTERNATIONAL AIRPORT, NY US","2024-11-20","6.49",,"0.00","0.0","0.0","56","61","52","  100","  100","25.1","35.1",,,,,,
"USW00094789","JFK INTERNATIONAL AIRPORT, NY US","2024-11-21","14.99",,"1.42","0.0","0.0","51","55","40","  300","  110","23.0","32.0","    1",,,,,
"USW00094789","JFK INTERNATIONAL AIRPORT, NY US","2024-11-22","19.24",,"0.28","0.0","0.0","42","44","38","  250","  250","36.0","47.0",,,,,,
"USW00094789","JFK INTERNATIONAL AIRPORT, NY US","2024-11-23","18.34",,"0.01","0.0","0.0","44","53","37","  300","  300","36.0","51.0",,,,,,
"USW00094789","JFK INTERNATIONAL AIRPORT, NY US","2024-11-24","16.55",,"0.00","0.0","0.0","51","56","46","  300","  290","28.0","36.9",,,,,,
"USW00094789","JFK INTERNATIONAL AIRPORT, NY US","2024-11-25","10.51",,"0.00","0.0","0.0","49","55","42","  300","  300","18.1","25.1",,,,,,
"USW00094789","JFK INTERNATIONAL AIRPORT, NY US","2024-11-26","10.96",,"0.35","0.0","0.0","55","62","46","  330","  330","23.0","28.0","    1",,,,,
"USW00094789","JFK INTERNATIONAL AIRPORT, NY US","2024-11-27","9.84",,"0.00","0.0","0.0","49","54","41","  250","  260","16.1","19.9",,,,,,
"USW00094789","JFK INTERNATIONAL AIRPORT, NY US","2024-11-28","12.53",,"0.95","0.0","0.0","49","56","43","  300","  290","30.0","38.0","    1",,,,,
"USW00094789","JFK INTERNATIONAL AIRPORT, NY US","2024-11-29","13.87",,"0.00","0.0","0.0","44","51","36","  310","  320","23.0","31.1",,,,,,
"USW00094789","JFK INTERNATIONAL AIRPORT, NY US","2024-11-30","14.32",,"0.00","0.0","0.0","37","42","32","  260","  280","23.9","32.0",,,,,,
"USW00094789","JFK INTERNATIONAL AIRPORT, NY US","2024-12-01","13.42",,"0.00","0.0","0.0","34","40","29","  270","  270","25.9","34.0",,,,,,
"USW00094789","JFK INTERNATIONAL AIRPORT, NY US","2024-12-02","11.18"," 1927","0.00","0.0","0.0","36","43","30","  320","  320","18.1","31.1",,,,,,
"USW00094789","JFK INTERNATIONAL AIRPORT, NY US","2024-12-03","11.63"," 2031","0.00","0.0","0.0","38","44","32","  330","  310","23.9","35.1",,,,,,
"USW00094789","JFK INTERNATIONAL AIRPORT, NY US","2024-12-04","13.87"," 2054","0.02","0.0","0.0","36","44","29","  240","  230","32.0","47.0",,,,,,
"USW00094789","JFK INTERNATIONAL AIRPORT, NY US","2024-12-05","20.58"," 1313","0.21","0.0","0.0","40","44","32","  280","  290","38.0","49.0",,,,,,
"USW00094789","JFK INTERNATIONAL AIRPORT, NY US","2024-12-06","17.90"," 0407","0.00","0.0","0.0","34","38","31","  310","  300","35.1","44.1",,,,,,
"USW00094789","JFK INTERNATIONAL AIRPORT, NY US","2024-12-07","13.65"," 2357","0.00","0.0","0.0","36","44","33","  230","  220","21.0","27.1",,,,,,
"USW00094789","JFK INTERNATIONAL AIRPORT, NY US","2024-12-08","13.42"," 1253","0.00","0.0","0.0","45","58","38","  240","  270","23.9","30.0",,,,,,
"USW00094789","JFK INTERNATIONAL AIRPORT, NY US","2024-12-09","6.26"," 1239","0.16","0.0","0.0","45","53","35","  110","  100","14.1","17.0","    1",,,,,
"USW00094789","JFK INTERNATIONAL AIRPORT, NY US","2024-12-10","8.72"," 2134","0.13","0.0","0.0","49","56","45","  120","  140","17.0","25.1",,,,,,
"USW00094789","JFK INTERNATIONAL AIRPORT, NY US","2024-12-11","20.13"," 1433","0.88","0.0","0.0","56","61","43","  190","  180","32.0","46.1",,,,,,
"USW00094789","JFK INTERNATIONAL AIRPORT, NY US","2024-12-12","21.25"," 1104","0.00","0.0","0.0","42","44","31","  270","  270","35.1","47.0",,,,,,
"USW00094789","JFK INTERNATIONAL AIRPORT, NY US","2024-12-13","11.41"," 0934","0.00","0.0","0.0","32","37","27","  320","  310","19.9","25.1",,,,,,
"USW00094789","JFK INTERNATIONAL AIRPORT, NY US","2024-12-14","6.04"," 0836","0.00","0.0","0.0","30","37","25","   30","   10","14.1","18.1",,,,,,
"USW00094789","JFK INTERNATIONAL AIRPORT, NY US","2024-12-15","7.61"," 1442","0.01","0.0","0.0","33","43","26","  100","  110","13.0","18.1",,,,,,
"USW00094789","JFK INTERNATIONAL AIRPORT, NY US","2024-12-16","11.18"," 1216","0.99","0.0","0.0","45","53","39","   90","  100","21.0","28.0",,"    1",,,,
"USW00094789","JFK INTERNATIONAL AIRPORT, NY US","2024-12-17","11.86"," 0045","0.08","0.0","0.0","53","58","44","  210","  200","19.9","25.9",,,,,,
"USW00094789","JFK INTERNATIONAL AIRPORT, NY US","2024-12-18","4.92"," 1938","0.18","0.0","0.0","48","54","37","  320","  320","18.1","25.1",,,,,,
"USW00094789","JFK INTERNATIONAL AIRPORT, NY US","2024-12-19","13.42"," 0546","0.04","0.0","0.0","45","49","38","  310","  320","25.9","35.1",,,,,,
"USW00094789","JFK INTERNATIONAL AIRPORT, NY US","2024-12-20","13.42"," 1842","0.05","0.0","0.0","38","40","35","   30","   10","21.0","28.0",,,,,,
"USW00094789","JFK INTERNATIONAL AIRPORT, NY US","2024-12-21","19.91"," 1914","0.12","2.5","2.0","33","36","21","  310","  320","32.0","42.1",,,,,,
"USW00094789","JFK INTERNATIONAL AIRPORT, NY US","2024-12-22","15.88"," 0945","0.00","0.0","0.0","21","23","15","  340","  340","25.1","32.0",,,,,,
"USW00094789","JFK INTERNATIONAL AIRPORT, NY US","2024-12-23","7.61"," 0021","0.00","0.0","0.0","20","34","12","   10","  360","17.0","25.1",,,,,,
"USW00094789","JFK INTERNATIONAL AIRPORT, NY US","2024-12-24","10.07"," 0009","0.04","0.5","0.0","34","41","31","  230","  230","18.1","23.0",,,,,,
"USW00094789","JFK INTERNATIONAL AIRPORT, NY US","2024-12-25","7.61"," 1415","0.00","0.0","0.0","35","39","29","  330","  330","16.1","21.0",,,,,,
"USW00094789","JFK INTERNATIONAL AIRPORT, NY US","2024-12-26","6.26"," 0018","0.00","0.0","0.0","31","41","25","   10","  360","10.1","15.0",,,,,,
"USW00094789","JFK INTERNATIONAL AIRPORT, NY US","2024-12-27","3.58"," 1321","0.00","0.0","0.0","33","42","26","  220","  210","8.1","11.0",,,,,,
"USW00094789","JFK INTERNATIONAL AIRPORT, NY US","2024-12-28","3.36"," 1428","0.65","0.0","0.0","44","51","41","  240","  240","8.9","12.1",,,,,,
"USW00094789","JFK INTERNATIONAL AIRPORT, NY US","2024-12-29","10.96"," 2352","0.22","0.0","0.0","51","57","49","  160","  160","25.9","40.0",,,,,,
"USW00094789","JFK INTERNATIONAL AIRPORT, NY US","2024-12-30","16.11"," 0143","0.28","0.0","0.0","55","60","45","  150","  150","28.0","38.9","    1",,,,,
"USW00094789","JFK INTERNATIONAL AIRPORT, NY US","2024-12-31","10.51"," 2232","0.38","0.0","0.0","47","54","38","  120","  120","25.9","40.0",,,,,,
