"STATION","NAME","DATE","AWND","PGTM","PRCP","SNOW","SNWD","TAVG","TMAX","TMIN","WDF2","WDF5","WSF2","WSF5","WT01","WT02","WT03","WT04","WT05","WT06","WT07","WT08","WT09"
"USW00094846","CHICAGO OHARE INTERNATIONAL AIRPORT, IL US","2024-01-01","10.07",,"0.00","0.0","0.0","31","32","27","  340","  240","18.1","25.1",,,,,,,,,
"USW00094846","CHICAGO OHARE INTERNATIONAL AIRPORT, IL US","2024-01-02","12.08",,"0.00","0.0","0.0","30","39","26","  230","  210","21.9","30.0","    1",,,,,,,"    1",
"USW00094846","CHICAGO OHARE INTERNATIONAL AIRPORT, IL US","2024-01-03","7.16",,"0.00","0.0","0.0","33","36","31","  300","  350","14.1","18.1","    1",,,,,"    1",,,
"USW00094846","CHICAGO OHARE INTERNATIONAL AIRPORT, IL US","2024-01-04","4.92",,"0.00","0.0","0.0","32","37","24","  350","  350","16.1","19.9",,,,,,,,,
"USW00094846","CHICAGO OHARE INTERNATIONAL AIRPORT, IL US","2024-01-05","6.71",,"0.01","0.1","0.0","31","37","26","  120","  120","13.0","17.0","    1",,,,,,,,
"USW00094846","CHICAGO OHARE INTERNATIONAL AIRPORT, IL US","2024-01-06","4.25",,"0.21","2.6","2.0","33","34","31","  110","  110","10.1","14.1","    1",,,"    1",,,,,
"USW00094846","CHICAGO OHARE INTERNATIONAL AIRPORT, IL US","2024-01-07","7.83",,"0.02","0.8","3.1","32","34","31","  260","  280","14.1","19.0","    1",,,,,,,"    1",
"USW00094846","CHICAGO OHARE INTERNATIONAL AIRPORT, IL US","2024-01-08","8.95",,"0.08","0.4","1.2","33","36","30","  100","  100","18.1","23.9","    1",,,,,,,,
"USW00094846","CHICAGO OHARE INTERNATIONAL AIRPORT, IL US","2024-01-09","13.20",,"0.93","2.8","1.2","35","36","33","  310","  320","23.0","34.0","    1","    1",,"    1",,,,,
"USW00094846","CHICAGO OHARE INTERNATIONAL AIRPORT, IL US","2024-01-10","12.08",,"0.00","0.1","2.0","33","34","30","  310","  310","23.0","33.1","    1",,,,,,,,
"USW00094846","CHICAGO OHARE INTERNATIONAL AIRPORT, IL US","2024-01-11","8.28",,"0.01","0.3","2.0","31","34","27","  270","  260","21.9","30.0","    1",,,,,,,"    1",
"USW00094846","CHICAGO OHARE INTERNATIONAL AIRPORT, IL US","2024-01-12","13.42",,"0.77","4.7","2.0","32","36","30","   90","   90","36.9","55.0","    1","    1",,"    1",,,,"    1",
"USW00094846","CHICAGO OHARE INTERNATIONAL AIRPORT, IL US","2024-01-13","16.55",,"0.09","2.4","5.1","27","33","1","  260","  260","28.0","38.9","    1",,,,,,,,"    1"
"USW00094846","CHICAGO OHARE INTERNATIONAL AIRPORT, IL US","2024-01-14","16.11",,"0.00","0.0","3.9","-3","3","-10","  270","  280","25.9","40.0",,,,,,,,"    1","    1"
"USW00094846","CHICAGO OHARE INTERNATIONAL AIRPORT, IL US","2024-01-15","10.96",,"0.00","0.0","3.9","-7","2","-10","  260","  260","16.1","23.9",,,,,,,,,
"USW00094846","CHICAGO OHARE INTERNATIONAL AIRPORT, IL US","2024-01-16","16.11",,"0.00","0.0","3.9","-1","3","-7","  240","  240","23.9","34.0",,,,,,,,,
"USW00094846","CHICAGO OHARE INTERNATIONAL AIRPORT, IL US","2024-01-17","12.97",,"0.00","0.0","3.9","7","20","2","  230","  230","21.9","30.0",,,,,,,,,
"USW00094846","CHICAGO OHARE INTERNATIONAL AIRPORT, IL US","2024-01-18","6.49",,"0.06","0.8","3.9","20","28","12","  340","  340","16.1","21.9","    1",,,,,,,,
"USW00094846","CHICAGO OHARE INTERNATIONAL AIRPORT, IL US","2024-01-19","14.09",,"0.04","1.1","5.1","12","14","5","  320","  320","19.9","27.1","    1",,,,,,,"    1",
"USW00094846","CHICAGO OHARE INTERNATIONAL AIRPORT, IL US","2024-01-20","9.84",,"0.00","0.0","3.9","10","18","4","  310","  320","15.0","21.0",,,,,,,,,
"USW00094846","CHICAGO OHARE INTERNATIONAL AIRPORT, IL US","2024-01-21","9.84",,"0.00","0.0","3.9","9","21","1","  190","  200","19.9","27.1",,,,,,,,,
"USW00094846","CHICAGO OHARE INTERNATIONAL AIRPORT, IL US","2024-01-22","11.41",,"0.03","0.0","3.9","25","34","21","  220","  200","21.0","31.1","    1",,,"    1","    1","    1",,,
"USW00094846","CHICAGO OHARE INTERNATIONAL AIRPORT, IL US","2024-01-23","3.80",,"0.36","0.0","3.9","34","37","33","  100","   20","8.9","14.1","    1",,,,,"    1",,,
"USW00094846","CHICAGO OHARE INTERNATIONAL AIRPORT, IL US","2024-01-24","5.82",,"0.18","0.0","3.1","35","38","34","   40","   10","12.1","19.9","    1","    1",,,,,,,
"USW00094846","CHICAGO OHARE INTERNATIONAL AIRPORT, IL US","2024-01-25","8.95",,"0.28","0.0","1.2","36","38","35","   20","   40","16.1","25.9","    1","    1",,,,,,,
"USW00094846","CHICAGO OHARE INTERNATIONAL AIRPORT, IL US","2024-01-26","5.82",,"0.38","0.0","0.0","38","40","37","   20","   30","16.1","21.0","    1",,,,,,,,
"USW00094846","CHICAGO OHARE INTERNATIONAL AIRPORT, IL US","2024-01-27","7.61",,"0.01","0.0","0.0","38","41","36","   30","   10","17.0","23.9","    1","    1",,,,,,,
"USW00094846","CHICAGO OHARE INTERNATIONAL AIRPORT, IL US","2024-01-28","11.41",,"0.04","0.0","0.0","37","39","33","  360","  360","21.0","25.9","    1",,,,,,,,
"USW00094846","CHICAGO OHARE INTERNATIONAL AIRPORT, IL US","2024-01-29","10.96",,"0.00","0.0","0.0","34","39","30","  210","  190","19.9","28.0","    1",,,,,,,,
"USW00094846","CHICAGO OHARE INTERNATIONAL AIRPORT, IL US","2024-01-30","9.62",,"0.00","0.0","0.0","38","41","37","  210","  210","17.0","25.1","    1",,,,,,,,
"USW00094846","CHICAGO OHARE INTERNATIONAL AIRPORT, IL US","2024-01-31","10.07",,"0.00","0.0","0.0","37","38","36","  240","  250","19.9","28.0",,,,,,,,,
"USW00094846","CHICAGO OHARE INTERNATIONAL AIRPORT, IL US","2024-02-01","10.29",,"0.00","0.0","0.0","40","55","35","   30","   20","23.0","29.1","    1",,,,,,,,
"USW00094846","CHICAGO OHARE INTERNATIONAL AIRPORT, IL US","2024-02-02","10.29",,"0.00","0.0","0.0","38","42","31","   20","   20","18.1","23.9",,,,,,,,,
"USW00094846","CHICAGO OHARE INTERNATIONAL AIRPORT, IL US","2024-02-03","6.93",,"0.00","0.0","0.0","34","42","29","   50","  100","13.0","17.0","    1",,,,,,,"    1",
"USW00094846","CHICAGO OHARE INTERNATIONAL AIRPORT, IL US","2024-02-04","9.17",,"0.00","0.0","0.0","36","46","29","   30","   30","18.1","23.0","    1",,,,,,,"    1",
"USW00094846","CHICAGO OHARE INTERNATIONAL AIRPORT, IL US","2024-02-05","10.51",,"0.00","0.0","0.0","34","41","30","   30","   80","16.1","25.9","    1",,,,,,,,
"USW00094846","CHICAGO OHARE INTERNATIONAL AIRPORT, IL US","2024-02-06","4.92",,"0.00","0.0","0.0","37","48","30","   30","   30","12.1","14.1","    1","    1",,,,,,"    1",
"USW00094846","CHICAGO OHARE INTERNATIONAL AIRPORT, IL US","2024-02-07","6.49",,"0.00","0.0","0.0","38","49","30","  130","  120","17.0","21.9","    1",,,,,,,"    1",
"USW00094846","CHICAGO OHARE INTERNATIONAL AIRPORT, IL US","2024-02-08","16.55",,"0.02","0.0","0.0","50","59","43","  200","  200","29.1","45.0",,,"    1",,"    1",,,,
"USW00094846","CHICAGO OHARE INTERNATIONAL AIRPORT, IL US","2024-02-09","13.20",,"0.00","0.0","0.0","51","56","36","  240","  220","25.1","40.9",,,,,,,,,
"USW00094846","CHICAGO OHARE INTERNATIONAL AIRPORT, IL US","2024-02-10","8.05",,"0.00","0.0","0.0","38","42","30","  320","  320","16.1","21.0",,,,,,,,,
"USW00094846","CHICAGO OHARE INTERNATIONAL AIRPORT, IL US","2024-02-11","5.59",,"0.00","0.0","0.0","33","41","25","  310","  310","12.1","16.1",,,,,,,,,
"USW00094846","CHICAGO OHARE INTERNATIONAL AIRPORT, IL US","2024-02-12","5.82",,"0.00","0.0","0.0","34","46","25","  250","  310","13.0","18.1",,,,,,,,,
"USW00094846","CHICAGO OHARE INTERNATIONAL AIRPORT, IL US","2024-02-13","6.71",,"0.00","0.0","0.0","36","40","29","  330","  300","16.1","21.0",,,,,,,,,
"USW00094846","CHICAGO OHARE INTERNATIONAL AIRPORT, IL US","2024-02-14","5.82",,"0.00","0.0","0.0","34","47","26","  150","  150","15.0","21.0",,,,,,,,,
"USW00094846","CHICAGO OHARE INTERNATIONAL AIRPORT, IL US","2024-02-15","13.42",,"0.08","0.0","0.0","41","44","30","  310","  310","29.1","45.0","    1",,,,,,,,
"USW00094846","CHICAGO OHARE INTERNATIONAL AIRPORT, IL US","2024-02-16","9.17",,"0.00","0.0","0.0","31","33","18","  330","  330","23.0","31.1",,,,,,,,,
"USW00094846","CHICAGO OHARE INTERNATIONAL AIRPORT, IL US","2024-02-17","16.11",,"0.00","0.0","0.0","22","29","13","  240","  240","25.9","40.9",,,,,,,,,
"USW00094846","CHICAGO OHARE INTERNATIONAL AIRPORT, IL US","2024-02-18","11.63",,"0.00","0.0","0.0","31","46","24","  240","  230","23.0","36.0",,,,,,,,,
"USW00094846","CHICAGO OHARE INTERNATIONAL AIRPORT, IL US","2024-02-19","3.80",,"0.00","0.0","0.0","35","50","23","  220","  240","12.1","16.1",,,,,,,,,
"USW00094846","CHICAGO OHARE INTERNATIONAL AIRPORT, IL US","2024-02-20","9.17",,"0.00","0.0","0.0","42","57","29","  190","  180","21.0","29.1",,,,,,,,"    1",
"USW00094846","CHICAGO OHARE INTERNATIONAL AIRPORT, IL US","2024-02-21","9.62",,"0.00","0.0","0.0","52","63","45","  200","  230","21.9","30.0",,,,,,,,,
"USW00094846","CHICAGO OHARE INTERNATIONAL AIRPORT, IL US","2024-02-22","5.82",,"0.00","0.0","0.0","52","61","42","  360","  300","13.0","16.1",,,,,,,,,
"USW00094846","CHICAGO OHARE INTERNATIONAL AIRPORT, IL US","2024-02-23","14.32",,"0.08","1.2","0.0","45","52","28","   20","   20","30.0","38.9","    1","    1",,,,,,,
"USW00094846","CHICAGO OHARE INTERNATIONAL AIRPORT, IL US","2024-02-24","9.84",,"0.00","0.0","1.2","28","35","20","  360","  350","25.1","32.0",,,,,,,,,
"USW00094846","CHICAGO OHARE INTERNATIONAL AIRPORT, IL US","2024-02-25","10.51",,"0.00","0.0","0.0","40","61","32","  210","  210","19.9","25.9",,,,,,,,,
"USW00094846","CHICAGO OHARE INTERNATIONAL AIRPORT, IL US","2024-02-26","10.51",,"0.00","0.0","0.0","53","71","37","  200","  180","21.0","30.0",,,,,,,,,
"USW00094846","CHICAGO OHARE INTERNATIONAL AIRPORT, IL US","2024-02-27","13.42",,"0.45","0.0","0.0","63","74","52","  270","  270","29.1","40.9","    1",,"    1",,"    1",,,"    1",
"USW00094846","CHICAGO OHARE INTERNATIONAL AIRPORT, IL US","2024-02-28","16.55",,"0.02","0.0","0.0","39","53","20","  300","  330","29.1","46.1",,,,"    1",,,,,
"USW00094846","CHICAGO OHARE INTERNATIONAL AIRPORT, IL US","2024-02-29","9.62",,"0.00","0.0","0.0","28","45","20","  210","  190","17.0","30.0",,,,,,,,,
"USW00094846","CHICAGO OHARE INTERNATIONAL AIRPORT, IL US","2024-03-01","9.40",,"0.00","0.0","0.0","39","46","31","  170","  170","16.1","21.9",,,,,,,,,
"USW00094846","CHICAGO OHARE INTERNATIONAL AIRPORT, IL US","2024-03-02","8.72",,"0.00","0.0","0.0","46","60","35","  180","  170","16.1","23.9",,,,,,,,,
"USW00094846","CHICAGO OHARE INTERNATIONAL AIRPORT, IL US","2024-03-03","18.34",,"0.00","0.0","0.0","55","73","43","  170","  170","30.0","42.9",,,,,,,,,
"USW00094846","CHICAGO OHARE INTERNATIONAL AIRPORT, IL US","2024-03-04","10.96",,"0.07","0.0","0.0","62","72","44","  180","  160","25.1","40.0","    1",,"    1",,,,,,
"USW00094846","CHICAGO OHARE INTERNATIONAL AIRPORT, IL US","2024-03-05","17.22",,"0.75","0.0","0.0","48","45","40","   20","   10","31.1","38.0","    1",,"    1",,,,,,
"USW00094846","CHICAGO OHARE INTERNATIONAL AIRPORT, IL US","2024-03-06","13.42",,"0.00","0.0","0.0","42","47","37","   30","   10","18.1","25.1","    1",,,,,,,,
"USW00094846","CHICAGO OHARE INTERNATIONAL AIRPORT, IL US","2024-03-07","7.16",,"0.00","0.0","0.0","42","51","36","   60","   50","15.0","19.0",,,,,,,,,
"USW00094846","CHICAGO OHARE INTERNATIONAL AIRPORT, IL US","2024-03-08","11.86",,"0.91","0.0","0.0","44","46","39","   20","  320","19.9","25.9","    1",,,,,,,,
"USW00094846","CHICAGO OHARE INTERNATIONAL AIRPORT, IL US","2024-03-09","12.75",,"0.00","0.0","0.0","41","45","33","  330","  330","21.9","32.0",,,,,,,,,
"USW00094846","CHICAGO OHARE INTERNATIONAL AIRPORT, IL US","2024-03-10","11.41",,"0.00","0.0","0.0","37","47","30","  330","  320","23.0","32.0",,,,,,,,,
"USW00094846","CHICAGO OHARE INTERNATIONAL AIRPORT, IL US","2024-03-11","14.32",,"0.00","0.0","0.0","45","67","33","  230","  210","28.0","40.9",,,,,,,,,
"USW00094846","CHICAGO OHARE INTERNATIONAL AIRPORT, IL US","2024-03-12","12.75",,"0.00","0.0","0.0","58","71","47","  210","  200","25.1","36.0",,,,,,,,,
"USW00094846","CHICAGO OHARE INTERNATIONAL AIRPORT, IL US","2024-03-13","8.05",,"0.00","0.0","0.0","59","69","48","   30","   10","16.1","21.9",,,,,,,,,
"USW00094846","CHICAGO OHARE INTERNATIONAL AIRPORT, IL US","2024-03-14","12.97",,"0.43","0.0","0.0","52","64","40","   10","   10","25.1","34.0","    1",,"    1",,,,,,
"USW00094846","CHICAGO OHARE INTERNATIONAL AIRPORT, IL US","2024-03-15","8.95",,"0.00","0.0","0.0","43","54","37","   10","   10","19.9","27.1",,,,,,,,,
"USW00094846","CHICAGO OHARE INTERNATIONAL AIRPORT, IL US","2024-03-16","16.11",,"0.00","0.0","0.0","46","58","40","  260","  260","30.0","47.0",,,,,,,,,
"USW00094846","CHICAGO OHARE INTERNATIONAL AIRPORT, IL US","2024-03-17","12.75",,"0.00","0.0","0.0","39","41","29","  300","  330","19.9","36.0",,,,,,,,,
"USW00094846","CHICAGO OHARE INTERNATIONAL AIRPORT, IL US","2024-03-18","11.18",,"0.00","0.0","0.0","30","37","24","  330","  340","19.9","25.9",,,,,,,,,
"USW00094846","CHICAGO OHARE INTERNATIONAL AIRPORT, IL US","2024-03-19","14.32",,"0.00","0.0","0.0","38","58","29","  250","  260","29.1","42.1",,,,,,,,,
"USW00094846","CHICAGO OHARE INTERNATIONAL AIRPORT, IL US","2024-03-20","12.08",,"0.00","0.0","0.0","41","44","29","  350","  350","21.9","31.1",,,,,,,,,
"USW00094846","CHICAGO OHARE INTERNATIONAL AIRPORT, IL US","2024-03-21","5.14",,"0.00","0.0","0.0","33","41","27","  120","  120","16.1","19.9",,,,,,,,,
"USW00094846","CHICAGO OHARE INTERNATIONAL AIRPORT, IL US","2024-03-22","10.51",,"0.13","1.0","0.0","35","39","31","   10","  120","17.0","23.0","    1",,,,,,,"    1",
"USW00094846","CHICAGO OHARE INTERNATIONAL AIRPORT, IL US","2024-03-23","11.86",,"0.00","0.0","0.0","34","38","28","  360","   20","21.0","27.1",,,,,,,,,
"USW00094846","CHICAGO OHARE INTERNATIONAL AIRPORT, IL US","2024-03-24","14.32",,"0.00","0.0","0.0","37","48","33","  110","  140","23.0","30.0",,,,,,,,,
"USW00094846","CHICAGO OHARE INTERNATIONAL AIRPORT, IL US","2024-03-25","11.86",,"0.47","0.0","0.0","51","63","46","  170","  170","30.0","46.1","    1",,,,,,,,
"USW00094846","CHICAGO OHARE INTERNATIONAL AIRPORT, IL US","2024-03-26","19.24",,"0.14","0.0","0.0","51","55","32","  240","  240","31.1","46.1","    1",,,,,,,,
"USW00094846","CHICAGO OHARE INTERNATIONAL AIRPORT, IL US","2024-03-27","12.75",,"0.00","0.0","0.0","34","42","29","  270","  260","23.9","36.9",,,,,,,,,
"USW00094846","CHICAGO OHARE INTERNATIONAL AIRPORT, IL US","2024-03-28","7.16",,"0.00","0.0","0.0","38","51","29","  290","  270","18.1","23.9",,,,,,,,,
"USW00094846","CHICAGO OHARE INTERNATIONAL AIRPORT, IL US","2024-03-29","7.61",,"0.03","0.0","0.0","42","54","32","   50","   60","16.1","21.0",,,"    1",,,,,"    1",
"USW00094846","CHICAGO OHARE INTERNATIONAL AIRPORT, IL US","2024-03-30","8.72",,"0.40","0.0","0.0","48","61","40","  330","  310","17.0","23.0","    1",,,,,,,"    1",
"USW00094846","CHICAGO OHARE INTERNATIONAL AIRPORT, IL US","2024-03-31","10.51",,"0.26","0.0","0.0","43","54","38","   20","   20","19.9","23.0","    1",,,,,,,,
"USW00094846","CHICAGO OHARE INTERNATIONAL AIRPORT, IL US","2024-04-01","14.32",,"0.44","0.0","0.0","44","48","42","  340","  350","23.9","31.1","    1",,"    1",,,,,"    1",
"USW00094846","CHICAGO OHARE INTERNATIONAL AIRPORT, IL US","2024-04-02","14.09",,"0.40","0.0","0.0","43","45","36","  280","  280","23.0","34.0","    1",,,,,,,,
"USW00094846","CHICAGO OHARE INTERNATIONAL AIRPORT, IL US","2024-04-03","14.09",,"0.30","0.0","0.0","36","39","34","  310","  310","23.0","35.1","    1",,,"    1","    1",,,,
"USW00094846","CHICAGO OHARE INTERNATIONAL AIRPORT, IL US","2024-04-04","13.65",,"0.07","0.0","0.0","38","45","36","  360","  350","23.0","32.0","    1",,,,,,,,
"USW00094846","CHICAGO OHARE INTERNATIONAL AIRPORT, IL US","2024-04-05","10.51",,"0.00","0.0","0.0","42","49","36","   20","   10","23.0","31.1",,,,,,,,,
"USW00094846","CHICAGO OHARE INTERNATIONAL AIRPORT, IL US","2024-04-06","7.61",,"0.00","0.0","0.0","42","53","32","   60","   60","14.1","19.0",,,,,,,,,
"USW00094846","CHICAGO OHARE INTERNATIONAL AIRPORT, IL US","2024-04-07","10.51",,"0.37","0.0","0.0","44","50","39","  110","  110","25.1","35.1","    1",,"    1",,,,,,
"USW00094846","CHICAGO OHARE INTERNATIONAL AIRPORT, IL US","2024-04-08","11.18",,"0.00","0.0","0.0","55","71","47","  210","  250","21.9","32.0",,,,,,,,,
"USW00094846","CHICAGO OHARE INTERNATIONAL AIRPORT, IL US","2024-04-09","8.50",,"0.00","0.0","0.0","60","63","49","  260","  210","18.1","25.9",,,,,,,,,
"USW00094846","CHICAGO OHARE INTERNATIONAL AIRPORT, IL US","2024-04-10","4.92",,"0.00","0.0","0.0","56","69","45","  110","  100","16.1","19.9",,,,,,,,,
"USW00094846","CHICAGO OHARE INTERNATIONAL AIRPORT, IL US","2024-04-11","9.84",,"0.01","0.0","0.0","56","60","49","   30","  360","19.9","25.9",,,,,,,,,
"USW00094846","CHICAGO OHARE INTERNATIONAL AIRPORT, IL US","2024-04-12","13.42",,"0.06","0.0","0.0","54","64","49","  320","  320","30.0","42.1",,,"    1",,,,,"    1",
"USW00094846","CHICAGO OHARE INTERNATIONAL AIRPORT, IL US","2024-04-13","9.62",,"0.00","0.0","0.0","55","71","44","  200","  190","21.0","31.1",,,,,,,,,
"USW00094846","CHICAGO OHARE INTERNATIONAL AIRPORT, IL US","2024-04-14","11.41",,"0.00","0.0","0.0","69","81","53","  250","  230","21.9","32.0",,,,,,,,,
"USW00094846","CHICAGO OHARE INTERNATIONAL AIRPORT, IL US","2024-04-15","7.83",,"0.00","0.0","0.0","63","76","48","   20","   20","16.1","19.9",,,,,,,,,
"USW00094846","CHICAGO OHARE INTERNATIONAL AIRPORT, IL US","2024-04-16","13.87",,"0.10","0.0","0.0","63","81","51","  130","  180","25.9","42.1",,,"    1",,,,,,
"USW00094846","CHICAGO OHARE INTERNATIONAL AIRPORT, IL US","2024-04-17","17.22",,"0.19","0.0","0.0","65","68","53","  240","  250","29.1","45.0","    1",,,,,,,,
"USW00094846","CHICAGO OHARE INTERNATIONAL AIRPORT, IL US","2024-04-18","7.38",,"0.10","0.0","0.0","54","58","47","   30","   30","18.1","21.0",,,"    1",,,,,,
"USW00094846","CHICAGO OHARE INTERNATIONAL AIRPORT, IL US","2024-04-19","16.33",,"0.00","0.0","0.0","49","56","41","  260","  260","25.9","40.9",,,,,,,,,
"USW00094846","CHICAGO OHARE INTERNATIONAL AIRPORT, IL US","2024-04-20","11.86",,"0.00","0.0","0.0","43","45","35","  300","  270","17.0","25.1",,,,,,,,,
"USW00094846","CHICAGO OHARE INTERNATIONAL AIRPORT, IL US","2024-04-21","8.28",,"0.00","0.0","0.0","44","58","33","  300","  300","19.9","27.1",,,,,,,,,
"USW00094846","CHICAGO OHARE INTERNATIONAL AIRPORT, IL US","2024-04-22","13.65",,"0.00","0.0","0.0","53","67","41","  230","  180","23.9","36.9",,,,,,,,,
"USW00094846","CHICAGO OHARE INTERNATIONAL AIRPORT, IL US","2024-04-23","15.88",,"0.00","0.0","0.0","59","64","41","   20","   30","29.1","36.9",,,,,,,,,
"USW00094846","CHICAGO OHARE INTERNATIONAL AIRPORT, IL US","2024-04-24","13.42",,"0.00","0.0","0.0","45","47","35","   10","   10","28.0","34.0",,,,,,,,,
"USW00094846","CHICAGO OHARE INTERNATIONAL AIRPORT, IL US","2024-04-25","6.04",,"0.00","0.0","0.0","44","58","33","   80","   50","14.1","19.0",,,,,,,,,
"USW00094846","CHICAGO OHARE INTERNATIONAL AIRPORT, IL US","2024-04-26","13.42",,"0.38","0.0","0.0","49","63","43","  120","  110","29.1","38.9","    1",,,,,,,,
"USW00094846","CHICAGO OHARE INTERNATIONAL AIRPORT, IL US","2024-04-27","15.66",,"0.03","0.0","0.0","66","79","59","  220","  210","29.1","42.9","    1",,"    1",,,,,,
"USW00094846","CHICAGO OHARE INTERNATIONAL AIRPORT, IL US","2024-04-28","9.84",,"0.36","0.0","0.0","67","75","59","  170","  220","30.0","42.1","    1",,"    1",,,,,"    1",
"USW00094846","CHICAGO OHARE INTERNATIONAL AIRPORT, IL US","2024-04-29","10.51",,"0.66","0.0","0.0","66","70","54","  220","  230","21.9","30.0","    1",,"    1",,,,,,
"USW00094846","CHICAGO OHARE INTERNATIONAL AIRPORT, IL US","2024-04-30","7.61",,"0.00","0.0","0.0","60","74","50","  190","  190","19.9","29.1",,,,,,,,,
"USW00094846","CHICAGO OHARE INTERNATIONAL AIRPORT, IL US","2024-05-01","10.51",,"0.01","0.0","0.0","69","75","58","  270","  250","21.9","31.1",,,,,,,,,
"USW00094846","CHICAGO OHARE INTERNATIONAL AIRPORT, IL US","2024-05-02","8.95",,"0.63","0.0","0.0","66","81","54","  210","  200","23.0","35.1","    1",,"    1",,,,,,
"USW00094846","CHICAGO OHARE INTERNATIONAL AIRPORT, IL US","2024-05-03","7.83",,"0.16","0.0","0.0","65","69","53","   60","   30","16.1","23.0","    1",,,,,,,,
"USW00094846","CHICAGO OHARE INTERNATIONAL AIRPORT, IL US","2024-05-04","8.50",,"0.22","0.0","0.0","63","81","47","  290","  300","25.1","36.9","    1",,"    1",,,,,,
"USW00094846","CHICAGO OHARE INTERNATIONAL AIRPORT, IL US","2024-05-05","8.05",,"0.00","0.0","0.0","59","64","50","  350","  350","16.1","21.0",,,,,,,,,
"USW00094846","CHICAGO OHARE INTERNATIONAL AIRPORT, IL US","2024-05-06","8.72",,"0.00","0.0","0.0","58","70","48","  120","   60","15.0","21.0",,,,,,,,,
"USW00094846","CHICAGO OHARE INTERNATIONAL AIRPORT, IL US","2024-05-07","10.07",,"0.78","0.0","0.0","65","75","58","  240","  240","21.9","30.0","    1",,"    1",,,,,,
"USW00094846","CHICAGO OHARE INTERNATIONAL AIRPORT, IL US","2024-05-08","7.16",,"0.00","0.0","0.0","67","79","53","   60","   60","16.1","23.0",,,,,,,,,
"USW00094846","CHICAGO OHARE INTERNATIONAL AIRPORT, IL US","2024-05-09","11.41",,"0.51","0.0","0.0","59","63","49","   30","   30","19.9","23.0","    1",,"    1",,,,,,
"USW00094846","CHICAGO OHARE INTERNATIONAL AIRPORT, IL US","2024-05-10","8.50",,"0.11","0.0","0.0","55","67","46","  350","  350","21.9","32.0","    1",,"    1",,,,,,
"USW00094846","CHICAGO OHARE INTERNATIONAL AIRPORT, IL US","2024-05-11","9.62",,"0.00","0.0","0.0","60","70","51","  290","  270","23.0","36.0","    1",,,,,,,,
"USW00094846","CHICAGO OHARE INTERNATIONAL AIRPORT, IL US","2024-05-12","9.40",,"0.00","0.0","0.0","64","83","49","  210","  190","19.9","30.0",,,,,,,,,
"USW00094846","CHICAGO OHARE INTERNATIONAL AIRPORT, IL US","2024-05-13","8.50",,"0.12","0.0","0.0","72","81","62","  210","  200","21.0","32.0","    1",,,,,,,,
"USW00094846","CHICAGO OHARE INTERNATIONAL AIRPORT, IL US","2024-05-14","14.32",,"0.03","0.0","0.0","58","62","51","   20","   30","21.9","27.1","    1",,,,,,,,
"USW00094846","CHICAGO OHARE INTERNATIONAL AIRPORT, IL US","2024-05-15","11.86",,"0.00","0.0","0.0","58","67","52","   40","   30","19.9","25.9",,,,,,,,,
"USW00094846","CHICAGO OHARE INTERNATIONAL AIRPORT, IL US","2024-05-16","7.16",,"0.48","0.0","0.0","62","75","52","  210","  230","17.0","25.9","    1",,"    1",,,,,"    1",
"USW00094846","CHICAGO OHARE INTERNATIONAL AIRPORT, IL US","2024-05-17","5.37",,"0.00","0.0","0.0","69","81","59","   90","  100","14.1","18.1","    1","    1",,,,,,,
"USW00094846","CHICAGO OHARE INTERNATIONAL AIRPORT, IL US","2024-05-18","6.04",,"0.00","0.0","0.0","71","85","59","  180","  170","16.1","23.0","    1",,,,,,,"    1",
"USW00094846","CHICAGO OHARE INTERNATIONAL AIRPORT, IL US","2024-05-19","9.17",,"0.00","0.0","0.0","74","76","62","   40","   30","17.0","25.9",,,,,,,,,
"USW00094846","CHICAGO OHARE INTERNATIONAL AIRPORT, IL US","2024-05-20","10.51",,"0.00","0.0","0.0","71","86","61","  230","  260","29.1","42.1",,,"    1",,,,,,
"USW00094846","CHICAGO OHARE INTERNATIONAL AIRPORT, IL US","2024-05-21","15.21",,"0.00","0.0","0.0","75","89","61","  220","  220","35.1","57.9","    1",,,,,,,,
"USW00094846","CHICAGO OHARE INTERNATIONAL AIRPORT, IL US","2024-05-22","14.76",,"0.00","0.0","0.0","74","80","61","  220","  200","36.9","57.9",,,,,,,,,
"USW00094846","CHICAGO OHARE INTERNATIONAL AIRPORT, IL US","2024-05-23","5.82",,"0.00","0.0","0.0","69","81","58","  110","  100","16.1","21.0",,,,,,,,,
"USW00094846","CHICAGO OHARE INTERNATIONAL AIRPORT, IL US","2024-05-24","10.07",,"0.06","0.0","0.0","69","77","64","  180","  190","25.9","36.9",,,"    1",,,,,,
"USW00094846","CHICAGO OHARE INTERNATIONAL AIRPORT, IL US","2024-05-25","8.28",,"0.00","0.0","0.0","68","76","56","  290","  300","18.1","25.9",,,,,,,,,
"USW00094846","CHICAGO OHARE INTERNATIONAL AIRPORT, IL US","2024-05-26","8.95",,"0.74","0.0","0.0","63","73","58","  170","  170","19.9","29.1","    1",,"    1",,,,,,
"USW00094846","CHICAGO OHARE INTERNATIONAL AIRPORT, IL US","2024-05-27","11.18",,"0.00","0.0","0.0","64","74","58","  310","  300","19.9","29.1",,,"    1",,,,,,
"USW00094846","CHICAGO OHARE INTERNATIONAL AIRPORT, IL US","2024-05-28","7.83",,"0.21","0.0","0.0","63","72","54","  310","  290","21.0","29.1","    1",,"    1",,,,,,
"USW00094846","CHICAGO OHARE INTERNATIONAL AIRPORT, IL US","2024-05-29","10.96",,"0.00","0.0","0.0","60","70","49","   30","   10","21.9","29.1",,,,,,,,,
"USW00094846","CHICAGO OHARE INTERNATIONAL AIRPORT, IL US","2024-05-30","7.16",,"0.00","0.0","0.0","58","70","45","   60","   40","15.0","23.0",,,,,,,,,
"USW00094846","CHICAGO OHARE INTERNATIONAL AIRPORT, IL US","2024-05-31","7.16",,"0.00","0.0","0.0","64","79","50","  120","  120","18.1","29.1",,,,,,,,,
"USW00094846","CHICAGO OHARE INTERNATIONAL AIRPORT, IL US","2024-06-01","6.93",,"0.95","0.0","0.0","66","68","60","  100","  110","15.0","21.9","    1",,,,,,,,
"USW00094846","CHICAGO OHARE INTERNATIONAL AIRPORT, IL US","2024-06-02","6.71",,"0.00","0.0","0.0","65","77","59","   30","   10","15.0","19.9","    1",,,,,,,,
"USW00094846","CHICAGO OHARE INTERNATIONAL AIRPORT, IL US","2024-06-03","9.17",,"0.00","0.0","0.0","71","86","58","  170","  170","18.1","29.1",,,,,,,,,
"USW00094846","CHICAGO OHARE INTERNATIONAL AIRPORT, IL US","2024-06-04","8.05",,"0.13","0.0","0.0","79","85","69","  200","  210","23.9","40.0","    1",,"    1",,,,,,
"USW00094846","CHICAGO OHARE INTERNATIONAL AIRPORT, IL US","2024-06-05","9.84",,"0.30","0.0","0.0","74","79","69","  260","  250","19.9","29.1","    1",,"    1",,,,,,
"USW00094846","CHICAGO OHARE INTERNATIONAL AIRPORT, IL US","2024-06-06","14.09",,"0.00","0.0","0.0","72","78","64","  280","  300","30.0","46.1",,,,,,,,,
"USW00094846","CHICAGO OHARE INTERNATIONAL AIRPORT, IL US","2024-06-07","10.96",,"0.00","0.0","0.0","69","78","59","  290","  320","25.1","38.0",,,,,,,,,
"USW00094846","CHICAGO OHARE INTERNATIONAL AIRPORT, IL US","2024-06-08","6.71",,"0.07","0.0","0.0","67","77","55","   30","   30","25.1","31.1","    1",,,,,,,,
"USW00094846","CHICAGO OHARE INTERNATIONAL AIRPORT, IL US","2024-06-09","12.97",,"0.00","0.0","0.0","65","80","55","   30","  280","25.9","36.9",,,,,,,,,
"USW00094846","CHICAGO OHARE INTERNATIONAL AIRPORT, IL US","2024-06-10","10.51",,"0.01","0.0","0.0","61","69","53","   20","   70","21.9","29.1","    1",,,,,,,,
"USW00094846","CHICAGO OHARE INTERNATIONAL AIRPORT, IL US","2024-06-11","5.59",,"0.00","0.0","0.0","63","78","50","  230","  270","14.1","19.0",,,,,,,,,
"USW00094846","CHICAGO OHARE INTERNATIONAL AIRPORT, IL US","2024-06-12","8.05",,"0.00","0.0","0.0","76","91","66","  230","  210","16.1","21.9",,,,,,,,,
"USW00094846","CHICAGO OHARE INTERNATIONAL AIRPORT, IL US","2024-06-13","9.62",,"0.01","0.0","0.0","81","91","71","  220","  250","19.9","30.0",,,"    1",,,,,,
"USW00094846","CHICAGO OHARE INTERNATIONAL AIRPORT, IL US","2024-06-14","8.72",,"0.00","0.0","0.0","77","86","60","   30","   40","19.9","27.1",,,,,,,,,
"USW00094846","CHICAGO OHARE INTERNATIONAL AIRPORT, IL US","2024-06-15","10.07",,"0.00","0.0","0.0","71","86","58","  140","  160","21.9","30.0",,,,,,,,,
"USW00094846","CHICAGO OHARE INTERNATIONAL AIRPORT, IL US","2024-06-16","12.53",,"0.01","0.0","0.0","80","95","71","  260","  250","30.0","47.0",,,,,,,,"    1",
"USW00094846","CHICAGO OHARE INTERNATIONAL AIRPORT, IL US","2024-06-17","12.30",,"0.00","0.0","0.0","84","97","77","  230","  200","21.9","35.1",,,,,,,,,
"USW00094846","CHICAGO OHARE INTERNATIONAL AIRPORT, IL US","2024-06-18","15.43",,"0.00","0.0","0.0","85","94","78","  180","  200","25.9","38.9",,,,,,,,,
"USW00094846","CHICAGO OHARE INTERNATIONAL AIRPORT, IL US","2024-06-19","9.62",,"0.09","0.0","0.0","85","93","73","  150","  210","18.1","27.1",,,,,,,,,
"USW00094846","CHICAGO OHARE INTERNATIONAL AIRPORT, IL US","2024-06-20","8.50",,"0.01","0.0","0.0","77","85","64","   20","   20","16.1","21.9","    1",,"    1",,,,,,
"USW00094846","CHICAGO OHARE INTERNATIONAL AIRPORT, IL US","2024-06-21","6.04",,"0.00","0.0","0.0","76","94","66","  220","  220","17.0","25.9","    1",,,,,,,,
"USW00094846","CHICAGO OHARE INTERNATIONAL AIRPORT, IL US","2024-06-22","14.09",,"0.91","0.0","0.0","82","93","69","  190","  180","25.1","38.0","    1",,"    1",,,,,,
"USW00094846","CHICAGO OHARE INTERNATIONAL AIRPORT, IL US","2024-06-23","9.84",,"0.00","0.0","0.0","76","80","69","  320","  310","19.9","27.1","    1",,"    1",,,,,,
"USW00094846","CHICAGO OHARE INTERNATIONAL AIRPORT, IL US","2024-06-24","5.59",,"0.00","0.0","0.0","76","88","65","  200","  220","23.0","33.1",,,"    1",,,,,,
"USW00094846","CHICAGO OHARE INTERNATIONAL AIRPORT, IL US","2024-06-25","13.42",,"0.45","0.0","0.0","80","85","71","  290","  280","29.1","42.9","    1",,"    1",,"    1",,,,
"USW00094846","CHICAGO OHARE INTERNATIONAL AIRPORT, IL US","2024-06-26","9.62",,"0.00","0.0","0.0","79","87","64","   30","   30","21.9","28.0",,,"    1",,,,,,
"USW00094846","CHICAGO OHARE INTERNATIONAL AIRPORT, IL US","2024-06-27","9.84",,"0.00","0.0","0.0","69","74","61","   30","   80","18.1","23.9",,,,,,,,,
"USW00094846","CHICAGO OHARE INTERNATIONAL AIRPORT, IL US","2024-06-28","7.16",,"0.15","0.0","0.0","68","74","65","  170","  190","16.1","25.1","    1",,,,,,,,
"USW00094846","CHICAGO OHARE INTERNATIONAL AIRPORT, IL US","2024-06-29","10.51",,"0.01","0.0","0.0","78","88","70","  270","  260","19.9","28.0","    1",,,,,,,,
"USW00094846","CHICAGO OHARE INTERNATIONAL AIRPORT, IL US","2024-06-30","12.08",,"0.00","0.0","0.0","69","71","59","   30","   30","19.9","25.9",,,,,,,,,
"USW00094846","CHICAGO OHARE INTERNATIONAL AIRPORT, IL US","2024-07-01","7.38",,"0.00","0.0","0.0","65","75","54","  100",,"12.1",,,,,,,,,,
"USW00094846","CHICAGO OHARE INTERNATIONAL AIRPORT, IL US","2024-07-02","11.41",,"0.01","0.0","0.0","72","85","67","  170","  190","23.0","33.1",,,,,,,,,
"USW00094846","CHICAGO OHARE INTERNATIONAL AIRPORT, IL US","2024-07-03","7.61",,"0.09","0.0","0.0","80","88","73","  220","  210","15.0","21.9","    1",,,,,,,,
"USW00094846","CHICAGO OHARE INTERNATIONAL AIRPORT, IL US","2024-07-04","3.13",,"0.00","0.0","0.0","77","84","69","  120","  100","14.1","19.9",,,,,,,,"    1",
"USW00094846","CHICAGO OHARE INTERNATIONAL AIRPORT, IL US","2024-07-05","11.18",,"0.00","0.0","0.0","76","82","68","  230","  210","21.0","33.1","    1",,,,,,,"    1",
"USW00094846","CHICAGO OHARE INTERNATIONAL AIRPORT, IL US","2024-07-06","5.37",,"0.00","0.0","0.0","72","83","64","  130","  150","14.1","19.9",,,,,,,,,
"USW00094846","CHICAGO OHARE INTERNATIONAL AIRPORT, IL US","2024-07-07","7.38",,"1.07","0.0","0.0","74","87","66","   30","   30","18.1","23.0","    1",,"    1",,,,,"    1",
"USW00094846","CHICAGO OHARE INTERNATIONAL AIRPORT, IL US","2024-07-08","7.83",,"0.00","0.0","0.0","75","86","69","  240","  260","16.1","23.0","    1",,,,,,,,
"USW00094846","CHICAGO OHARE INTERNATIONAL AIRPORT, IL US","2024-07-09","5.14",,"0.38","0.0","0.0","77","81","69","  360","  350","15.0","21.0","    1",,,,,,,,
"USW00094846","CHICAGO OHARE INTERNATIONAL AIRPORT, IL US","2024-07-10","7.83",,"0.23","0.0","0.0","73","84","66","   20","  320","16.1","21.9","    1",,,,,,,,
"USW00094846","CHICAGO OHARE INTERNATIONAL AIRPORT, IL US","2024-07-11","6.93",,"0.00","0.0","0.0","73","81","66","   20","   50","14.1","21.0",,,,,,,,,
"USW00094846","CHICAGO OHARE INTERNATIONAL AIRPORT, IL US","2024-07-12","6.04",,"0.00","0.0","0.0","75","86","64","   70","   40","12.1","18.1",,,,,,,,,
"USW00094846","CHICAGO OHARE INTERNATIONAL AIRPORT, IL US","2024-07-13","7.61",,"1.60","0.0","0.0","79","91","67","  360","  240","32.0","50.1","    1",,"    1",,,,,,
"USW00094846","CHICAGO OHARE INTERNATIONAL AIRPORT, IL US","2024-07-14","8.95",,"1.64","0.0","0.0","76","88","67","  320","  290","25.9","34.0","    1","    1","    1",,,,,,
"USW00094846","CHICAGO OHARE INTERNATIONAL AIRPORT, IL US","2024-07-15","8.05",,"0.53","0.0","0.0","79","90","69","  290","  260","42.9","74.9","    1",,"    1",,,,,,
"USW00094846","CHICAGO OHARE INTERNATIONAL AIRPORT, IL US","2024-07-16","8.05",,"0.00","0.0","0.0","77","85","69","  270","  260","16.1","23.0",,,,,,,,,
"USW00094846","CHICAGO OHARE INTERNATIONAL AIRPORT, IL US","2024-07-17","10.96",,"0.00","0.0","0.0","77","82","64","   40","  310","21.0","28.0",,,,,,,,,
"USW00094846","CHICAGO OHARE INTERNATIONAL AIRPORT, IL US","2024-07-18","9.17",,"0.00","0.0","0.0","69","75","61","   30","   40","18.1","25.9",,,,,,,,,
"USW00094846","CHICAGO OHARE INTERNATIONAL AIRPORT, IL US","2024-07-19","6.26",,"0.00","0.0","0.0","69","80","60","  100","  100","15.0","19.0",,,,,,,,,
"USW00094846","CHICAGO OHARE INTERNATIONAL AIRPORT, IL US","2024-07-20","3.80",,"0.00","0.0","0.0","72","81","63","   90","   90","10.1","14.1",,,,,,,,,
"USW00094846","CHICAGO OHARE INTERNATIONAL AIRPORT, IL US","2024-07-21","4.47",,"0.00","0.0","0.0","74","84","66","   60","   80","13.0","18.1",,,,,,,,,
"USW00094846","CHICAGO OHARE INTERNATIONAL AIRPORT, IL US","2024-07-22","4.03",,"0.00","0.0","0.0","74","84","65","   60","   50","13.0","18.1",,,,,,,,,
"USW00094846","CHICAGO OHARE INTERNATIONAL AIRPORT, IL US","2024-07-23","6.49",,"0.20","0.0","0.0","76","85","67","  220","  250","19.9","29.1","    1",,"    1",,"    1",,,,
"USW00094846","CHICAGO OHARE INTERNATIONAL AIRPORT, IL US","2024-07-24","6.71",,"0.00","0.0","0.0","72","75","67","   30","   50","13.0","17.0",,,,,,,,,
"USW00094846","CHICAGO OHARE INTERNATIONAL AIRPORT, IL US","2024-07-25","7.38",,"0.00","0.0","0.0","71","78","62","   90","  100","14.1","19.9",,,,,,,,,
"USW00094846","CHICAGO OHARE INTERNATIONAL AIRPORT, IL US","2024-07-26","5.82",,"0.00","0.0","0.0","71","81","61","   90","  100","13.0","18.1",,,,,,,,,
"USW00094846","CHICAGO OHARE INTERNATIONAL AIRPORT, IL US","2024-07-27","6.04",,"0.00","0.0","0.0","75","85","66","  190","  170","14.1","19.9",,,,,,,,"    1",
"USW00094846","CHICAGO OHARE INTERNATIONAL AIRPORT, IL US","2024-07-28","7.83",,"0.03","0.0","0.0","76","85","70","  170","  180","17.0","23.0","    1",,,,,,,,
"USW00094846","CHICAGO OHARE INTERNATIONAL AIRPORT, IL US","2024-07-29","6.71",,"0.11","0.0","0.0","76","84","71","  230","  220","17.0","25.1","    1",,,,,,,"    1",
"USW00094846","CHICAGO OHARE INTERNATIONAL AIRPORT, IL US","2024-07-30","4.25",,"0.00","0.0","0.0","78","90","70","  280","  230","14.1","21.0",,,,,,,,,
"USW00094846","CHICAGO OHARE INTERNATIONAL AIRPORT, IL US","2024-07-31","5.14",,"0.00","0.0","0.0","81","92","72","  240","  220","12.1","17.0",,,,,,,,,
"USW00094846","CHICAGO OHARE INTERNATIONAL AIRPORT, IL US","2024-08-01","4.92",,"0.51","0.0","0.0","81","88","69","  350","  350","25.9","33.1","    1",,"    1",,,,,,
"USW00094846","CHICAGO OHARE INTERNATIONAL AIRPORT, IL US","2024-08-02","8.05",,"0.00","0.0","0.0","76","87","69","   30","   40","18.1","25.1","    1",,,,,,,,
"USW00094846","CHICAGO OHARE INTERNATIONAL AIRPORT, IL US","2024-08-03","6.04",,"0.00","0.0","0.0","80","91","73","   30","   70","15.0","21.9",,,,,,,,,
"USW00094846","CHICAGO OHARE INTERNATIONAL AIRPORT, IL US","2024-08-04","4.70",,"0.00","0.0","0.0","80","91","71","  220","  220","13.0","17.0",,,,,,,,,
"USW00094846","CHICAGO OHARE INTERNATIONAL AIRPORT, IL US","2024-08-05","8.05",,"0.00","0.0","0.0","81","91","74","   40","   30","19.9","25.9",,,"    1",,,,,,
"USW00094846","CHICAGO OHARE INTERNATIONAL AIRPORT, IL US","2024-08-06","14.09",,"0.34","0.0","0.0","72","75","67","   30","   20","25.1","33.1","    1",,"    1",,,,,,
"USW00094846","CHICAGO OHARE INTERNATIONAL AIRPORT, IL US","2024-08-07","10.74",,"0.00","0.0","0.0","72","78","64","   60","   60","21.0","28.0",,,,,,,,,
"USW00094846","CHICAGO OHARE INTERNATIONAL AIRPORT, IL US","2024-08-08","5.59",,"0.00","0.0","0.0","72","83","64","  340","  330","19.9","23.9",,,,,,,,,
"USW00094846","CHICAGO OHARE INTERNATIONAL AIRPORT, IL US","2024-08-09","9.84",,"0.00","0.0","0.0","69","72","60","  300","  300","17.0","25.1",,,,,,,,"    1",
"USW00094846","CHICAGO OHARE INTERNATIONAL AIRPORT, IL US","2024-08-10","10.51",,"0.00","0.0","0.0","65","75","56","  270","  250","21.0","28.0",,,,,,,,,
"USW00094846","CHICAGO OHARE INTERNATIONAL AIRPORT, IL US","2024-08-11","7.38",,"0.00","0.0","0.0","69","80","58","  290","  250","16.1","25.1",,,,,,,,,
"USW00094846","CHICAGO OHARE INTERNATIONAL AIRPORT, IL US","2024-08-12","4.47",,"0.00","0.0","0.0","71","82","61","  130","  170","10.1","14.1",,,,,,,,,
"USW00094846","CHICAGO OHARE INTERNATIONAL AIRPORT, IL US","2024-08-13","4.70",,"0.00","0.0","0.0","74","86","64","  110","  100","14.1","21.0",,,,,,,,,
"USW00094846","CHICAGO OHARE INTERNATIONAL AIRPORT, IL US","2024-08-14","6.04",,"0.00","0.0","0.0","76","86","66","  110","  110","18.1","21.9",,,,,,,,,
"USW00094846","CHICAGO OHARE INTERNATIONAL AIRPORT, IL US","2024-08-15","10.29",,"0.25","0.0","0.0","73","76","67","  190","  170","17.0","25.9","    1",,,,,,,,
"USW00094846","CHICAGO OHARE INTERNATIONAL AIRPORT, IL US","2024-08-16","9.17",,"0.22","0.0","0.0","75","87","67","  270","  260","23.9","36.0","    1",,"    1",,,,,,
"USW00094846","CHICAGO OHARE INTERNATIONAL AIRPORT, IL US","2024-08-17","8.28",,"0.17","0.0","0.0","74","84","69","  350","  340","19.9","28.0","    1",,,,,,,"    1",
"USW00094846","CHICAGO OHARE INTERNATIONAL AIRPORT, IL US","2024-08-18","12.53",,"0.01","0.0","0.0","72","80","68","   30","   60","21.9","32.0","    1",,,,,,,,
"USW00094846","CHICAGO OHARE INTERNATIONAL AIRPORT, IL US","2024-08-19","13.42",,"0.00","0.0","0.0","71","77","63","   20","   40","25.1","35.1",,,,,,,,,
"USW00094846","CHICAGO OHARE INTERNATIONAL AIRPORT, IL US","2024-08-20","8.05",,"0.00","0.0","0.0","67","72","58","   30","   40","17.0","23.9",,,,,,,,,
"USW00094846","CHICAGO OHARE INTERNATIONAL AIRPORT, IL US","2024-08-21","4.47",,"0.00","0.0","0.0","65","76","56","   60","   40","14.1","19.0",,,,,,,,,
"USW00094846","CHICAGO OHARE INTERNATIONAL AIRPORT, IL US","2024-08-22","3.36",,"0.00","0.0","0.0","66","80","55","  230","  150","10.1","15.0",,,,,,,,,
"USW00094846","CHICAGO OHARE INTERNATIONAL AIRPORT, IL US","2024-08-23","4.92",,"0.00","0.0","0.0","71","82","59","  160","  210","14.1","21.9",,,,,,,,,
"USW00094846","CHICAGO OHARE INTERNATIONAL AIRPORT, IL US","2024-08-24","4.03",,"0.00","0.0","0.0","76","91","64","  230","  230","15.0","21.0",,,,,,,,,
"USW00094846","CHICAGO OHARE INTERNATIONAL AIRPORT, IL US","2024-08-25","9.62",,"0.00","0.0","0.0","82","93","74","  220","  220","19.9","27.1",,,,,,,,,
"USW00094846","CHICAGO OHARE INTERNATIONAL AIRPORT, IL US","2024-08-26","10.51",,"0.00","0.0","0.0","86","96","79","  220","  230","17.0","27.1",,,,,,,,,
"USW00094846","CHICAGO OHARE INTERNATIONAL AIRPORT, IL US","2024-08-27","8.50",,"0.64","0.0","0.0","88","99","74","   20","   20","38.9","53.0","    1",,"    1",,,,,,
"USW00094846","CHICAGO OHARE INTERNATIONAL AIRPORT, IL US","2024-08-28","8.50",,"0.18","0.0","0.0","77","84","71","  240","  230","23.0","33.1","    1",,"    1",,,,,,
"USW00094846","CHICAGO OHARE INTERNATIONAL AIRPORT, IL US","2024-08-29","7.61",,"0.00","0.0","0.0","76","88","71","   80","   80","14.1","19.0",,,,,,,,,
"USW00094846","CHICAGO OHARE INTERNATIONAL AIRPORT, IL US","2024-08-30","7.38",,"0.28","0.0","0.0","77","83","69","  310","  340","21.0","31.1","    1",,"    1",,,,,,
"USW00094846","CHICAGO OHARE INTERNATIONAL AIRPORT, IL US","2024-08-31","5.82"," 1522","0.00","0.0","0.0","74","84","62","  270","  280","12.1","17.0",,,,,,,,,
"USW00094846","CHICAGO OHARE INTERNATIONAL AIRPORT, IL US","2024-09-01","11.41",,"0.00","0.0","0.0","72","76","60","   30","   30","21.9","31.1",,,"    1",,,,,,
"USW00094846","CHICAGO OHARE INTERNATIONAL AIRPORT, IL US","2024-09-02","5.37",,"0.00","0.0","0.0","66","76","58","   90","   60","13.0","21.9",,,,,,,,,
"USW00094846","CHICAGO OHARE INTERNATIONAL AIRPORT, IL US","2024-09-03","5.59",,"0.00","0.0","0.0","67","78","58","   80","   90","14.1","19.0",,,,,,,,,
"USW00094846","CHICAGO OHARE INTERNATIONAL AIRPORT, IL US","2024-09-04","5.37",,"0.00","0.0","0.0","70","84","58","  140","  150","14.1","21.0",,,,,,,,,
"USW00094846","CHICAGO OHARE INTERNATIONAL AIRPORT, IL US","2024-09-05","6.49",,"0.04","0.0","0.0","75","87","64","  260","  230","17.0","25.9",,,"    1",,,,,,
"USW00094846","CHICAGO OHARE INTERNATIONAL AIRPORT, IL US","2024-09-06","11.63",,"0.00","0.0","0.0","68","70","54","   20","   10","18.1","25.1",,,,,,,,,
"USW00094846","CHICAGO OHARE INTERNATIONAL AIRPORT, IL US","2024-09-07","8.95",,"0.00","0.0","0.0","58","67","48","  360","   10","21.0","25.9",,,,,,,,,
"USW00094846","CHICAGO OHARE INTERNATIONAL AIRPORT, IL US","2024-09-08","8.05",,"0.00","0.0","0.0","59","72","49","  230","  220","16.1","23.0",,,,,,,,,
"USW00094846","CHICAGO OHARE INTERNATIONAL AIRPORT, IL US","2024-09-09","8.72",,"0.00","0.0","0.0","67","81","57","  260","  280","18.1","25.1",,,,,,,,,
"USW00094846","CHICAGO OHARE INTERNATIONAL AIRPORT, IL US","2024-09-10","5.82",,"0.00","0.0","0.0","70","82","58","  180","  190","15.0","21.9",,,,,,,,,
"USW00094846","CHICAGO OHARE INTERNATIONAL AIRPORT, IL US","2024-09-11","3.36",,"0.00","0.0","0.0","73","87","59","  180","  140","12.1","18.1",,,,,,,,"    1",
"USW00094846","CHICAGO OHARE INTERNATIONAL AIRPORT, IL US","2024-09-12","6.93",,"0.00","0.0","0.0","75","87","63","  100","  110","19.9","30.0",,,,,,,,"    1",
"USW00094846","CHICAGO OHARE INTERNATIONAL AIRPORT, IL US","2024-09-13","8.50",,"0.00","0.0","0.0","76","85","66","  120","  100","18.1","23.9",,,,,,,,,
"USW00094846","CHICAGO OHARE INTERNATIONAL AIRPORT, IL US","2024-09-14","5.37",,"0.00","0.0","0.0","77","88","67","  100","   80","15.0","21.0",,,,,,,,,
"USW00094846","CHICAGO OHARE INTERNATIONAL AIRPORT, IL US","2024-09-15","5.37",,"0.00","0.0","0.0","77","90","67","   80","   80","16.1","21.9",,,,,,,,,
"USW00094846","CHICAGO OHARE INTERNATIONAL AIRPORT, IL US","2024-09-16","5.82",,"0.00","0.0","0.0","77","90","65","  100","  110","17.0","25.9",,,,,,,,,
"USW00094846","CHICAGO OHARE INTERNATIONAL AIRPORT, IL US","2024-09-17","4.92",,"0.00","0.0","0.0","74","85","62","   60","   70","15.0","21.9",,,,,,,,,
"USW00094846","CHICAGO OHARE INTERNATIONAL AIRPORT, IL US","2024-09-18","3.13",,"0.00","0.0","0.0","72","88","61","   70","  100","14.1","18.1","    1",,,,,,,"    1",
"USW00094846","CHICAGO OHARE INTERNATIONAL AIRPORT, IL US","2024-09-19","5.14",,"0.00","0.0","0.0","75","89","62","  130","  220","13.0","19.0",,,,,,,,"    1",
"USW00094846","CHICAGO OHARE INTERNATIONAL AIRPORT, IL US","2024-09-20","7.83",,"0.02","0.0","0.0","79","91","69","  230","  210","16.1","23.0",,,"    1",,,,,,
"USW00094846","CHICAGO OHARE INTERNATIONAL AIRPORT, IL US","2024-09-21","5.37",,"0.00","0.0","0.0","77","92","63","  200","  200","15.0","23.0",,,,,,,,,
"USW00094846","CHICAGO OHARE INTERNATIONAL AIRPORT, IL US","2024-09-22","8.50",,"0.80","0.0","0.0","74","78","64","  360","  360","21.9","25.9","    1",,,,,,,,
"USW00094846","CHICAGO OHARE INTERNATIONAL AIRPORT, IL US","2024-09-23","9.40",,"0.02","0.0","0.0","65","67","60","   30","   30","21.9","27.1","    1",,,,,,,"    1",
"USW00094846","CHICAGO OHARE INTERNATIONAL AIRPORT, IL US","2024-09-24","6.04",,"0.43","0.0","0.0","64","67","62","  320","  320","14.1","19.9","    1",,,,,,,,
"USW00094846","CHICAGO OHARE INTERNATIONAL AIRPORT, IL US","2024-09-25","4.25",,"0.00","0.0","0.0","65","77","57","  100","  340","12.1","17.0",,,,,,,,,
"USW00094846","CHICAGO OHARE INTERNATIONAL AIRPORT, IL US","2024-09-26","7.16"," 1440","0.00","0.0","0.0","67","77","57","   50","  100","15.0","27.1",,,,,,,,,
"USW00094846","CHICAGO OHARE INTERNATIONAL AIRPORT, IL US","2024-09-27","20.58"," 1910","0.00","0.0","0.0","69","72","65","   20","   20","33.1","44.1",,,,,,,,,
"USW00094846","CHICAGO OHARE INTERNATIONAL AIRPORT, IL US","2024-09-28","17.67"," 1246","0.00","0.0","0.0","69","72","65","   20","   20","25.9","33.1","    1",,,,,,,"    1",
"USW00094846","CHICAGO OHARE INTERNATIONAL AIRPORT, IL US","2024-09-29","13.20"," 1209","0.01","0.0","0.0","70","74","66","   40","   40","21.9","25.9","    1",,,,,,,"    1",
"USW00094846","CHICAGO OHARE INTERNATIONAL AIRPORT, IL US","2024-09-30","6.04"," 0456","0.00","0.0","0.0","71","79","63","   70","   20","13.0","15.0","    1",,,,,,,,
"USW00094846","CHICAGO OHARE INTERNATIONAL AIRPORT, IL US","2024-10-01","10.96",,"0.00","0.0","0.0","67","70","55","  340","  330","23.0","33.1",,,,,,,,,
"USW00094846","CHICAGO OHARE INTERNATIONAL AIRPORT, IL US","2024-10-02","5.82",,"0.00","0.0","0.0","59","72","48","  210","  180","15.0","21.9",,,,,,,,"    1",
"USW00094846","CHICAGO OHARE INTERNATIONAL AIRPORT, IL US","2024-10-03","6.71",,"0.00","0.0","0.0","64","80","54","   60","   50","14.1","18.1",,,,,,,,,
"USW00094846","CHICAGO OHARE INTERNATIONAL AIRPORT, IL US","2024-10-04","9.40",,"0.01","0.0","0.0","64","70","58","   30","   40","21.0","31.1",,,,,,,,,
"USW00094846","CHICAGO OHARE INTERNATIONAL AIRPORT, IL US","2024-10-05","12.75",,"0.00","0.0","0.0","67","85","58","  210","  170","23.9","38.0",,,,,,,,,
"USW00094846","CHICAGO OHARE INTERNATIONAL AIRPORT, IL US","2024-10-06","12.30",,"0.00","0.0","0.0","72","75","54","  290","  300","25.1","34.0",,,,,,,,,
"USW00094846","CHICAGO OHARE INTERNATIONAL AIRPORT, IL US","2024-10-07","6.71",,"0.00","0.0","0.0","58","68","48","  300","  290","14.1","18.1",,,,,,,,,
"USW00094846","CHICAGO OHARE INTERNATIONAL AIRPORT, IL US","2024-10-08","6.71",,"0.00","0.0","0.0","59","74","50","  290","  300","16.1","25.9",,,,,,,,,
"USW00094846","CHICAGO OHARE INTERNATIONAL AIRPORT, IL US","2024-10-09","7.16",,"0.00","0.0","0.0","60","70","51","   50","   70","15.0","19.9",,,,,,,,,
"USW00094846","CHICAGO OHARE INTERNATIONAL AIRPORT, IL US","2024-10-10","4.47",,"0.00","0.0","0.0","62","73","53","   90","  100","10.1","15.0",,,,,,,,,
"USW00094846","CHICAGO OHARE INTERNATIONAL AIRPORT, IL US","2024-10-11","9.40",,"0.00","0.0","0.0","65","83","55","   20","   10","21.0","27.1",,,,,,,,,
"USW00094846","CHICAGO OHARE INTERNATIONAL AIRPORT, IL US","2024-10-12","12.75",,"0.00","0.0","0.0","66","68","60","   30","   30","29.1","36.0",,,"    1",,,,,,
"USW00094846","CHICAGO OHARE INTERNATIONAL AIRPORT, IL US","2024-10-13","14.54",,"0.00","0.0","0.0","60","67","49","  300","  300","32.0","47.0",,,,,,,,,
"USW00094846","CHICAGO OHARE INTERNATIONAL AIRPORT, IL US","2024-10-14","11.86",,"0.02","0.0","0.0","51","57","41","  330","  300","23.9","38.9","    1",,,,,,,,
"USW00094846","CHICAGO OHARE INTERNATIONAL AIRPORT, IL US","2024-10-15","13.65",,"0.27","0.0","0.0","45","51","41","  360","  360","28.0","34.0","    1",,,,,,,,
"USW00094846","CHICAGO OHARE INTERNATIONAL AIRPORT, IL US","2024-10-16","5.82",,"0.00","0.0","0.0","46","58","37","  320","  320","13.0","19.0",,,,,,,,,
"USW00094846","CHICAGO OHARE INTERNATIONAL AIRPORT, IL US","2024-10-17","7.16",,"0.00","0.0","0.0","49","64","38","  190","  230","16.1","23.0",,,,,,,,,
"USW00094846","CHICAGO OHARE INTERNATIONAL AIRPORT, IL US","2024-10-18","6.71",,"0.00","0.0","0.0","55","69","42","  170","  240","16.1","23.0",,,,,,,,,
"USW00094846","CHICAGO OHARE INTERNATIONAL AIRPORT, IL US","2024-10-19","6.26",,"0.00","0.0","0.0","58","71","44","  210","  200","13.0","17.0",,,,,,,,,
"USW00094846","CHICAGO OHARE INTERNATIONAL AIRPORT, IL US","2024-10-20","9.40",,"0.00","0.0","0.0","62","79","51","  220","  200","18.1","23.9",,,,,,,,,
"USW00094846","CHICAGO OHARE INTERNATIONAL AIRPORT, IL US","2024-10-21","7.61",,"0.00","0.0","0.0","67","81","54","  200","  220","14.1","21.0",,,,,,,,,
"USW00094846","CHICAGO OHARE INTERNATIONAL AIRPORT, IL US","2024-10-22","10.07",,"0.01","0.0","0.0","65","73","55","  180","  180","21.9","32.0",,,,,,,,,
"USW00094846","CHICAGO OHARE INTERNATIONAL AIRPORT, IL US","2024-10-23","8.50",,"0.00","0.0","0.0","62","65","44","  320","  320","21.0","30.0",,,,,,,,,
"USW00094846","CHICAGO OHARE INTERNATIONAL AIRPORT, IL US","2024-10-24","6.71",,"0.21","0.0","0.0","52","64","40","  150","  310","16.1","21.9","    1",,"    1",,,,,,
"USW00094846","CHICAGO OHARE INTERNATIONAL AIRPORT, IL US","2024-10-25","8.05",,"0.63","0.0","0.0","56","67","48","  340","  340","17.0","21.9","    1",,"    1",,,,,,
"USW00094846","CHICAGO OHARE INTERNATIONAL AIRPORT, IL US","2024-10-26","6.71",,"0.00","0.0","0.0","51","59","43","  360","  330","15.0","19.9",,,,,,,,,
"USW00094846","CHICAGO OHARE INTERNATIONAL AIRPORT, IL US","2024-10-27","4.70",,"0.00","0.0","0.0","48","59","37","  170","  190","10.1","14.1",,,,,,,,,
"USW00094846","CHICAGO OHARE INTERNATIONAL AIRPORT, IL US","2024-10-28","10.51",,"0.00","0.0","0.0","52","67","43","  190","  190","17.0","25.9",,,,,,,,,
"USW00094846","CHICAGO OHARE INTERNATIONAL AIRPORT, IL US","2024-10-29","17.22",,"0.00","0.0","0.0","71","82","67","  210","  190","25.9","40.9",,,,,,,,,
"USW00094846","CHICAGO OHARE INTERNATIONAL AIRPORT, IL US","2024-10-30","17.90",,"0.00","0.0","0.0","74","80","68","  210","  200","28.0","40.0",,,,,,,,,
"USW00094846","CHICAGO OHARE INTERNATIONAL AIRPORT, IL US","2024-10-31","19.01",,"0.03","0.0","0.0","66","71","43","  250","  200","32.0","50.1",,,,,,,,"    1",
"USW00094846","CHICAGO OHARE INTERNATIONAL AIRPORT, IL US","2024-11-01","4.70",,"0.00","0.0","0.0","46","54","39","  300","  310","18.1","29.1",,,,,,,,,
"USW00094846","CHICAGO OHARE INTERNATIONAL AIRPORT, IL US","2024-11-02","6.26",,"0.00","0.0","0.0","46","59","38","  160","  150","13.0","17.0",,,,,,,,,
"USW00094846","CHICAGO OHARE INTERNATIONAL AIRPORT, IL US","2024-11-03","11.41",,"0.02","0.0","0.0","53","64","49","  150","  160","19.9","29.1",,,,,,,,,
"USW00094846","CHICAGO OHARE INTERNATIONAL AIRPORT, IL US","2024-11-04","11.63",,"0.58","0.0","0.0","65","68","63","  190","  200","21.9","32.0","    1",,,,,,,,
"USW00094846","CHICAGO OHARE INTERNATIONAL AIRPORT, IL US","2024-11-05","13.87",,"1.28","0.0","0.0","65","67","60","  230","  230","25.9","38.0","    1",,,,,,,,
"USW00094846","CHICAGO OHARE INTERNATIONAL AIRPORT, IL US","2024-11-06","7.83",,"0.00","0.0","0.0","55","60","49","  300","  270","15.0","21.9",,,,,,,,,
"USW00094846","CHICAGO OHARE INTERNATIONAL AIRPORT, IL US","2024-11-07","6.04",,"0.00","0.0","0.0","51","59","44","   10","  260","12.1","15.0",,,,,,,,,
"USW00094846","CHICAGO OHARE INTERNATIONAL AIRPORT, IL US","2024-11-08","8.50",,"0.00","0.0","0.0","51","62","44","   50","   50","15.0","21.0",,,,,,,,,
"USW00094846","CHICAGO OHARE INTERNATIONAL AIRPORT, IL US","2024-11-09","8.72",,"0.20","0.0","0.0","51","56","45","  140","  130","18.1","23.0","    1",,,,,,,,
"USW00094846","CHICAGO OHARE INTERNATIONAL AIRPORT, IL US","2024-11-10","11.41",,"0.08","0.0","0.0","53","63","49","  250","  260","28.0","40.9","    1",,,,,,,,
"USW00094846","CHICAGO OHARE INTERNATIONAL AIRPORT, IL US","2024-11-11","12.97",,"0.00","0.0","0.0","53","58","42","  340","  290","21.9","31.1",,,,,,,,,
"USW00094846","CHICAGO OHARE INTERNATIONAL AIRPORT, IL US","2024-11-12","10.29",,"0.00","0.0","0.0","45","50","40","   50","   50","18.1","23.0","    1",,,,,,,"    1",
"USW00094846","CHICAGO OHARE INTERNATIONAL AIRPORT, IL US","2024-11-13","9.62",,"0.57","0.0","0.0","45","52","40","  110","  100","19.9","23.9","    1",,,,,,,,
"USW00094846","CHICAGO OHARE INTERNATIONAL AIRPORT, IL US","2024-11-14","7.38",,"0.11","0.0","0.0","51","54","48","  310","  290","16.1","21.0","    1",,,,,,,,
"USW00094846","CHICAGO OHARE INTERNATIONAL AIRPORT, IL US","2024-11-15","4.47",,"0.00","0.0","0.0","50","56","42","  300","  300","8.9","14.1",,,,,,,,,
"USW00094846","CHICAGO OHARE INTERNATIONAL AIRPORT, IL US","2024-11-16","7.83",,"0.00","0.0","0.0","47","52","42","  160","  170","17.0","23.9",,,,,,,,,
"USW00094846","CHICAGO OHARE INTERNATIONAL AIRPORT, IL US","2024-11-17","7.38",,"0.03","0.0","0.0","51","59","46","  220","  180","15.0","23.0","    1",,,,,,,,
"USW00094846","CHICAGO OHARE INTERNATIONAL AIRPORT, IL US","2024-11-18","8.95",,"0.42","0.0","0.0","53","60","49","  130","  150","21.9","31.1","    1",,,,,,,"    1",
"USW00094846","CHICAGO OHARE INTERNATIONAL AIRPORT, IL US","2024-11-19","14.54",,"0.06","0.0","0.0","60","63","47","  150","  180","25.1","38.9","    1",,,,,,,,
"USW00094846","CHICAGO OHARE INTERNATIONAL AIRPORT, IL US","2024-11-20","13.20",,"0.00","0.0","0.0","45","48","32","  260","  250","28.0","40.9","    1",,,,,,,"    1",
"USW00094846","CHICAGO OHARE INTERNATIONAL AIRPORT, IL US","2024-11-21","14.32",,"0.28","2.9","0.0","33","39","30","  310","  330","25.1","36.0","    1","    1",,,,,,,"    1"
"USW00094846","CHICAGO OHARE INTERNATIONAL AIRPORT, IL US","2024-11-22","12.97",,"0.00","0.0","0.0","42","48","37","  310","  310","21.0","28.0",,,,,,,,,
"USW00094846","CHICAGO OHARE INTERNATIONAL AIRPORT, IL US","2024-11-23","8.28",,"0.00","0.0","0.0","41","43","37","  250","  340","14.1","19.0",,,,,,,,,
"USW00094846","CHICAGO OHARE INTERNATIONAL AIRPORT, IL US","2024-11-24","7.61",,"0.00","0.0","0.0","41","52","37","  110","  100","15.0","19.9","    1",,,,,,,"    1",
"USW00094846","CHICAGO OHARE INTERNATIONAL AIRPORT, IL US","2024-11-25","8.95",,"0.00","0.0","0.0","49","52","35","  290","  270","21.9","33.1","    1",,,,,,,"    1",
"USW00094846","CHICAGO OHARE INTERNATIONAL AIRPORT, IL US","2024-11-26","9.62",,"0.00","0.0","0.0","34","39","25","  280","  270","19.9","27.1",,,,,,,,,
"USW00094846","CHICAGO OHARE INTERNATIONAL AIRPORT, IL US","2024-11-27","6.26",,"0.00","0.0","0.0","38","44","34","  350","  350","19.9","25.1",,,,,,,,,
"USW00094846","CHICAGO OHARE INTERNATIONAL AIRPORT, IL US","2024-11-28","12.30",,"0.00","0.0","0.0","32","35","26","  350","  240","21.9","30.0",,,,,,,,,
"USW00094846","CHICAGO OHARE INTERNATIONAL AIRPORT, IL US","2024-11-29","13.20",,"0.00","0.0","0.0","25","28","18","  270","  280","19.9","33.1",,,,,,,,,
"USW00094846","CHICAGO OHARE INTERNATIONAL AIRPORT, IL US","2024-11-30","10.96",,"0.00","0.0","0.0","19","25","14","  250","  250","19.9","25.9",,,,,,,,,
"USW00094846","CHICAGO OHARE INTERNATIONAL AIRPORT, IL US","2024-12-01","8.28",,"0.00","0.0","0.0","21","27","14","  270","  270","15.0","21.0",,,,,,,,,
"USW00094846","CHICAGO OHARE INTERNATIONAL AIRPORT, IL US","2024-12-02","5.82"," 1242","0.00","0.0","0.0","19","25","14","  300","  280","14.1","18.1",,,,,,,,,
"USW00094846","CHICAGO OHARE INTERNATIONAL AIRPORT, IL US","2024-12-03","10.96"," 2221","0.00","0.0","0.0","21","31","19","  200","  200","21.0","30.0",,,,,,,,,
"USW00094846","CHICAGO OHARE INTERNATIONAL AIRPORT, IL US","2024-12-04","18.34"," 1813","0.00","0.2","0.0","29","39","16","  290","  280","35.1","51.0",,,,,,,,,
"USW00094846","CHICAGO OHARE INTERNATIONAL AIRPORT, IL US","2024-12-05","13.42"," 0054","0.00","0.0","0.0","20","29","12","  310","  330","25.9","36.9",,,,,,,,,
"USW00094846","CHICAGO OHARE INTERNATIONAL AIRPORT, IL US","2024-12-06","9.62"," 1212","0.00","0.0","0.0","22","32","15","  230","  240","21.0","28.0",,,,,,,,,
"USW00094846","CHICAGO OHARE INTERNATIONAL AIRPORT, IL US","2024-12-07","13.42"," 1745","0.00","0.0","0.0","33","50","24","  220","  220","23.9","33.1",,,,,,,,,
"USW00094846","CHICAGO OHARE INTERNATIONAL AIRPORT, IL US","2024-12-08","9.62"," 0142","0.00","0.0","0.0","46","55","38","  200","  240","16.1","27.1",,,,,,,,,
"USW00094846","CHICAGO OHARE INTERNATIONAL AIRPORT, IL US","2024-12-09","10.74"," 0143","0.00","0.0","0.0","49","53","42","  250","  200","18.1","29.1","    1",,,,,,,,
"USW00094846","CHICAGO OHARE INTERNATIONAL AIRPORT, IL US","2024-12-10","9.62"," 0040","0.00","0.0","0.0","38","42","30","  280","  280","17.0","23.9",,,,,,,,,
"USW00094846","CHICAGO OHARE INTERNATIONAL AIRPORT, IL US","2024-12-11","13.87"," 1559","0.00","0.0","0.0","29","32","11","  280","  280","29.1","40.9",,,,,,,,,
"USW00094846","CHICAGO OHARE INTERNATIONAL AIRPORT, IL US","2024-12-12","10.51"," 0033","0.00","0.0","0.0","11","15","4","  270","  280","23.9","35.1",,,,,,,,,
"USW00094846","CHICAGO OHARE INTERNATIONAL AIRPORT, IL US","2024-12-13","7.83"," 1813","0.00","0.0","0.0","15","27","4","  100","  100","14.1","18.1",,,,,,,,,
"USW00094846","CHICAGO OHARE INTERNATIONAL AIRPORT, IL US","2024-12-14","11.63"," 0914","0.33","0.0","0.0","30","39","25","  100","  100","18.1","23.0",,,,,,,,,
"USW00094846","CHICAGO OHARE INTERNATIONAL AIRPORT, IL US","2024-12-15","5.82"," 2232","0.05","0.0","0.0","40","45","38","  190","  190","13.0","18.1",,,,,,,,,
"USW00094846","CHICAGO OHARE INTERNATIONAL AIRPORT, IL US","2024-12-16","10.96"," 1404","0.03","0.0","0.0","45","51","37","  270","  260","23.0","36.0",,"    1",,,,,,,
"USW00094846","CHICAGO OHARE INTERNATIONAL AIRPORT, IL US","2024-12-17","8.05"," 0402","0.00","0.0","0.0","37","39","33","  270","  270","17.0","25.9",,,,,,,,,
"USW00094846","CHICAGO OHARE INTERNATIONAL AIRPORT, IL US","2024-12-18","9.62"," 1533","0.00","0.0","0.0","33","35","25","  310","  310","17.0","23.9",,,,,,,,,
"USW00094846","CHICAGO OHARE INTERNATIONAL AIRPORT, IL US","2024-12-19","8.05"," 1245","0.09","0.5","0.0","28","33","25","  150","  190","18.1","25.1",,,,,,,,,
"USW00094846","CHICAGO OHARE INTERNATIONAL AIRPORT, IL US","2024-12-20","14.09"," 0821","0.08","1.7","2.0","32","35","21","   10","  360","25.9","35.1",,,,,,,,,
"USW00094846","CHICAGO OHARE INTERNATIONAL AIRPORT, IL US","2024-12-21","5.82"," 0049","0.00","0.0","2.0","22","27","14","  340","  330","13.0","17.0",,,,,,,,,
"USW00094846","CHICAGO OHARE INTERNATIONAL AIRPORT, IL US","2024-12-22","8.72"," 2157","0.00","0.0","1.2","22","33","14","  170","  180","21.9","33.1",,,,,,,,,
"USW00094846","CHICAGO OHARE INTERNATIONAL AIRPORT, IL US","2024-12-23","10.29"," 0304","0.00","0.0","1.2","35","39","32","  180","  170","21.0","36.0",,,,,,,,,
"USW00094846","CHICAGO OHARE INTERNATIONAL AIRPORT, IL US","2024-12-24","8.05"," 0639","0.00","0.0","0.0","36","38","30","   10","   10","17.0","21.0",,,,,,,,,
"USW00094846","CHICAGO OHARE INTERNATIONAL AIRPORT, IL US","2024-12-25","6.26"," 1247","0.00","0.0","0.0","35","39","32","  110","  110","12.1","17.0",,,,,,,,,
"USW00094846","CHICAGO OHARE INTERNATIONAL AIRPORT, IL US","2024-12-26","6.71"," 2206","0.05","0.0","0.0","41","48","38","  160","  160","15.0","21.0",,,,,,,,,
"USW00094846","CHICAGO OHARE INTERNATIONAL AIRPORT, IL US","2024-12-27","9.17"," 2338","0.26","0.0","0.0","47","52","45","  220","  230","23.9","36.9",,,,,,,,,
"USW00094846","CHICAGO OHARE INTERNATIONAL AIRPORT, IL US","2024-12-28","10.51"," 0514","0.00","0.0","0.0","50","51","42","  230","  240","23.9","35.1",,,,,,,,,
"USW00094846","CHICAGO OHARE INTERNATIONAL AIRPORT, IL US","2024-12-29","10.51"," 1209","0.47","0.0","0.0","44","46","36","  360","   10","17.0","21.9",,,,,,,,,
"USW00094846","CHICAGO OHARE INTERNATIONAL AIRPORT, IL US","2024-12-30","4.92"," 0303","0.00","0.0","0.0","37","42","32","  260","  260","14.1","19.9",,,,,,,,,
"USW00094846","CHICAGO OHARE INTERNATIONAL AIRPORT, IL US","2024-12-31","15.21"," 0741","0.57","0.0","0.0","39","42","34","   40","   50","25.9","35.1",,,,,,,,,
