"STATION","NAME","DATE","AWND","PGTM","PRCP","SNOW","SNWD","TAVG","TMAX","TMIN","WDF2","WDF5","WSF2","WSF5","WT01","WT02","WT03","WT05","WT06","WT07","WT08","WT10"
"USW00003017","DENVER INTERNATIONAL AIRPORT, CO US","2024-01-01","6.93",,"0.00","0.0","0.0","33","55","19","  330","  340","15.0","19.0",,,,,,,,
"USW00003017","DENVER INTERNATIONAL AIRPORT, CO US","2024-01-02","6.71",,"0.00","0.0","0.0","36","49","23","  230","  160","13.0","17.0",,,,,,,,
"USW00003017","DENVER INTERNATIONAL AIRPORT, CO US","2024-01-03","10.29",,"0.00","0.0","0.0","32","47","16","  140","  150","19.9","25.9",,,,,,,,
"USW00003017","DENVER INTERNATIONAL AIRPORT, CO US","2024-01-04","6.04",,"0.00","0.0","0.0","26","33","21","  300","  300","16.1","19.9","    1",,,,,,"    1",
"USW00003017","DENVER INTERNATIONAL AIRPORT, CO US","2024-01-05","6.71",,"0.00","0.0","0.0","29","42","22","  320","  350","15.0","23.0",,,,,,,,
"USW00003017","DENVER INTERNATIONAL AIRPORT, CO US","2024-01-06","8.50",,"0.00","0.0","0.0","30","41","18","  280","  270","17.0","21.9",,,,,,,,
"USW00003017","DENVER INTERNATIONAL AIRPORT, CO US","2024-01-07","7.83",,"0.00","0.0","0.0","26","35","16","  180","  220","14.1","17.0",,,,,,,,
"USW00003017","DENVER INTERNATIONAL AIRPORT, CO US","2024-01-08","18.57",,"0.02","0.7","1.2","24","29","6","  350","  350","30.0","44.1","    1",,,,,,,
"USW00003017","DENVER INTERNATIONAL AIRPORT, CO US","2024-01-09","10.29",,"0.00","0.0","0.0","20","43","-2","  270","  270","21.9","32.0",,,,,,,,
"USW00003017","DENVER INTERNATIONAL AIRPORT, CO US","2024-01-10","16.78",,"0.00","0.0","0.0","34","40","20","  270","  270","36.9","49.0",,,,,,,,
"USW00003017","DENVER INTERNATIONAL AIRPORT, CO US","2024-01-11","11.41",,"0.00","0.0","0.0","23","30","-1","   30","   30","28.0","36.0","    1",,,,,,,
"USW00003017","DENVER INTERNATIONAL AIRPORT, CO US","2024-01-12","17.22",,"0.00","0.0","0.0","17","34","0","  270","  280","36.0","49.0","    1",,,,,,,
"USW00003017","DENVER INTERNATIONAL AIRPORT, CO US","2024-01-13","8.95",,"0.09","0.9","1.2","0","0","-13","   60","   40","15.0","19.0",,,,,,,"    1",
"USW00003017","DENVER INTERNATIONAL AIRPORT, CO US","2024-01-14","4.70",,"0.00","0.0","0.0","-6","6","-10","  150","  290","12.1","13.0",,,,,,,,
"USW00003017","DENVER INTERNATIONAL AIRPORT, CO US","2024-01-15","9.40",,"0.09","1.5","0.0","-3","2","-19","  360","  350","21.9","31.1",,,,,,,,
"USW00003017","DENVER INTERNATIONAL AIRPORT, CO US","2024-01-16","10.07",,"0.00","0.0","2.0","5","38","-19","  290","  290","23.0","33.1",,,,,,,,
"USW00003017","DENVER INTERNATIONAL AIRPORT, CO US","2024-01-17","8.95",,"0.00","0.0","2.0","31","47","22","  220","  230","29.1","36.0",,,,,,,,
"USW00003017","DENVER INTERNATIONAL AIRPORT, CO US","2024-01-18","12.97",,"0.00","0.0","1.2","34","49","10","   30","   20","36.0","46.1",,,,,,,,
"USW00003017","DENVER INTERNATIONAL AIRPORT, CO US","2024-01-19","6.71",,"0.00","0.0","0.0","18","34","10","  110","  110","13.0","18.1",,,,,,,,
"USW00003017","DENVER INTERNATIONAL AIRPORT, CO US","2024-01-20","3.80",,"0.00","0.0","0.0","25","41","16","   50","   40","12.1","15.0",,,,,,,,
"USW00003017","DENVER INTERNATIONAL AIRPORT, CO US","2024-01-21","7.61",,"0.00","0.0","0.0","38","55","24","  200","  210","17.0","23.0",,,,,,,,
"USW00003017","DENVER INTERNATIONAL AIRPORT, CO US","2024-01-22","6.71",,"0.00","0.0","0.0","39","55","27","   70","  100","14.1","18.1",,,,,,,,
"USW00003017","DENVER INTERNATIONAL AIRPORT, CO US","2024-01-23","8.50",,"0.00","0.0","0.0","39","53","26","  110","  110","16.1","27.1",,,,,,,,
"USW00003017","DENVER INTERNATIONAL AIRPORT, CO US","2024-01-24","7.16",,"0.00","0.0","0.0","38","52","26","  240","   60","12.1","14.1",,,,,,,,
"USW00003017","DENVER INTERNATIONAL AIRPORT, CO US","2024-01-25","6.93",,"0.04","0.0","0.0","38","51","24","   70","   60","21.0","25.1","    1",,"    1",,,,,
"USW00003017","DENVER INTERNATIONAL AIRPORT, CO US","2024-01-26","6.04",,"0.04","0.5","1.2","37","43","31","  270","  280","13.0","16.1","    1","    1",,,,,,
"USW00003017","DENVER INTERNATIONAL AIRPORT, CO US","2024-01-27","9.62",,"0.00","0.0","0.0","37","49","24","  170","  200","15.0","18.1",,,,,,,,
"USW00003017","DENVER INTERNATIONAL AIRPORT, CO US","2024-01-28","9.40",,"0.00","0.0","0.0","40","60","29","  180","  220","15.0","19.9",,,,,,,,
"USW00003017","DENVER INTERNATIONAL AIRPORT, CO US","2024-01-29","7.83",,"0.00","0.0","0.0","43","60","31","  220","  220","14.1","16.1",,,,,,,,
"USW00003017","DENVER INTERNATIONAL AIRPORT, CO US","2024-01-30","7.16",,"0.00","0.0","0.0","42","61","28","  210","  220","14.1","18.1",,,,,,,,
"USW00003017","DENVER INTERNATIONAL AIRPORT, CO US","2024-01-31","6.04",,"0.00","0.0","0.0","44","61","26","  220","  220","13.0","14.1",,,,,,,,
"USW00003017","DENVER INTERNATIONAL AIRPORT, CO US","2024-02-01","8.50",,"0.00","0.0","0.0","47","62","34","  170","  170","17.0","21.0",,,,,,,,
"USW00003017","DENVER INTERNATIONAL AIRPORT, CO US","2024-02-02","8.50",,"0.04","0.0","0.0","42","58","28","  150","  160","25.1","31.1",,,,,,,,
"USW00003017","DENVER INTERNATIONAL AIRPORT, CO US","2024-02-03","6.49",,"0.72","5.5","0.0","38","40","32","   60","   60","16.1","21.9","    1","    1",,,,,,
"USW00003017","DENVER INTERNATIONAL AIRPORT, CO US","2024-02-04","5.59",,"0.00","0.0","5.1","32","38","22","  210","  220","12.1","14.1","    1","    1",,,,,,
"USW00003017","DENVER INTERNATIONAL AIRPORT, CO US","2024-02-05","6.49",,"0.00","0.0","3.1","31","45","20","  170","  210","15.0","18.1",,,,,,,,
"USW00003017","DENVER INTERNATIONAL AIRPORT, CO US","2024-02-06","4.92",,"0.00","0.0","3.1","38","53","27","  180","  180","19.9","25.1",,,,,,,,
"USW00003017","DENVER INTERNATIONAL AIRPORT, CO US","2024-02-07","12.30",,"0.00","0.0","1.2","44","56","29","  190","  190","23.0","30.0",,,,,,,,
"USW00003017","DENVER INTERNATIONAL AIRPORT, CO US","2024-02-08","10.74",,"0.04","0.0","0.0","41","52","25","  280","  290","25.1","32.0",,,,,,,"    1",
"USW00003017","DENVER INTERNATIONAL AIRPORT, CO US","2024-02-09","8.50",,"0.06","1.2","0.0","33","44","25","  140","  140","23.0","25.9","    1",,,,,,"    1",
"USW00003017","DENVER INTERNATIONAL AIRPORT, CO US","2024-02-10","12.30",,"0.17","2.5","2.0","31","32","23","  360","   10","21.9","29.1","    1",,,,,,,
"USW00003017","DENVER INTERNATIONAL AIRPORT, CO US","2024-02-11","6.93",,"0.00","0.0","1.2","25","34","15","  360","   10","21.9","29.1","    1",,,,,,,
"USW00003017","DENVER INTERNATIONAL AIRPORT, CO US","2024-02-12","8.05",,"0.00","0.0","0.0","32","52","23","  210","  210","16.1","19.0",,,,,,,,
"USW00003017","DENVER INTERNATIONAL AIRPORT, CO US","2024-02-13","10.96",,"0.00","0.0","0.0","39","53","23","  270","  270","21.9","29.1",,,,,,,,
"USW00003017","DENVER INTERNATIONAL AIRPORT, CO US","2024-02-14","10.96",,"0.00","0.0","0.0","38","54","24","  330","  360","25.1","33.1",,,,,,,,
"USW00003017","DENVER INTERNATIONAL AIRPORT, CO US","2024-02-15","7.61",,"0.00","0.0","0.0","32","46","21","  350","  360","19.9","28.0","    1","    1",,,,,"    1",
"USW00003017","DENVER INTERNATIONAL AIRPORT, CO US","2024-02-16","11.63",,"0.14","1.8","0.0","28","28","15","   40","   40","23.0","28.0","    1","    1",,,"    1",,,
"USW00003017","DENVER INTERNATIONAL AIRPORT, CO US","2024-02-17","6.71",,"0.02","0.7","2.0","19","32","7","  210","  200","14.1","17.0","    1",,,,,,,
"USW00003017","DENVER INTERNATIONAL AIRPORT, CO US","2024-02-18","9.40",,"0.00","0.0","1.2","32","51","23","  270","  280","25.9","34.0",,,,,,,,
"USW00003017","DENVER INTERNATIONAL AIRPORT, CO US","2024-02-19","10.96",,"0.00","0.0","0.0","44","56","31","  210","  220","23.0","32.0",,,,,,,,
"USW00003017","DENVER INTERNATIONAL AIRPORT, CO US","2024-02-20","9.17",,"0.00","0.0","0.0","47","66","32","  200","   30","18.1","25.9",,,,,,,,
"USW00003017","DENVER INTERNATIONAL AIRPORT, CO US","2024-02-21","10.07",,"0.00","0.0","0.0","47","65","28","  340","   20","18.1","33.1",,,,,,,,
"USW00003017","DENVER INTERNATIONAL AIRPORT, CO US","2024-02-22","6.26",,"0.17","0.0","0.0","37","43","30","  210","  250","13.0","16.1","    1","    1",,,,,"    1",
"USW00003017","DENVER INTERNATIONAL AIRPORT, CO US","2024-02-23","7.61",,"0.00","0.0","0.0","38","51","24","  210","  280","15.0","19.9",,,,,,,,
"USW00003017","DENVER INTERNATIONAL AIRPORT, CO US","2024-02-24","14.32",,"0.00","0.0","0.0","41","63","24","  240","  260","25.9","33.1",,,,,,,,
"USW00003017","DENVER INTERNATIONAL AIRPORT, CO US","2024-02-25","13.87",,"0.00","0.0","0.0","52","65","34","  270","  270","36.9","53.0",,,,,,,,
"USW00003017","DENVER INTERNATIONAL AIRPORT, CO US","2024-02-26","21.03",,"0.00","0.0","0.0","54","65","42","  260","  250","40.9","53.0",,,,,,,,
"USW00003017","DENVER INTERNATIONAL AIRPORT, CO US","2024-02-27","10.29",,"0.10","2.0","0.0","40","45","16","   20","   30","45.0","57.9","    1","    1",,,,,"    1",
"USW00003017","DENVER INTERNATIONAL AIRPORT, CO US","2024-02-28","8.28",,"0.00","0.0","2.0","28","55","12","  200","  250","18.1","25.1",,,,,,,,
"USW00003017","DENVER INTERNATIONAL AIRPORT, CO US","2024-02-29","7.83",,"0.00","0.0","0.0","43","64","25","  300","  300","19.9","28.0",,,,,,,,
"USW00003017","DENVER INTERNATIONAL AIRPORT, CO US","2024-03-01","10.51",,"0.00","0.0","0.0","51","66","33","  210","  210","23.0","31.1",,,,,,,,
"USW00003017","DENVER INTERNATIONAL AIRPORT, CO US","2024-03-02","13.87",,"0.00","0.0","0.0","51","69","29","  240","  240","38.0","49.0",,,,,,,,
"USW00003017","DENVER INTERNATIONAL AIRPORT, CO US","2024-03-03","10.74",,"0.03","0.0","0.0","47","53","22","   10","  360","33.1","42.9","    1",,,,,,,
"USW00003017","DENVER INTERNATIONAL AIRPORT, CO US","2024-03-04","12.30",,"0.00","0.0","0.0","33","50","19","  120","  120","25.9","36.9",,,,,,,,
"USW00003017","DENVER INTERNATIONAL AIRPORT, CO US","2024-03-05","11.63",,"0.00","0.0","0.0","34","50","15","  150","  130","21.9","33.1",,,,,,,,
"USW00003017","DENVER INTERNATIONAL AIRPORT, CO US","2024-03-06","8.05",,"0.00","0.0","0.0","42","61","25","   80","   80","18.1","23.0",,,,,,,,
"USW00003017","DENVER INTERNATIONAL AIRPORT, CO US","2024-03-07","8.50",,"0.01","0.0","0.0","39","43","26","   70","   60","15.0","19.0","    1","    1",,,,,"    1",
"USW00003017","DENVER INTERNATIONAL AIRPORT, CO US","2024-03-08","7.61",,"0.03","0.3","0.0","27","32","23","  360","   20","14.1","19.9","    1",,,,,,"    1",
"USW00003017","DENVER INTERNATIONAL AIRPORT, CO US","2024-03-09","8.28",,"0.00","0.0","0.0","32","54","22","  210","  200","16.1","21.0",,,,,,,,
"USW00003017","DENVER INTERNATIONAL AIRPORT, CO US","2024-03-10","7.83",,"0.00","0.0","0.0","45","66","28","  210","  210","15.0","19.9",,,,,,,,
"USW00003017","DENVER INTERNATIONAL AIRPORT, CO US","2024-03-11","8.50",,"0.00","0.0","0.0","48","62","33","  110","   70","16.1","23.0",,,,,,,,
"USW00003017","DENVER INTERNATIONAL AIRPORT, CO US","2024-03-12","7.61",,"0.00","0.0","0.0","47","62","27","  220","  210","17.0","23.9",,,,,,,,
"USW00003017","DENVER INTERNATIONAL AIRPORT, CO US","2024-03-13","10.96",,"0.80","0.0","0.0","47","54","36","   40","   40","21.0","28.0","    1",,,,,,,
"USW00003017","DENVER INTERNATIONAL AIRPORT, CO US","2024-03-14","13.87",,"0.66","5.7","0.0","35","37","31","   70","   60","23.9","31.1","    1","    1",,,,,,
"USW00003017","DENVER INTERNATIONAL AIRPORT, CO US","2024-03-15","11.41",,"0.00","0.0","5.1","34","45","30","  170","  180","29.1","36.9","    1",,,,,,"    1",
"USW00003017","DENVER INTERNATIONAL AIRPORT, CO US","2024-03-16","9.40",,"0.00","0.0","1.2","38","50","30","  360","  360","16.1","21.0","    1",,,,,,"    1",
"USW00003017","DENVER INTERNATIONAL AIRPORT, CO US","2024-03-17","7.16",,"0.00","0.0","0.0","41","47","34","   20","   30","16.1","21.0",,,,,,,,
"USW00003017","DENVER INTERNATIONAL AIRPORT, CO US","2024-03-18","7.38",,"0.00","0.0","0.0","42","59","24","  220","  210","14.1","17.0",,,,,,,,
"USW00003017","DENVER INTERNATIONAL AIRPORT, CO US","2024-03-19","6.93",,"0.00","0.0","0.0","47","63","35","  240","  220","14.1","18.1",,,,,,,,
"USW00003017","DENVER INTERNATIONAL AIRPORT, CO US","2024-03-20","7.61",,"0.00","0.0","0.0","47","60","33","   80","   80","15.0","21.0",,,,,,,,
"USW00003017","DENVER INTERNATIONAL AIRPORT, CO US","2024-03-21","8.95",,"0.00","0.0","0.0","49","67","32","   30","   40","28.0","35.1",,,,,,,,
"USW00003017","DENVER INTERNATIONAL AIRPORT, CO US","2024-03-22","10.51",,"0.00","0.0","0.0","49","65","32","  190","  190","31.1","40.0",,,,,,,,
"USW00003017","DENVER INTERNATIONAL AIRPORT, CO US","2024-03-23","9.40",,"0.00","0.0","0.0","49","68","34","  160","  170","36.0","51.0",,,,,,,,
"USW00003017","DENVER INTERNATIONAL AIRPORT, CO US","2024-03-24","13.65",,"0.11","2.2","0.0","42","58","20","   50","   10","31.1","38.0","    1",,,,,,"    1",
"USW00003017","DENVER INTERNATIONAL AIRPORT, CO US","2024-03-25","10.74",,"0.01","1.0","3.1","24","27","15","  360","   10","23.9","31.1","    1",,,,,,,
"USW00003017","DENVER INTERNATIONAL AIRPORT, CO US","2024-03-26","5.37",,"0.00","0.0","2.0","26","44","10","   40","   50","12.1","17.0",,,,,,,,
"USW00003017","DENVER INTERNATIONAL AIRPORT, CO US","2024-03-27","8.28",,"0.00","0.0","0.0","38","55","27","  290","  220","19.9","30.0",,,,,,,,
"USW00003017","DENVER INTERNATIONAL AIRPORT, CO US","2024-03-28","7.61",,"0.00","0.0","0.0","45","67","30","  150","  150","17.0","23.9",,,,,,,,
"USW00003017","DENVER INTERNATIONAL AIRPORT, CO US","2024-03-29","9.84",,"0.00","0.0","0.0","45","53","33","  350","  350","21.9","29.1",,,,,,,,
"USW00003017","DENVER INTERNATIONAL AIRPORT, CO US","2024-03-30","10.07",,"0.00","0.0","0.0","46","66","34","  150","  150","23.9","32.0",,,,,,,,
"USW00003017","DENVER INTERNATIONAL AIRPORT, CO US","2024-03-31","10.29",,"0.00","0.0","0.0","47","63","31","  340","  340","23.0","28.0","    1",,,,,,"    1",
"USW00003017","DENVER INTERNATIONAL AIRPORT, CO US","2024-04-01","9.17",,"0.35","0.0","0.0","44","52","32","  350","  360","23.0","31.1","    1","    1","    1",,,,,
"USW00003017","DENVER INTERNATIONAL AIRPORT, CO US","2024-04-02","10.96",,"0.00","0.0","0.0","42","61","31","  330","  360","23.0","31.1",,,,,,,,
"USW00003017","DENVER INTERNATIONAL AIRPORT, CO US","2024-04-03","9.17",,"0.00","0.0","0.0","53","71","37","  340","  340","28.0","36.0",,,,,,,,
"USW00003017","DENVER INTERNATIONAL AIRPORT, CO US","2024-04-04","12.53",,"0.00","0.0","0.0","57","75","40","  160","  160","30.0","40.9",,,,,,,,
"USW00003017","DENVER INTERNATIONAL AIRPORT, CO US","2024-04-05","15.88",,"0.00","0.0","0.0","59","75","46","  170","  160","33.1","44.1",,,,,,,,
"USW00003017","DENVER INTERNATIONAL AIRPORT, CO US","2024-04-06","17.45",,"0.03","0.0","0.0","51","55","36","  270","  270","35.1","42.9","    1",,,,,,,
"USW00003017","DENVER INTERNATIONAL AIRPORT, CO US","2024-04-07","16.33",,"0.00","0.0","0.0","45","58","37","  270","  270","32.0","45.0",,,,,,,,
"USW00003017","DENVER INTERNATIONAL AIRPORT, CO US","2024-04-08","6.93",,"0.00","0.0","0.0","44","56","24","  270","  290","17.0","23.9",,,,,,,,
"USW00003017","DENVER INTERNATIONAL AIRPORT, CO US","2024-04-09","6.26",,"0.00","0.0","0.0","43","63","25","  220","  220","16.1","19.0",,,,,,,,
"USW00003017","DENVER INTERNATIONAL AIRPORT, CO US","2024-04-10","9.40",,"0.00","0.0","0.0","49","59","36","   10","  360","28.0","36.0",,,,,,,,
"USW00003017","DENVER INTERNATIONAL AIRPORT, CO US","2024-04-11","7.83",,"0.00","0.0","0.0","45","61","31","  210","  210","16.1","21.9",,,,,,,,
"USW00003017","DENVER INTERNATIONAL AIRPORT, CO US","2024-04-12","11.18",,"0.00","0.0","0.0","55","77","36","  180","  170","21.9","29.1",,,,,,,,
"USW00003017","DENVER INTERNATIONAL AIRPORT, CO US","2024-04-13","9.40",,"0.00","0.0","0.0","64","78","46","  210","  200","21.9","27.1",,,,,,,,
"USW00003017","DENVER INTERNATIONAL AIRPORT, CO US","2024-04-14","14.09",,"0.00","0.0","0.0","63","80","45","  140","  120","29.1","40.0",,,,,,,,
"USW00003017","DENVER INTERNATIONAL AIRPORT, CO US","2024-04-15","15.88",,"0.00","0.0","0.0","62","77","39","  200","  290","33.1","42.9",,,,,,"    1","    1",
"USW00003017","DENVER INTERNATIONAL AIRPORT, CO US","2024-04-16","15.66",,"0.38","0.0","0.0","54","67","42","  320","  310","38.9","57.9",,,,,,,,
"USW00003017","DENVER INTERNATIONAL AIRPORT, CO US","2024-04-17","11.63",,"0.00","0.0","0.0","58","73","36","   30","   30","32.0","40.9",,,,,,,,
"USW00003017","DENVER INTERNATIONAL AIRPORT, CO US","2024-04-18","10.51",,"0.01","0.0","0.0","37","36","31","   30","   30","17.0","23.0","    1",,,,"    1",,"    1",
"USW00003017","DENVER INTERNATIONAL AIRPORT, CO US","2024-04-19","9.17",,"0.35","3.3","0.0","36","41","30","   20","   30","19.9","23.9","    1","    1",,,,,,
"USW00003017","DENVER INTERNATIONAL AIRPORT, CO US","2024-04-20","8.50",,"0.28","3.0","5.9","32","36","30","  340","  320","17.0","21.9","    1","    1",,,"    1",,,
"USW00003017","DENVER INTERNATIONAL AIRPORT, CO US","2024-04-21","9.62",,"0.00","0.0","2.0","39","64","31","  150","  160","23.0","28.0","    1","    1",,,,,,
"USW00003017","DENVER INTERNATIONAL AIRPORT, CO US","2024-04-22","12.53",,"0.00","0.0","0.0","59","76","47","  300","  280","23.0","32.0",,,,,,,,
"USW00003017","DENVER INTERNATIONAL AIRPORT, CO US","2024-04-23","10.07",,"0.00","0.0","0.0","55","63","41","  360","  340","28.0","36.9",,,,,,,,
"USW00003017","DENVER INTERNATIONAL AIRPORT, CO US","2024-04-24","9.40",,"0.00","0.0","0.0","58","78","42","  200","  210","25.9","35.1",,,,,,,,
"USW00003017","DENVER INTERNATIONAL AIRPORT, CO US","2024-04-25","9.84",,"0.14","0.0","0.0","58","72","47","  310","  320","25.1","33.1","    1","    1","    1",,,,"    1",
"USW00003017","DENVER INTERNATIONAL AIRPORT, CO US","2024-04-26","10.29",,"0.24","0.0","0.0","55","67","46","  360","   20","25.1","36.0","    1",,"    1",,,,,
"USW00003017","DENVER INTERNATIONAL AIRPORT, CO US","2024-04-27","8.50",,"1.50","0.0","0.0","43","46","34","  190","  190","21.9","29.1","    1",,,,,,,
"USW00003017","DENVER INTERNATIONAL AIRPORT, CO US","2024-04-28","6.04",,"0.00","0.0","0.0","43","62","36","  350","  360","23.0","30.0",,,,,,,,
"USW00003017","DENVER INTERNATIONAL AIRPORT, CO US","2024-04-29","6.71",,"0.00","0.0","0.0","51","68","36","  310","  300","16.1","21.0",,,,,,,,
"USW00003017","DENVER INTERNATIONAL AIRPORT, CO US","2024-04-30","11.41",,"0.00","0.0","0.0","56","70","43","  360","   90","30.0","38.0",,,,,,,,
"USW00003017","DENVER INTERNATIONAL AIRPORT, CO US","2024-05-01","15.43",,"0.00","0.0","0.0","54","71","39","  340","  340","38.9","53.9",,,,,,,,
"USW00003017","DENVER INTERNATIONAL AIRPORT, CO US","2024-05-02","10.96",,"0.00","0.0","0.0","47","61","30","  120","  110","18.1","25.1",,,,,,,,
"USW00003017","DENVER INTERNATIONAL AIRPORT, CO US","2024-05-03","17.45",,"0.00","0.0","0.0","55","75","35","   20","   10","38.9","51.0",,,,,,,,
"USW00003017","DENVER INTERNATIONAL AIRPORT, CO US","2024-05-04","13.42",,"0.00","0.0","0.0","45","64","31","  170","  170","28.0","38.0",,,,,,,,
"USW00003017","DENVER INTERNATIONAL AIRPORT, CO US","2024-05-05","18.79",,"0.00","0.0","0.0","57","76","40","  170","  160","38.9","52.1",,,,,,,,
"USW00003017","DENVER INTERNATIONAL AIRPORT, CO US","2024-05-06","23.49",,"0.00","0.0","0.0","60","64","46","  190","  190","42.9","55.9",,,,,,,,
"USW00003017","DENVER INTERNATIONAL AIRPORT, CO US","2024-05-07","23.94",,"0.00","0.0","0.0","51","58","42","  260","  260","42.9","59.1",,,,,,,,
"USW00003017","DENVER INTERNATIONAL AIRPORT, CO US","2024-05-08","12.75",,"0.00","0.0","0.0","48","60","38","  260","  270","32.0","46.1",,,,,,,,
"USW00003017","DENVER INTERNATIONAL AIRPORT, CO US","2024-05-09","9.84",,"0.00","0.0","0.0","48","55","40","   10","   10","21.0","25.9",,,,,,,,
"USW00003017","DENVER INTERNATIONAL AIRPORT, CO US","2024-05-10","4.92",,"0.00","0.0","0.0","48","58","38","  190","  190","12.1","14.1",,,,,,,,
"USW00003017","DENVER INTERNATIONAL AIRPORT, CO US","2024-05-11","7.61",,"0.00","0.0","0.0","50","68","37","  230","  230","18.1","23.9",,,"    1",,,,,
"USW00003017","DENVER INTERNATIONAL AIRPORT, CO US","2024-05-12","8.72",,"0.66","0.0","0.0","52","62","47","   30","   20","25.1","33.1","    1",,"    1",,,,"    1",
"USW00003017","DENVER INTERNATIONAL AIRPORT, CO US","2024-05-13","7.61",,"0.00","0.0","0.0","57","72","44","  120","  120","21.0","25.1",,,,,,,,
"USW00003017","DENVER INTERNATIONAL AIRPORT, CO US","2024-05-14","9.62",,"0.00","0.0","0.0","63","78","50","  300","  300","32.0","40.9",,,"    1",,,,,
"USW00003017","DENVER INTERNATIONAL AIRPORT, CO US","2024-05-15","7.61",,"0.06","0.0","0.0","57","67","46","  280","   30","21.0","30.0","    1",,,,,,,
"USW00003017","DENVER INTERNATIONAL AIRPORT, CO US","2024-05-16","6.71",,"0.00","0.0","0.0","58","74","47","  200","  200","16.1","21.9",,,,,,,,
"USW00003017","DENVER INTERNATIONAL AIRPORT, CO US","2024-05-17","10.74",,"0.00","0.0","0.0","66","82","54","  290","  290","23.0","34.0",,,,,,,,
"USW00003017","DENVER INTERNATIONAL AIRPORT, CO US","2024-05-18","15.43",,"0.00","0.0","0.0","65","74","52","  170","  160","35.1","44.1",,,,,,,,
"USW00003017","DENVER INTERNATIONAL AIRPORT, CO US","2024-05-19","10.07",,"0.00","0.0","0.0","66","81","47","  280","  280","32.0","42.9",,,"    1",,,,,
"USW00003017","DENVER INTERNATIONAL AIRPORT, CO US","2024-05-20","11.41",,"0.56","0.0","0.0","57","70","42","  350","  360","29.1","38.0","    1",,"    1","    1",,,"    1",
"USW00003017","DENVER INTERNATIONAL AIRPORT, CO US","2024-05-21","9.62",,"0.19","0.0","0.0","50","61","42","  310","  310","29.1","35.1","    1",,"    1",,,,,
"USW00003017","DENVER INTERNATIONAL AIRPORT, CO US","2024-05-22","12.30",,"0.00","0.0","0.0","52","72","36","  150","  160","23.0","35.1",,,,,,,,
"USW00003017","DENVER INTERNATIONAL AIRPORT, CO US","2024-05-23","14.99",,"0.00","0.0","0.0","62","80","44","   30","   30","32.0","40.0",,,,,,,,
"USW00003017","DENVER INTERNATIONAL AIRPORT, CO US","2024-05-24","10.96",,"0.00","0.0","0.0","54","70","34","  100","  100","25.1","33.1",,,,,,,,
"USW00003017","DENVER INTERNATIONAL AIRPORT, CO US","2024-05-25","9.17",,"0.00","0.0","0.0","61","73","45","  300","  310","31.1","44.1",,,,,,,,
"USW00003017","DENVER INTERNATIONAL AIRPORT, CO US","2024-05-26","13.65",,"0.00","0.0","0.0","61","72","51","  300","  280","25.9","50.1",,,,,,,,
"USW00003017","DENVER INTERNATIONAL AIRPORT, CO US","2024-05-27","6.93",,"0.00","0.0","0.0","63","77","46","   90","  290","15.0","28.0",,,,,,,,
"USW00003017","DENVER INTERNATIONAL AIRPORT, CO US","2024-05-28","9.17",,"0.00","0.0","0.0","63","79","48","  160","  160","25.9","35.1",,,,,,,,
"USW00003017","DENVER INTERNATIONAL AIRPORT, CO US","2024-05-29","11.63",,"0.00","0.0","0.0","67","83","50","  150","  200","33.1","47.0",,,"    1",,,,,
"USW00003017","DENVER INTERNATIONAL AIRPORT, CO US","2024-05-30","11.86",,"0.23","0.0","0.0","66","78","49","   50","   50","30.0","38.9",,,"    1","    1",,,,
"USW00003017","DENVER INTERNATIONAL AIRPORT, CO US","2024-05-31","7.61",,"0.00","0.0","0.0","59","74","48","  340","  340","15.0","19.0",,,,,,,,
"USW00003017","DENVER INTERNATIONAL AIRPORT, CO US","2024-06-01","9.40",,"0.00","0.0","0.0","67","85","51","  230","  230","29.1","38.0",,,,,,,,
"USW00003017","DENVER INTERNATIONAL AIRPORT, CO US","2024-06-02","9.62",,"0.00","0.0","0.0","69","87","53","   20","   30","32.0","42.1",,,,,,"    1",,
"USW00003017","DENVER INTERNATIONAL AIRPORT, CO US","2024-06-03","10.07",,"0.00","0.0","0.0","69","88","50","  300","  290","28.0","40.0",,,,,,,,
"USW00003017","DENVER INTERNATIONAL AIRPORT, CO US","2024-06-04","11.18",,"0.00","0.0","0.0","75","83","60","  250","  240","29.1","38.9",,,,,,,,
"USW00003017","DENVER INTERNATIONAL AIRPORT, CO US","2024-06-05","12.30",,"0.00","0.0","0.0","74","91","51","  290","  280","23.0","32.0",,,,,,,,
"USW00003017","DENVER INTERNATIONAL AIRPORT, CO US","2024-06-06","8.72",,"0.00","0.0","0.0","74","89","52","  180","  170","21.9","31.1",,,,,,,,
"USW00003017","DENVER INTERNATIONAL AIRPORT, CO US","2024-06-07","14.32",,"0.00","0.0","0.0","78","95","59","  280","   10","40.9","55.9",,,,,,"    1","    1",
"USW00003017","DENVER INTERNATIONAL AIRPORT, CO US","2024-06-08","9.62",,"0.00","0.0","0.0","73","88","52","  340","   30","35.1","42.9",,,"    1",,,,,
"USW00003017","DENVER INTERNATIONAL AIRPORT, CO US","2024-06-09","11.86",,"0.16","0.0","0.0","66","87","54","  140","  140","36.9","49.0",,,"    1","    1",,,,
"USW00003017","DENVER INTERNATIONAL AIRPORT, CO US","2024-06-10","8.72",,"0.00","0.0","0.0","68","85","55","   30","  350","28.0","42.9",,,"    1",,,,,
"USW00003017","DENVER INTERNATIONAL AIRPORT, CO US","2024-06-11","9.84",,"0.00","0.0","0.0","70","88","56","  140","  210","21.9","28.0",,,,,,,,
"USW00003017","DENVER INTERNATIONAL AIRPORT, CO US","2024-06-12","10.51",,"0.00","0.0","0.0","79","97","60","  270","  280","35.1","47.0",,,,,,,,
"USW00003017","DENVER INTERNATIONAL AIRPORT, CO US","2024-06-13","13.87",,"0.00","0.0","0.0","80","97","62","   90","  100","30.0","42.1",,,"    1",,,,,
"USW00003017","DENVER INTERNATIONAL AIRPORT, CO US","2024-06-14","7.83",,"0.00","0.0","0.0","73","83","58","  280","  280","23.0","30.0",,,"    1",,,,,
"USW00003017","DENVER INTERNATIONAL AIRPORT, CO US","2024-06-15","8.72",,"0.00","0.0","0.0","74","93","58","   10","  190","23.0","28.0","    1",,,,,,"    1",
"USW00003017","DENVER INTERNATIONAL AIRPORT, CO US","2024-06-16","13.20",,"0.00","0.0","0.0","74","90","59","   30","   20","25.9","34.0",,,"    1",,,,,
"USW00003017","DENVER INTERNATIONAL AIRPORT, CO US","2024-06-17","8.95",,"0.00","0.0","0.0","72","99","53","  220","  230","25.1","48.1","    1",,,,,,"    1",
"USW00003017","DENVER INTERNATIONAL AIRPORT, CO US","2024-06-18","13.42",,"0.00","0.0","0.0","69","73","53","   80","   70","25.1","36.9",,,,,,,,
"USW00003017","DENVER INTERNATIONAL AIRPORT, CO US","2024-06-19","15.21",,"0.00","0.0","0.0","63","74","50","  150","  140","32.0","44.1",,,,,,,,
"USW00003017","DENVER INTERNATIONAL AIRPORT, CO US","2024-06-20","12.75",,"0.05","0.0","0.0","72","92","59","  290","  130","31.1","42.1",,,"    1",,,,,
"USW00003017","DENVER INTERNATIONAL AIRPORT, CO US","2024-06-21","7.83",,"0.00","0.0","0.0","69","85","61","  350","  350","33.1","42.9","    1",,"    1",,,,"    1",
"USW00003017","DENVER INTERNATIONAL AIRPORT, CO US","2024-06-22","9.40",,"0.00","0.0","0.0","74","93","51","  360","  360","29.1","40.9",,,,,,,,
"USW00003017","DENVER INTERNATIONAL AIRPORT, CO US","2024-06-23","8.50",,"0.00","0.0","0.0","80","98","65","   20","   20","25.1","34.0",,,,,,,,
"USW00003017","DENVER INTERNATIONAL AIRPORT, CO US","2024-06-24","11.41",,"0.00","0.0","0.0","83","98","66","  320","  330","33.1","45.0",,,,,,,,
"USW00003017","DENVER INTERNATIONAL AIRPORT, CO US","2024-06-25","9.62",,"0.00","0.0","0.0","82","100","68","  350","   10","35.1","49.0",,,,,,,,
"USW00003017","DENVER INTERNATIONAL AIRPORT, CO US","2024-06-26","8.72",,"0.02","0.0","0.0","79","95","62","  300","  300","40.0","49.0",,,"    1",,,,,
"USW00003017","DENVER INTERNATIONAL AIRPORT, CO US","2024-06-27","12.97",,"0.00","0.0","0.0","74","94","61","  280","  280","33.1","46.1",,,,,,,,
"USW00003017","DENVER INTERNATIONAL AIRPORT, CO US","2024-06-28","13.87",,"0.00","0.0","0.0","80","96","60","  290","  280","31.1","44.1",,,"    1",,,,,
"USW00003017","DENVER INTERNATIONAL AIRPORT, CO US","2024-06-29","10.74",,"0.13","0.0","0.0","71","87","60","   30","  100","23.0","42.1",,,"    1",,,,,
"USW00003017","DENVER INTERNATIONAL AIRPORT, CO US","2024-06-30","12.97",,"0.00","0.0","0.0","75","92","65","  200","  190","36.9","46.1",,,,,,,,
"USW00003017","DENVER INTERNATIONAL AIRPORT, CO US","2024-07-01","10.96",,"0.00","0.0","0.0","77","89","66","  340","   20","29.1","38.0",,,,,,,,
"USW00003017","DENVER INTERNATIONAL AIRPORT, CO US","2024-07-02","7.61",,"0.07","0.0","0.0","72","88","58","  320","  320","25.1","36.9","    1",,"    1",,,,,
"USW00003017","DENVER INTERNATIONAL AIRPORT, CO US","2024-07-03","13.42",,"0.00","0.0","0.0","76","93","58","   20","   20","38.0","53.9",,,"    1",,,,,
"USW00003017","DENVER INTERNATIONAL AIRPORT, CO US","2024-07-04","6.71",,"0.00","0.0","0.0","70","83","53","  350","  340","19.9","25.9",,,,,,,,
"USW00003017","DENVER INTERNATIONAL AIRPORT, CO US","2024-07-05","10.29",,"0.00","0.0","0.0","68","81","52","  190","  190","23.0","30.0",,,,,,,,
"USW00003017","DENVER INTERNATIONAL AIRPORT, CO US","2024-07-06","13.65",,"0.00","0.0","0.0","74","91","64","  110","  110","36.9","52.1",,,,,,,,
"USW00003017","DENVER INTERNATIONAL AIRPORT, CO US","2024-07-07","11.18",,"0.14","0.0","0.0","69","78","53","   30","   40","35.1","45.0",,,"    1",,,,,
"USW00003017","DENVER INTERNATIONAL AIRPORT, CO US","2024-07-08","7.38",,"0.00","0.0","0.0","64","83","53","  210","  200","15.0","19.0",,,,,,,,
"USW00003017","DENVER INTERNATIONAL AIRPORT, CO US","2024-07-09","9.17",,"0.00","0.0","0.0","73","90","54","  330","  340","23.0","30.0",,,,,,,,
"USW00003017","DENVER INTERNATIONAL AIRPORT, CO US","2024-07-10","8.72",,"0.00","0.0","0.0","76","93","61","  350","  290","19.9","23.9",,,,,,,,
"USW00003017","DENVER INTERNATIONAL AIRPORT, CO US","2024-07-11","7.83",,"0.00","0.0","0.0","80","98","60","  180","  180","19.9","25.1",,,,,,,,
"USW00003017","DENVER INTERNATIONAL AIRPORT, CO US","2024-07-12","10.51",,"0.00","0.0","0.0","84","102","62","  360","   10","23.9","31.1",,,,,,,,
"USW00003017","DENVER INTERNATIONAL AIRPORT, CO US","2024-07-13","7.61",,"0.00","0.0","0.0","83","99","64","  300","  150","33.1","42.1",,,,,,,,
"USW00003017","DENVER INTERNATIONAL AIRPORT, CO US","2024-07-14","11.86",,"0.00","0.0","0.0","86","101","70","  350","  360","25.1","33.1",,,"    1",,,,,
"USW00003017","DENVER INTERNATIONAL AIRPORT, CO US","2024-07-15","11.41",,"0.20","0.0","0.0","82","98","63","  300","  300","36.0","48.1",,,"    1",,,,,
"USW00003017","DENVER INTERNATIONAL AIRPORT, CO US","2024-07-16","9.40",,"0.01","0.0","0.0","72","90","57","  300","  290","38.0","53.9",,,"    1",,,,,
"USW00003017","DENVER INTERNATIONAL AIRPORT, CO US","2024-07-17","10.51",,"0.00","0.0","0.0","73","89","58","   90","   90","29.1","36.9",,,"    1",,,,,
"USW00003017","DENVER INTERNATIONAL AIRPORT, CO US","2024-07-18","9.62",,"0.00","0.0","0.0","70","92","55","  320","  310","25.1","32.0",,,,,,,,
"USW00003017","DENVER INTERNATIONAL AIRPORT, CO US","2024-07-19","10.29",,"0.00","0.0","0.0","78","93","61","   10","   10","31.1","42.9",,,,,,,,
"USW00003017","DENVER INTERNATIONAL AIRPORT, CO US","2024-07-20","10.07",,"0.47","0.0","0.0","72","87","57","   20","  360","31.1","52.1","    1",,"    1",,,,,
"USW00003017","DENVER INTERNATIONAL AIRPORT, CO US","2024-07-21","9.17",,"0.20","0.0","0.0","68","79","57","   60","   50","28.0","36.9",,,"    1",,,,,
"USW00003017","DENVER INTERNATIONAL AIRPORT, CO US","2024-07-22","8.28",,"0.00","0.0","0.0","67","84","57","   30","   20","15.0","21.0",,,,,,,"    1",
"USW00003017","DENVER INTERNATIONAL AIRPORT, CO US","2024-07-23","8.50",,"0.00","0.0","0.0","72","89","59","  160","  360","15.0","21.9",,,,,,,"    1",
"USW00003017","DENVER INTERNATIONAL AIRPORT, CO US","2024-07-24","9.17",,"0.00","0.0","0.0","77","95","59","  150","  150","19.9","27.1",,,,,,,"    1",
"USW00003017","DENVER INTERNATIONAL AIRPORT, CO US","2024-07-25","16.33",,"0.00","0.0","0.0","82","97","65","  170","  170","25.9","35.1",,,,,,,,
"USW00003017","DENVER INTERNATIONAL AIRPORT, CO US","2024-07-26","9.62",,"0.00","0.0","0.0","80","93","65","  290","  260","25.1","32.0",,,,,,,,
"USW00003017","DENVER INTERNATIONAL AIRPORT, CO US","2024-07-27","9.40",,"0.00","0.0","0.0","76","95","58","  220","  210","38.0","49.0",,,"    1",,,,,
"USW00003017","DENVER INTERNATIONAL AIRPORT, CO US","2024-07-28","9.62",,"0.01","0.0","0.0","76","96","60","   40","   30","23.9","31.1",,,,,,,,
"USW00003017","DENVER INTERNATIONAL AIRPORT, CO US","2024-07-29","8.05",,"0.00","0.0","0.0","80","99","58","  140","  160","21.0","35.1",,,,,,,,
"USW00003017","DENVER INTERNATIONAL AIRPORT, CO US","2024-07-30","7.61",,"0.00","0.0","0.0","83","100","66","  130","  130","15.0","23.0",,,"    1",,,,,
"USW00003017","DENVER INTERNATIONAL AIRPORT, CO US","2024-07-31","7.83",,"0.00","0.0","0.0","82","97","66","   60","  340","19.9","25.9",,,,,,,,
"USW00003017","DENVER INTERNATIONAL AIRPORT, CO US","2024-08-01","10.51",,"0.00","0.0","0.0","80","99","61","  160","  160","25.9","35.1",,,,,,,"    1",
"USW00003017","DENVER INTERNATIONAL AIRPORT, CO US","2024-08-02","10.29",,"0.00","0.0","0.0","84","101","63","  180","  180","25.9","34.0",,,"    1",,,,,
"USW00003017","DENVER INTERNATIONAL AIRPORT, CO US","2024-08-03","9.84",,"0.00","0.0","0.0","80","96","67","   40","   60","21.9","31.1",,,,,,,,
"USW00003017","DENVER INTERNATIONAL AIRPORT, CO US","2024-08-04","12.30",,"0.00","0.0","0.0","83","102","67","  310","  310","31.1","40.0",,,,,,,,
"USW00003017","DENVER INTERNATIONAL AIRPORT, CO US","2024-08-05","13.87",,"0.21","0.0","0.0","83","94","66","  270","  270","29.1","36.9",,,"    1",,,,,
"USW00003017","DENVER INTERNATIONAL AIRPORT, CO US","2024-08-06","11.86",,"0.00","0.0","0.0","75","95","63","  200","  200","29.1","35.1",,,"    1",,,,,
"USW00003017","DENVER INTERNATIONAL AIRPORT, CO US","2024-08-07","9.84",,"0.00","0.0","0.0","77","93","62","   10","  360","38.9","51.0",,,,,,,,
"USW00003017","DENVER INTERNATIONAL AIRPORT, CO US","2024-08-08","11.63",,"0.03","0.0","0.0","64","68","57","  110","  110","23.9","33.1","    1",,,,,,,
"USW00003017","DENVER INTERNATIONAL AIRPORT, CO US","2024-08-09","8.05",,"0.00","0.0","0.0","62","70","57","  210","  200","21.9","25.9","    1",,,,,,"    1",
"USW00003017","DENVER INTERNATIONAL AIRPORT, CO US","2024-08-10","9.62",,"0.00","0.0","0.0","64","84","52","   20","   20","35.1","51.0","    1",,,,,,"    1",
"USW00003017","DENVER INTERNATIONAL AIRPORT, CO US","2024-08-11","11.41",,"0.00","0.0","0.0","70","91","56","  270","  260","30.0","38.0","    1","    1",,,,,,
"USW00003017","DENVER INTERNATIONAL AIRPORT, CO US","2024-08-12","9.84",,"0.09","0.0","0.0","72","89","61","  150","  170","33.1","44.1","    1",,"    1",,,,"    1",
"USW00003017","DENVER INTERNATIONAL AIRPORT, CO US","2024-08-13","7.38",,"0.25","0.0","0.0","71","88","61","  320","  320","33.1","38.9","    1","    1","    1","    1",,,,
"USW00003017","DENVER INTERNATIONAL AIRPORT, CO US","2024-08-14","8.05",,"0.00","0.0","0.0","70","89","58","  300","  310","29.1","40.0",,,"    1",,,,,
"USW00003017","DENVER INTERNATIONAL AIRPORT, CO US","2024-08-15","6.49",,"0.00","0.0","0.0","71","87","59","  220","  220","21.9","28.0",,,,,,,,
"USW00003017","DENVER INTERNATIONAL AIRPORT, CO US","2024-08-16","7.16",,"0.00","0.0","0.0","73","93","57","   50","   50","18.1","21.9",,,,,,,,
"USW00003017","DENVER INTERNATIONAL AIRPORT, CO US","2024-08-17","9.17",,"0.00","0.0","0.0","82","98","67","  310","  310","23.9","30.0",,,,,,,,
"USW00003017","DENVER INTERNATIONAL AIRPORT, CO US","2024-08-18","8.95",,"0.00","0.0","0.0","81","95","62","  220","  220","36.9","48.1",,,,,,,,
"USW00003017","DENVER INTERNATIONAL AIRPORT, CO US","2024-08-19","9.40",,"0.24","0.0","0.0","79","91","63","  180","  170","30.0","38.9",,,"    1",,,,,
"USW00003017","DENVER INTERNATIONAL AIRPORT, CO US","2024-08-20","9.84",,"0.00","0.0","0.0","74","95","62","  190","   40","23.9","36.0",,,,,,,,
"USW00003017","DENVER INTERNATIONAL AIRPORT, CO US","2024-08-21","9.84",,"0.00","0.0","0.0","80","96","67","  250","  250","38.0","68.0",,,,,,,,
"USW00003017","DENVER INTERNATIONAL AIRPORT, CO US","2024-08-22","10.51",,"0.05","0.0","0.0","78","89","64","  220","  220","36.0","42.9","    1",,"    1",,,,,
"USW00003017","DENVER INTERNATIONAL AIRPORT, CO US","2024-08-23","8.72",,"0.02","0.0","0.0","71","90","58","  290","  280","36.9","48.1",,,"    1",,,,,
"USW00003017","DENVER INTERNATIONAL AIRPORT, CO US","2024-08-24","10.29",,"0.00","0.0","0.0","76","92","61","  290","  210","18.1","25.1",,,,,,,,
"USW00003017","DENVER INTERNATIONAL AIRPORT, CO US","2024-08-25","12.30",,"0.00","0.0","0.0","78","94","63","   50","  300","23.9","32.0",,,,,,,,
"USW00003017","DENVER INTERNATIONAL AIRPORT, CO US","2024-08-26","8.72",,"0.02","0.0","0.0","73","88","58","  230","  230","21.9","29.1",,,,,,,,
"USW00003017","DENVER INTERNATIONAL AIRPORT, CO US","2024-08-27","9.17",,"0.00","0.0","0.0","72","86","56","  130","  120","18.1","27.1",,,,,,,,
"USW00003017","DENVER INTERNATIONAL AIRPORT, CO US","2024-08-28","9.17",,"0.01","0.0","0.0","76","92","61","  260","  270","38.9","66.0",,,"    1",,,,,
"USW00003017","DENVER INTERNATIONAL AIRPORT, CO US","2024-08-29","10.74",,"0.00","0.0","0.0","76","86","60","   70","   60","23.9","33.1",,,,,,,,
"USW00003017","DENVER INTERNATIONAL AIRPORT, CO US","2024-08-30","10.29",,"0.00","0.0","0.0","70","87","50","  190","  190","25.9","35.1",,,,,,,,
"USW00003017","DENVER INTERNATIONAL AIRPORT, CO US","2024-08-31","8.50"," 0016","0.00","0.0","0.0","74","91","59","  190","  190","21.9","34.0",,,,,,,,
"USW00003017","DENVER INTERNATIONAL AIRPORT, CO US","2024-09-01","11.41",,"0.00","0.0","0.0","73","88","56","  130","  150","21.9","27.1",,,,,,,,
"USW00003017","DENVER INTERNATIONAL AIRPORT, CO US","2024-09-02","10.51",,"0.00","0.0","0.0","74","93","60","  140","  140","23.9","32.0",,,,,,,,
"USW00003017","DENVER INTERNATIONAL AIRPORT, CO US","2024-09-03","9.40",,"0.00","0.0","0.0","77","94","61","  200","  190","18.1","23.9",,,,,,,,
"USW00003017","DENVER INTERNATIONAL AIRPORT, CO US","2024-09-04","11.86",,"0.07","0.0","0.0","75","85","57","  240","  240","36.0","44.1",,,"    1",,,,,
"USW00003017","DENVER INTERNATIONAL AIRPORT, CO US","2024-09-05","8.05",,"0.23","0.0","0.0","62","74","55","  300","  300","17.0","23.9","    1",,"    1",,,,,
"USW00003017","DENVER INTERNATIONAL AIRPORT, CO US","2024-09-06","8.50",,"0.00","0.0","0.0","66","83","54","  220","   70","15.0","21.0",,,,,,,,
"USW00003017","DENVER INTERNATIONAL AIRPORT, CO US","2024-09-07","7.16",,"0.00","0.0","0.0","70","89","56","  180","  170","17.0","23.0",,,,,,,,
"USW00003017","DENVER INTERNATIONAL AIRPORT, CO US","2024-09-08","8.95",,"0.00","0.0","0.0","73","90","57","  340","  350","21.0","27.1",,,,,,,,
"USW00003017","DENVER INTERNATIONAL AIRPORT, CO US","2024-09-09","8.95",,"0.00","0.0","0.0","76","92","60","  290","  290","21.0","29.1",,,,,,,,
"USW00003017","DENVER INTERNATIONAL AIRPORT, CO US","2024-09-10","10.07",,"0.00","0.0","0.0","75","90","60","  270","  270","21.0","27.1",,,,,,,,
"USW00003017","DENVER INTERNATIONAL AIRPORT, CO US","2024-09-11","9.84",,"0.00","0.0","0.0","73","86","57","  200","  190","29.1","36.0",,,,,,,,
"USW00003017","DENVER INTERNATIONAL AIRPORT, CO US","2024-09-12","16.55",,"0.00","0.0","0.0","72","93","55","  210","  190","28.0","38.0",,,,,,,,
"USW00003017","DENVER INTERNATIONAL AIRPORT, CO US","2024-09-13","7.16",,"0.00","0.0","0.0","71","83","55","   80","   80","16.1","23.0",,,,,,,,
"USW00003017","DENVER INTERNATIONAL AIRPORT, CO US","2024-09-14","8.50",,"0.00","0.0","0.0","69","88","52","   90","   90","17.0","23.0",,,,,,,,
"USW00003017","DENVER INTERNATIONAL AIRPORT, CO US","2024-09-15","7.38",,"0.00","0.0","0.0","71","90","57","  170","  170","38.9","57.0",,,"    1",,,,,
"USW00003017","DENVER INTERNATIONAL AIRPORT, CO US","2024-09-16","12.30",,"0.00","0.0","0.0","68","84","48","  190","  210","25.1","34.0",,,,,,,,
"USW00003017","DENVER INTERNATIONAL AIRPORT, CO US","2024-09-17","13.87",,"0.00","0.0","0.0","73","87","56","  230","  200","36.0","47.0",,,"    1",,,,,
"USW00003017","DENVER INTERNATIONAL AIRPORT, CO US","2024-09-18","6.71",,"0.00","0.0","0.0","65","85","47","   30","   30","17.0","23.0","    1","    1",,,,,,
"USW00003017","DENVER INTERNATIONAL AIRPORT, CO US","2024-09-19","10.51",,"0.00","0.0","0.0","67","84","44","  160","  150","21.0","33.1",,,,,,,,
"USW00003017","DENVER INTERNATIONAL AIRPORT, CO US","2024-09-20","8.50",,"0.00","0.0","0.0","71","88","59","   30","  140","16.1","21.9",,,,,,,,
"USW00003017","DENVER INTERNATIONAL AIRPORT, CO US","2024-09-21","9.17",,"0.12","0.0","0.0","65","70","49","   10","   10","23.0","25.9",,,"    1",,,,,
"USW00003017","DENVER INTERNATIONAL AIRPORT, CO US","2024-09-22","7.61",,"0.82","0.0","0.0","52","61","45","  170","  170","13.0","18.1","    1",,,,,,,
"USW00003017","DENVER INTERNATIONAL AIRPORT, CO US","2024-09-23","8.28",,"0.00","0.0","0.0","59","80","47","  350","  330","15.0","21.0",,,,,,,,
"USW00003017","DENVER INTERNATIONAL AIRPORT, CO US","2024-09-24","6.93",,"0.00","0.0","0.0","65","78","51","   10","   10","17.0","23.0",,,,,,,,
"USW00003017","DENVER INTERNATIONAL AIRPORT, CO US","2024-09-25","9.84",,"0.00","0.0","0.0","67","86","53","  190","  200","19.9","28.0",,,,,,,,
"USW00003017","DENVER INTERNATIONAL AIRPORT, CO US","2024-09-26","7.83"," 2122","0.00","0.0","0.0","73","93","59","  360","   30","15.0","21.0",,,,,,,,
"USW00003017","DENVER INTERNATIONAL AIRPORT, CO US","2024-09-27","8.50"," 0449","0.00","0.0","0.0","73","85","60","  170","  340","14.1","21.9",,,,,,,,
"USW00003017","DENVER INTERNATIONAL AIRPORT, CO US","2024-09-28","11.86"," 1445","0.00","0.0","0.0","71","89","57","  140","  130","21.0","28.0",,,,,,,,
"USW00003017","DENVER INTERNATIONAL AIRPORT, CO US","2024-09-29","11.86"," 2211","0.00","0.0","0.0","73","92","61","  200","  210","23.0","32.0",,,,,,,,
"USW00003017","DENVER INTERNATIONAL AIRPORT, CO US","2024-09-30","11.86"," 1101","0.00","0.0","0.0","73","85","47","   40","   40","25.1","36.0",,,,,,,,
"USW00003017","DENVER INTERNATIONAL AIRPORT, CO US","2024-10-01","7.83",,"0.00","0.0","0.0","56","76","39","  170","  160","17.0","21.9",,,,,,,,
"USW00003017","DENVER INTERNATIONAL AIRPORT, CO US","2024-10-02","7.83",,"0.00","0.0","0.0","68","89","52","  230","  240","15.0","25.9",,,,,,,,
"USW00003017","DENVER INTERNATIONAL AIRPORT, CO US","2024-10-03","11.18",,"0.00","0.0","0.0","64","70","45","   10","   40","21.0","36.0",,,,,,,,
"USW00003017","DENVER INTERNATIONAL AIRPORT, CO US","2024-10-04","9.17",,"0.00","0.0","0.0","58","87","43","  210","  100","16.1","21.0",,,,,,,,
"USW00003017","DENVER INTERNATIONAL AIRPORT, CO US","2024-10-05","12.97",,"0.00","0.0","0.0","72","87","47","  290","  260","25.1","34.0",,,,,,,,
"USW00003017","DENVER INTERNATIONAL AIRPORT, CO US","2024-10-06","8.72",,"0.00","0.0","0.0","60","78","44","  200","  200","21.0","27.1",,,,,,,,
"USW00003017","DENVER INTERNATIONAL AIRPORT, CO US","2024-10-07","9.17",,"0.00","0.0","0.0","65","82","52","   30","   20","19.9","25.1",,,,,,,,
"USW00003017","DENVER INTERNATIONAL AIRPORT, CO US","2024-10-08","9.17",,"0.00","0.0","0.0","65","83","52","  360","  360","19.9","23.9",,,,,,,,
"USW00003017","DENVER INTERNATIONAL AIRPORT, CO US","2024-10-09","8.50",,"0.00","0.0","0.0","65","83","52","  230","  230","16.1","19.0",,,,,,,,
"USW00003017","DENVER INTERNATIONAL AIRPORT, CO US","2024-10-10","8.50",,"0.00","0.0","0.0","69","85","51","  220","  220","17.0","21.0",,,,,,,,
"USW00003017","DENVER INTERNATIONAL AIRPORT, CO US","2024-10-11","7.38",,"0.00","0.0","0.0","63","73","50","  230","  240","14.1","18.1",,,,,,,,
"USW00003017","DENVER INTERNATIONAL AIRPORT, CO US","2024-10-12","9.40",,"0.00","0.0","0.0","63","81","51","   30","   30","16.1","21.0",,,,,,,,
"USW00003017","DENVER INTERNATIONAL AIRPORT, CO US","2024-10-13","7.83",,"0.00","0.0","0.0","59","71","45","  180","  180","17.0","21.9",,,,,,,,
"USW00003017","DENVER INTERNATIONAL AIRPORT, CO US","2024-10-14","6.49",,"0.00","0.0","0.0","60","83","43","  350","  340","15.0","21.9",,,,,,,,
"USW00003017","DENVER INTERNATIONAL AIRPORT, CO US","2024-10-15","10.96",,"0.00","0.0","0.0","64","76","46","  100","  100","25.9","34.0",,,,,,,,
"USW00003017","DENVER INTERNATIONAL AIRPORT, CO US","2024-10-16","8.50",,"0.00","0.0","0.0","59","82","41","  210","  210","25.1","34.0",,,,,,,,
"USW00003017","DENVER INTERNATIONAL AIRPORT, CO US","2024-10-17","17.22",,"0.00","0.0","0.0","65","75","53","  210","  220","29.1","36.9",,,,,,,,
"USW00003017","DENVER INTERNATIONAL AIRPORT, CO US","2024-10-18","10.51",,"0.09","0.0","0.0","53","57","41","   30","   30","19.9","25.9",,,,,,,,
"USW00003017","DENVER INTERNATIONAL AIRPORT, CO US","2024-10-19","8.05",,"0.00","0.0","0.0","47","66","41","   20","   20","18.1","23.0","    1",,,,,,,
"USW00003017","DENVER INTERNATIONAL AIRPORT, CO US","2024-10-20","10.51",,"0.00","0.0","0.0","54","78","41","  200","  210","25.9","36.9","    1","    1",,,,,,
"USW00003017","DENVER INTERNATIONAL AIRPORT, CO US","2024-10-21","13.87",,"0.02","0.0","0.0","57","68","45","  310","  300","29.1","38.9",,,"    1",,,,,
"USW00003017","DENVER INTERNATIONAL AIRPORT, CO US","2024-10-22","7.61",,"0.00","0.0","0.0","59","76","48","  210","  210","16.1","19.9",,,,,,,,
"USW00003017","DENVER INTERNATIONAL AIRPORT, CO US","2024-10-23","10.51",,"0.00","0.0","0.0","59","77","42","  160","  160","21.0","27.1",,,,,,,,
"USW00003017","DENVER INTERNATIONAL AIRPORT, CO US","2024-10-24","12.97",,"0.00","0.0","0.0","59","74","39","   10","   10","36.0","47.0",,,,,,,,
"USW00003017","DENVER INTERNATIONAL AIRPORT, CO US","2024-10-25","8.50",,"0.00","0.0","0.0","49","66","32","  220","  230","14.1","17.0",,,,,,,,
"USW00003017","DENVER INTERNATIONAL AIRPORT, CO US","2024-10-26","7.38",,"0.00","0.0","0.0","53","77","35","  220","  230","15.0","17.0",,,,,,,,
"USW00003017","DENVER INTERNATIONAL AIRPORT, CO US","2024-10-27","8.95",,"0.00","0.0","0.0","59","79","38","  210","  180","17.0","23.9",,,,,,,,
"USW00003017","DENVER INTERNATIONAL AIRPORT, CO US","2024-10-28","10.51",,"0.00","0.0","0.0","65","82","47","  230","  210","21.0","28.0",,,,,,,,
"USW00003017","DENVER INTERNATIONAL AIRPORT, CO US","2024-10-29","9.84",,"0.00","0.0","0.0","54","61","31","  350","  340","25.9","36.0",,,,,,,,
"USW00003017","DENVER INTERNATIONAL AIRPORT, CO US","2024-10-30","7.61",,"0.00","0.0","0.0","39","45","29","   60","   70","16.1","21.9","    1",,,,,,,
"USW00003017","DENVER INTERNATIONAL AIRPORT, CO US","2024-10-31","8.72",,"0.00","0.0","0.0","40","61","24","  160","  170","16.1","23.9","    1",,,,,,,
"USW00003017","DENVER INTERNATIONAL AIRPORT, CO US","2024-11-01","11.86",,"0.00","0.0","0.0","44","62","28","  100","  130","25.1","33.1",,,,,,,,
"USW00003017","DENVER INTERNATIONAL AIRPORT, CO US","2024-11-02","8.95",,"0.00","0.0","0.0","45","67","31","   70","   70","19.9","25.1",,,,,,,,
"USW00003017","DENVER INTERNATIONAL AIRPORT, CO US","2024-11-03","10.74",,"0.03","0.0","0.0","48","58","36","  350","   70","23.0","31.1",,,,,,,,
"USW00003017","DENVER INTERNATIONAL AIRPORT, CO US","2024-11-04","9.62",,"0.01","0.0","0.0","40","46","27","  340","  340","16.1","21.0","    1",,,,,,,
"USW00003017","DENVER INTERNATIONAL AIRPORT, CO US","2024-11-05","10.74",,"0.11","2.3","0.0","40","55","28","   30","   20","33.1","40.0","    1",,,,,,,
"USW00003017","DENVER INTERNATIONAL AIRPORT, CO US","2024-11-06","10.74",,"0.28","3.7","3.9","30","30","25","   30","   20","30.0","36.9","    1","    1",,,,,"    1",
"USW00003017","DENVER INTERNATIONAL AIRPORT, CO US","2024-11-07","6.04",,"0.22","2.9","5.1","27","34","23","  120","  120","14.1","17.0","    1","    1",,,,,,
"USW00003017","DENVER INTERNATIONAL AIRPORT, CO US","2024-11-08","10.51",,"0.85","9.3","5.9","31","33","30","  340","  330","18.1","23.9","    1","    1",,,,,,
"USW00003017","DENVER INTERNATIONAL AIRPORT, CO US","2024-11-09","12.30",,"0.30","1.8","13.0","34","42","32","  350","  340","21.9","29.1","    1","    1",,,,,,
"USW00003017","DENVER INTERNATIONAL AIRPORT, CO US","2024-11-10","13.87",,"0.00","0.0","7.9","41","48","35","  210","  210","21.9","27.1",,,,,,,,
"USW00003017","DENVER INTERNATIONAL AIRPORT, CO US","2024-11-11","8.50",,"0.00","0.0","5.9","41","46","34","  230","  230","17.0","19.9",,,,,,,,
"USW00003017","DENVER INTERNATIONAL AIRPORT, CO US","2024-11-12","7.61",,"0.01","0.0","5.1","38","49","25","  280","  280","28.0","35.1",,,,,,,,
"USW00003017","DENVER INTERNATIONAL AIRPORT, CO US","2024-11-13","7.61",,"0.00","0.0","2.0","37","40","29","   10","   20","18.1","23.9",,,,,,,,
"USW00003017","DENVER INTERNATIONAL AIRPORT, CO US","2024-11-14","8.05",,"0.00","0.0","0.0","38","53","26","  170","  170","15.0","17.0",,,,,,,,
"USW00003017","DENVER INTERNATIONAL AIRPORT, CO US","2024-11-15","9.84",,"0.00","0.0","0.0","40","55","28","  170","  170","23.0","30.0",,,,,,,,
"USW00003017","DENVER INTERNATIONAL AIRPORT, CO US","2024-11-16","8.50",,"0.00","0.0","0.0","44","50","31","  200","  190","17.0","21.9",,,,,,,,
"USW00003017","DENVER INTERNATIONAL AIRPORT, CO US","2024-11-17","10.29",,"0.00","0.0","0.0","38","54","26","  210","  200","19.9","25.1",,,,,,,,
"USW00003017","DENVER INTERNATIONAL AIRPORT, CO US","2024-11-18","12.08",,"0.00","0.0","0.0","39","59","27","  280","  280","30.0","40.0",,,,,,,,
"USW00003017","DENVER INTERNATIONAL AIRPORT, CO US","2024-11-19","14.32",,"0.00","0.0","0.0","36","40","22","  280","  270","32.0","42.9",,,,,,,,
"USW00003017","DENVER INTERNATIONAL AIRPORT, CO US","2024-11-20","8.05",,"0.00","0.0","0.0","33","50","15","  170","  190","16.1","18.1",,,,,,,,
"USW00003017","DENVER INTERNATIONAL AIRPORT, CO US","2024-11-21","5.82",,"0.00","0.0","0.0","38","51","25","  190","  200","15.0","17.0",,,,,,,,
"USW00003017","DENVER INTERNATIONAL AIRPORT, CO US","2024-11-22","8.28",,"0.00","0.0","0.0","47","60","32","  190","  210","15.0","17.0",,,,,,,,
"USW00003017","DENVER INTERNATIONAL AIRPORT, CO US","2024-11-23","9.17",,"0.00","0.0","0.0","51","71","38","  240","  250","17.0","23.9",,,,,,,,
"USW00003017","DENVER INTERNATIONAL AIRPORT, CO US","2024-11-24","10.07",,"0.00","0.0","0.0","48","65","31","   20","   10","32.0","42.1","    1",,,,,,,
"USW00003017","DENVER INTERNATIONAL AIRPORT, CO US","2024-11-25","8.50",,"0.00","0.0","0.0","35","48","23","  180","  180","17.0","21.9","    1",,,,,,,
"USW00003017","DENVER INTERNATIONAL AIRPORT, CO US","2024-11-26","7.16",,"0.03","0.0","0.0","38","55","27","  160","  140","16.1","21.9",,,,,,,,
"USW00003017","DENVER INTERNATIONAL AIRPORT, CO US","2024-11-27","10.07",,"0.14","3.3","0.0","35","37","17","   10","  360","23.0","31.1","    1","    1",,,,,,
"USW00003017","DENVER INTERNATIONAL AIRPORT, CO US","2024-11-28","9.62",,"0.00","0.0","2.0","25","34","13","  210","  180","18.1","25.1",,,,,,,,
"USW00003017","DENVER INTERNATIONAL AIRPORT, CO US","2024-11-29","8.28",,"0.00","0.0","2.0","28","49","17","  320","  310","18.1","25.1",,,,,,,,
"USW00003017","DENVER INTERNATIONAL AIRPORT, CO US","2024-11-30","8.28",,"0.00","0.0","1.2","37","51","18","  330","  330","19.9","27.1",,,,,,,,
"USW00003017","DENVER INTERNATIONAL AIRPORT, CO US","2024-12-01","5.82",,"0.00","0.0","0.0","37","51","21","  170","  170","14.1","16.1",,,,,,,,
"USW00003017","DENVER INTERNATIONAL AIRPORT, CO US","2024-12-02","8.05"," 2001","0.00","0.0","0.0","35","53","23","  210","  210","16.1","19.0",,,,,,,,
"USW00003017","DENVER INTERNATIONAL AIRPORT, CO US","2024-12-03","9.40"," 0357","0.00","0.0","0.0","45","65","30","  210","  210","18.1","23.9",,,,,,,,
"USW00003017","DENVER INTERNATIONAL AIRPORT, CO US","2024-12-04","6.71"," 0536","0.00","0.0","0.0","44","58","29","  240","  240","14.1","16.1",,,,,,,,
"USW00003017","DENVER INTERNATIONAL AIRPORT, CO US","2024-12-05","5.59"," 0836","0.00","0.0","0.0","37","49","26","  270","  270","12.1","15.0",,,,,,,,
"USW00003017","DENVER INTERNATIONAL AIRPORT, CO US","2024-12-06","9.62"," 2021","0.00","0.0","0.0","42","59","28","  220","  220","15.0","18.1",,,,,,,,
"USW00003017","DENVER INTERNATIONAL AIRPORT, CO US","2024-12-07","8.95"," 0611","0.00","0.0","0.0","42","62","31","  230","  220","15.0","21.0",,,,,,,,
"USW00003017","DENVER INTERNATIONAL AIRPORT, CO US","2024-12-08","11.63"," 1343","0.00","0.0","0.0","45","58","29","  280","  290","23.9","34.0",,,,,,,,
"USW00003017","DENVER INTERNATIONAL AIRPORT, CO US","2024-12-09","8.72"," 1433","0.00","0.0","0.0","31","35","20","   30","   30","25.1","30.0",,,,,,,,
"USW00003017","DENVER INTERNATIONAL AIRPORT, CO US","2024-12-10","10.51"," 1546","0.00","0.0","0.0","26","38","11","  280","  280","21.9","30.0",,,,,,,,
"USW00003017","DENVER INTERNATIONAL AIRPORT, CO US","2024-12-11","9.84"," 0833","0.00","0.0","0.0","37","54","22","  330","  230","16.1","21.9",,,,,,,,
"USW00003017","DENVER INTERNATIONAL AIRPORT, CO US","2024-12-12","8.28"," 1353","0.00","0.0","0.0","38","54","21","  120","  120","21.0","25.9",,,,,,,,
"USW00003017","DENVER INTERNATIONAL AIRPORT, CO US","2024-12-13","11.86"," 1454","0.00","0.0","0.0","36","51","24","  290","  290","31.1","40.9",,,,,,,,
"USW00003017","DENVER INTERNATIONAL AIRPORT, CO US","2024-12-14","10.96"," 1138","0.00","0.0","0.0","41","60","28","  170","  170","17.0","21.9",,,,,,,,
"USW00003017","DENVER INTERNATIONAL AIRPORT, CO US","2024-12-15","13.65"," 1501","0.00","0.0","0.0","43","55","26","  300","  300","31.1","38.9",,,,,,,,
"USW00003017","DENVER INTERNATIONAL AIRPORT, CO US","2024-12-16","10.07"," 0749","0.00","0.0","0.0","35","49","18","  160","  160","23.9","32.0",,,,,,,,
"USW00003017","DENVER INTERNATIONAL AIRPORT, CO US","2024-12-17","9.40"," 1309","0.00","0.0","0.0","36","53","24","  320","  320","38.0","45.0",,,,,,,,
"USW00003017","DENVER INTERNATIONAL AIRPORT, CO US","2024-12-18","10.96"," 2352","0.00","0.0","0.0","34","55","18","  260","  270","25.9","35.1",,,,,,,,
"USW00003017","DENVER INTERNATIONAL AIRPORT, CO US","2024-12-19","9.62"," 1430","0.00","0.0","0.0","48","60","23","   80","   70","28.0","34.0",,,,,,,,
"USW00003017","DENVER INTERNATIONAL AIRPORT, CO US","2024-12-20","7.83"," 1306","0.00","0.0","0.0","39","68","23","   20","  300","18.1","23.0",,,,,,,,
"USW00003017","DENVER INTERNATIONAL AIRPORT, CO US","2024-12-21","8.50"," 1117","0.00","0.0","0.0","47","66","30","  210","  170","15.0","19.0",,,,,,,,
"USW00003017","DENVER INTERNATIONAL AIRPORT, CO US","2024-12-22","7.16"," 0456","0.00","0.0","0.0","50","65","43","  220","  210","16.1","21.9",,,,,,,,
"USW00003017","DENVER INTERNATIONAL AIRPORT, CO US","2024-12-23","5.82"," 1533","0.00","0.0","0.0","45","52","36","  330","  340","14.1","16.1",,,,,,,,
"USW00003017","DENVER INTERNATIONAL AIRPORT, CO US","2024-12-24","9.84"," 2112","0.00","0.0","0.0","42","53","31","  210","  210","18.1","23.9",,,,,,,,
"USW00003017","DENVER INTERNATIONAL AIRPORT, CO US","2024-12-25","7.61"," 1752","0.00","0.0","0.0","37","48","29","  280","  270","17.0","21.9",,,,,,,,
"USW00003017","DENVER INTERNATIONAL AIRPORT, CO US","2024-12-26","8.05"," 0939","0.00","0.0","0.0","36","49","22","  210","  180","14.1","17.0",,,,,,,,
"USW00003017","DENVER INTERNATIONAL AIRPORT, CO US","2024-12-27","11.41"," 1033","0.00","0.0","0.0","40","49","31","  290","  300","25.1","35.1",,,,,,,,
"USW00003017","DENVER INTERNATIONAL AIRPORT, CO US","2024-12-28","8.72"," 1854","0.00","0.0","0.0","38","51","24","  290","  290","25.9","36.0",,,,,,,,
"USW00003017","DENVER INTERNATIONAL AIRPORT, CO US","2024-12-29","10.96"," 0925","0.00","0.0","0.0","42","61","27","  160","  120","17.0","21.0",,,,,,,,
"USW00003017","DENVER INTERNATIONAL AIRPORT, CO US","2024-12-30","16.33"," 1154","0.00","0.0","0.0","43","49","18","  320","  310","33.1","46.1",,,,,,,,
"USW00003017","DENVER INTERNATIONAL AIRPORT, CO US","2024-12-31","8.28"," 1420","0.04","1.4","0.0","26","36","12","  100","   90","14.1","19.0",,,,,,,,
