"STATION","NAME","DATE","AWND","PGTM","PRCP","TAVG","TMAX","TMIN","WDF2","WDF5","WSF2","WSF5","WT01","WT02","WT03","WT08"
"USW00023174","LOS ANGELES INTERNATIONAL AIRPORT, CA US","2024-01-01","5.37",,"0.00","57","67","50","  280","  230","14.1","19.9","    1",,,"    1"
"USW00023174","LOS ANGELES INTERNATIONAL AIRPORT, CA US","2024-01-02","6.49",,"0.00","56","65","47","  260","  220","13.0","19.0",,,,
"USW00023174","LOS ANGELES INTERNATIONAL AIRPORT, CA US","2024-01-03","10.74",,"0.20","56","61","52","  270","  320","28.0","40.0","    1",,,
"USW00023174","LOS ANGELES INTERNATIONAL AIRPORT, CA US","2024-01-04","9.40",,"0.00","57","65","52","  360","  340","21.0","30.0",,,,
"USW00023174","LOS ANGELES INTERNATIONAL AIRPORT, CA US","2024-01-05","5.82",,"0.00","56","65","46","  280","  290","14.1","19.9",,,,
"USW00023174","LOS ANGELES INTERNATIONAL AIRPORT, CA US","2024-01-06","8.28",,"0.00","54","62","44","  270","  280","29.1","36.9",,,,
"USW00023174","LOS ANGELES INTERNATIONAL AIRPORT, CA US","2024-01-07","15.88",,"0.00","56","59","49","  290","  350","32.0","46.1","    1",,,
"USW00023174","LOS ANGELES INTERNATIONAL AIRPORT, CA US","2024-01-08","6.71",,"0.00","52","59","45","  360","  280","19.9","29.1",,,,
"USW00023174","LOS ANGELES INTERNATIONAL AIRPORT, CA US","2024-01-09","5.14",,"0.00","52","62","42","  270","  230","13.0","16.1",,,,
"USW00023174","LOS ANGELES INTERNATIONAL AIRPORT, CA US","2024-01-10","6.49",,"0.00","52","61","43","  280","  270","18.1","21.9",,,,
"USW00023174","LOS ANGELES INTERNATIONAL AIRPORT, CA US","2024-01-11","11.41",,"0.00","55","64","51","  270","  270","36.9","46.1",,,,
"USW00023174","LOS ANGELES INTERNATIONAL AIRPORT, CA US","2024-01-12","6.71",,"0.00","53","60","41","  260","  250","14.1","17.0",,,,
"USW00023174","LOS ANGELES INTERNATIONAL AIRPORT, CA US","2024-01-13","4.47",,"0.00","52","60","44","  250","  220","14.1","19.9",,,,
"USW00023174","LOS ANGELES INTERNATIONAL AIRPORT, CA US","2024-01-14","5.37",,"0.00","53","60","44","  270","  220","13.0","23.0",,,,
"USW00023174","LOS ANGELES INTERNATIONAL AIRPORT, CA US","2024-01-15","4.70",,"0.00","54","61","46","  270","  280","15.0","21.0","    1",,,"    1"
"USW00023174","LOS ANGELES INTERNATIONAL AIRPORT, CA US","2024-01-16","5.14",,"0.00","55","62","48","  260","  260","19.9","21.9","    1",,,"    1"
"USW00023174","LOS ANGELES INTERNATIONAL AIRPORT, CA US","2024-01-17","4.03",,"0.00","56","59","55","  240","  140","8.9","15.0","    1",,,"    1"
"USW00023174","LOS ANGELES INTERNATIONAL AIRPORT, CA US","2024-01-18","5.37",,"0.00","58","66","53","  250","  230","14.1","19.9","    1",,,"    1"
"USW00023174","LOS ANGELES INTERNATIONAL AIRPORT, CA US","2024-01-19","5.59",,"0.00","58","67","51","  280","  290","14.1","19.9","    1",,,"    1"
"USW00023174","LOS ANGELES INTERNATIONAL AIRPORT, CA US","2024-01-20","8.05",,"0.51","57","59","55","   90","   70","16.1","21.9","    1",,,
"USW00023174","LOS ANGELES INTERNATIONAL AIRPORT, CA US","2024-01-21","6.26",,"0.04","57","64","55","  100","  100","13.0","19.0","    1",,,
"USW00023174","LOS ANGELES INTERNATIONAL AIRPORT, CA US","2024-01-22","8.72",,"1.15","57","59","55","  100","   60","21.9","31.1","    1",,,
"USW00023174","LOS ANGELES INTERNATIONAL AIRPORT, CA US","2024-01-23","6.71",,"0.00","57","64","51","  310","  360","17.0","25.9","    1","    1",,
"USW00023174","LOS ANGELES INTERNATIONAL AIRPORT, CA US","2024-01-24","5.82",,"0.00","58","62","54","   90","  220","13.0","17.0",,,,
"USW00023174","LOS ANGELES INTERNATIONAL AIRPORT, CA US","2024-01-25","6.49",,"0.05","58","61","53","  260","  270","17.0","19.9","    1",,,
"USW00023174","LOS ANGELES INTERNATIONAL AIRPORT, CA US","2024-01-26","4.03",,"0.00","57","70","50","  260","  290","12.1","16.1",,,,
"USW00023174","LOS ANGELES INTERNATIONAL AIRPORT, CA US","2024-01-27","4.47",,"0.00","62","76","53","  280","  300","13.0","19.0",,,,
"USW00023174","LOS ANGELES INTERNATIONAL AIRPORT, CA US","2024-01-28","4.70",,"0.00","65","78","51","  270","  200","14.1","19.0",,,,
"USW00023174","LOS ANGELES INTERNATIONAL AIRPORT, CA US","2024-01-29","5.82",,"0.00","65","78","54","  270","  270","15.0","18.1",,,,
"USW00023174","LOS ANGELES INTERNATIONAL AIRPORT, CA US","2024-01-30","6.49",,"0.00","60","72","52","  270","  240","14.1","18.1",,,,
"USW00023174","LOS ANGELES INTERNATIONAL AIRPORT, CA US","2024-01-31","6.04",,"0.00","58","64","52","  100","  130","16.1","25.1","    1",,,"    1"
"USW00023174","LOS ANGELES INTERNATIONAL AIRPORT, CA US","2024-02-01","11.41",,"2.49","54","59","49","   90","   80","29.1","38.9","    1",,"    1",
"USW00023174","LOS ANGELES INTERNATIONAL AIRPORT, CA US","2024-02-02","14.09",,"0.01","55","60","50","  270","  270","30.0","36.0",,,,
"USW00023174","LOS ANGELES INTERNATIONAL AIRPORT, CA US","2024-02-03","6.49",,"0.09","54","58","48","   70","  250","13.0","19.9",,,,
"USW00023174","LOS ANGELES INTERNATIONAL AIRPORT, CA US","2024-02-04","13.42",,"1.76","54","58","50","  120","  170","23.9","36.9","    1",,,
"USW00023174","LOS ANGELES INTERNATIONAL AIRPORT, CA US","2024-02-05","7.38",,"2.57","56","57","53","  140","  150","18.1","27.1","    1",,,
"USW00023174","LOS ANGELES INTERNATIONAL AIRPORT, CA US","2024-02-06","4.92",,"1.08","53","54","48","   90","  140","13.0","19.9","    1",,,
"USW00023174","LOS ANGELES INTERNATIONAL AIRPORT, CA US","2024-02-07","12.08",,"0.18","51","59","45","  270","  210","30.0","38.0","    1",,,"    1"
"USW00023174","LOS ANGELES INTERNATIONAL AIRPORT, CA US","2024-02-08","11.63",,"0.00","53","58","46","  270","  280","25.9","35.1",,,,
"USW00023174","LOS ANGELES INTERNATIONAL AIRPORT, CA US","2024-02-09","9.17",,"0.01","53","60","47","  260","  340","21.0","25.1",,,,
"USW00023174","LOS ANGELES INTERNATIONAL AIRPORT, CA US","2024-02-10","8.05",,"0.00","55","67","50","  230","  310","16.1","25.9",,,,
"USW00023174","LOS ANGELES INTERNATIONAL AIRPORT, CA US","2024-02-11","6.04",,"0.00","54","63","44","  280","  290","15.0","21.0",,,,
"USW00023174","LOS ANGELES INTERNATIONAL AIRPORT, CA US","2024-02-12","6.71",,"0.00","54","65","45","  270","  270","17.0","19.9",,,,
"USW00023174","LOS ANGELES INTERNATIONAL AIRPORT, CA US","2024-02-13","6.49",,"0.00","54","64","44","  250","  220","16.1","23.0",,,,
"USW00023174","LOS ANGELES INTERNATIONAL AIRPORT, CA US","2024-02-14","6.71",,"0.00","56","61","50","  270","  280","16.1","19.0",,,,
"USW00023174","LOS ANGELES INTERNATIONAL AIRPORT, CA US","2024-02-15","7.61",,"0.00","55","62","48","  260","  280","19.9","27.1",,,,
"USW00023174","LOS ANGELES INTERNATIONAL AIRPORT, CA US","2024-02-16","6.26",,"0.00","58","63","54","  270","  270","16.1","21.0","    1",,,"    1"
"USW00023174","LOS ANGELES INTERNATIONAL AIRPORT, CA US","2024-02-17","6.04",,"0.01","56","61","54","  260","  220","16.1","19.0","    1",,,"    1"
"USW00023174","LOS ANGELES INTERNATIONAL AIRPORT, CA US","2024-02-18","4.70",,"0.00","58","63","55","  250","  290","13.0","17.0",,,,
"USW00023174","LOS ANGELES INTERNATIONAL AIRPORT, CA US","2024-02-19","9.17",,"0.96","58","58","55","   90","  120","18.1","28.0","    1",,,
"USW00023174","LOS ANGELES INTERNATIONAL AIRPORT, CA US","2024-02-20","8.05",,"0.56","56","59","54","   90","   90","17.0","23.0","    1",,,
"USW00023174","LOS ANGELES INTERNATIONAL AIRPORT, CA US","2024-02-21","7.83",,"0.25","57","62","53","  270","  270","17.0","21.9","    1",,,
"USW00023174","LOS ANGELES INTERNATIONAL AIRPORT, CA US","2024-02-22","6.71",,"0.00","57","63","51","  270","  240","16.1","23.0","    1",,,"    1"
"USW00023174","LOS ANGELES INTERNATIONAL AIRPORT, CA US","2024-02-23","5.14",,"0.00","60","76","52","  270","  270","15.0","18.1",,,,
"USW00023174","LOS ANGELES INTERNATIONAL AIRPORT, CA US","2024-02-24","5.82",,"0.00","63","76","55","  280","  280","19.9","25.1",,,,
"USW00023174","LOS ANGELES INTERNATIONAL AIRPORT, CA US","2024-02-25","6.26",,"0.00","59","64","55","  260","  250","16.1","19.9","    1",,,
"USW00023174","LOS ANGELES INTERNATIONAL AIRPORT, CA US","2024-02-26","4.92",,"0.05","57","63","53","  240","  240","17.0","25.1","    1",,,"    1"
"USW00023174","LOS ANGELES INTERNATIONAL AIRPORT, CA US","2024-02-27","5.14",,"0.00","57","62","53","  260","  280","15.0","21.9","    1",,,
"USW00023174","LOS ANGELES INTERNATIONAL AIRPORT, CA US","2024-02-28","6.04",,"0.00","57","64","50","  260","  270","16.1","21.0",,,,
"USW00023174","LOS ANGELES INTERNATIONAL AIRPORT, CA US","2024-02-29","7.83",,"0.00","58","61","56","  270","  270","16.1","21.0",,,,
"USW00023174","LOS ANGELES INTERNATIONAL AIRPORT, CA US","2024-03-01","8.72",,"0.01","57","62","54","  200","  200","19.9","35.1","    1",,,
"USW00023174","LOS ANGELES INTERNATIONAL AIRPORT, CA US","2024-03-02","12.30",,"0.23","58","60","52","  250","  260","23.9","33.1","    1",,,"    1"
"USW00023174","LOS ANGELES INTERNATIONAL AIRPORT, CA US","2024-03-03","10.74",,"0.07","55","61","49","  270","  260","25.9","32.0","    1",,,
"USW00023174","LOS ANGELES INTERNATIONAL AIRPORT, CA US","2024-03-04","5.37",,"0.00","55","63","46","  240","  250","16.1","23.0",,,,
"USW00023174","LOS ANGELES INTERNATIONAL AIRPORT, CA US","2024-03-05","7.38",,"0.00","56","62","47","  260","  230","15.0","21.9",,,,
"USW00023174","LOS ANGELES INTERNATIONAL AIRPORT, CA US","2024-03-06","7.38",,"0.67","55","61","50","  110","  130","18.1","28.0","    1",,,
"USW00023174","LOS ANGELES INTERNATIONAL AIRPORT, CA US","2024-03-07","8.05",,"0.03","55","62","48","  270","  280","21.9","27.1",,,"    1",
"USW00023174","LOS ANGELES INTERNATIONAL AIRPORT, CA US","2024-03-08","7.61",,"0.00","56","69","49","  260","  260","21.9","29.1",,,,
"USW00023174","LOS ANGELES INTERNATIONAL AIRPORT, CA US","2024-03-09","6.26",,"0.00","57","66","48","  280","  250","17.0","23.0",,,,"    1"
"USW00023174","LOS ANGELES INTERNATIONAL AIRPORT, CA US","2024-03-10","6.93",,"0.00","57","64","49","  260","  250","17.0","21.9","    1",,,
"USW00023174","LOS ANGELES INTERNATIONAL AIRPORT, CA US","2024-03-11","9.17",,"0.00","56","62","49","  240","  230","17.0","25.9",,,,
"USW00023174","LOS ANGELES INTERNATIONAL AIRPORT, CA US","2024-03-12","7.83",,"0.00","57","62","52","  260","  240","18.1","25.1",,,,
"USW00023174","LOS ANGELES INTERNATIONAL AIRPORT, CA US","2024-03-13","9.84",,"0.00","60","66","54","  270","  330","21.0","31.1",,,,
"USW00023174","LOS ANGELES INTERNATIONAL AIRPORT, CA US","2024-03-14","9.62",,"0.00","61","70","52","   20","   10","25.9","36.0",,,,
"USW00023174","LOS ANGELES INTERNATIONAL AIRPORT, CA US","2024-03-15","7.38",,"0.00","62","69","55","  250","  150","17.0","25.1",,,,
"USW00023174","LOS ANGELES INTERNATIONAL AIRPORT, CA US","2024-03-16","9.17",,"0.00","59","66","52","  240","  230","19.9","27.1",,,,
"USW00023174","LOS ANGELES INTERNATIONAL AIRPORT, CA US","2024-03-17","7.61",,"0.00","57","66","50","  250","  260","18.1","23.9",,,,
"USW00023174","LOS ANGELES INTERNATIONAL AIRPORT, CA US","2024-03-18","6.04",,"0.00","59","69","51","  240","  200","17.0","25.1",,,"    1",
"USW00023174","LOS ANGELES INTERNATIONAL AIRPORT, CA US","2024-03-19","6.26",,"0.00","61","68","54","  260","  230","15.0","19.9",,,,
"USW00023174","LOS ANGELES INTERNATIONAL AIRPORT, CA US","2024-03-20","6.04",,"0.00","58","65","54","  250","  250","15.0","21.0","    1","    1",,"    1"
"USW00023174","LOS ANGELES INTERNATIONAL AIRPORT, CA US","2024-03-21","5.82",,"0.00","59","65","56","  250","  270","15.0","21.9","    1",,,"    1"
"USW00023174","LOS ANGELES INTERNATIONAL AIRPORT, CA US","2024-03-22","6.93",,"0.00","58","65","53","  250","  260","15.0","19.9","    1",,,"    1"
"USW00023174","LOS ANGELES INTERNATIONAL AIRPORT, CA US","2024-03-23","17.67",,"0.18","59","62","53","  270","  260","38.0","48.1","    1",,,
"USW00023174","LOS ANGELES INTERNATIONAL AIRPORT, CA US","2024-03-24","12.75",,"0.07","56","62","50","  260","  260","38.0","47.0",,,"    1",
"USW00023174","LOS ANGELES INTERNATIONAL AIRPORT, CA US","2024-03-25","9.62",,"0.00","56","64","48","  260","  280","21.9","28.0",,,,
"USW00023174","LOS ANGELES INTERNATIONAL AIRPORT, CA US","2024-03-26","7.83",,"0.00","56","63","50","  260","  260","17.0","25.1",,,,
"USW00023174","LOS ANGELES INTERNATIONAL AIRPORT, CA US","2024-03-27","6.71",,"0.00","57","64","50","  260","  230","16.1","21.9",,,,
"USW00023174","LOS ANGELES INTERNATIONAL AIRPORT, CA US","2024-03-28","9.17",,"0.00","56","62","52","  250","  230","21.0","27.1",,,,
"USW00023174","LOS ANGELES INTERNATIONAL AIRPORT, CA US","2024-03-29","9.40",,"0.14","56","62","51","  130","  150","19.9","31.1","    1",,,
"USW00023174","LOS ANGELES INTERNATIONAL AIRPORT, CA US","2024-03-30","10.29",,"1.87","54","56","50","   90","  200","21.9","29.1","    1",,"    1",
"USW00023174","LOS ANGELES INTERNATIONAL AIRPORT, CA US","2024-03-31","11.18",,"0.01","54","62","49","  100","  120","21.0","36.0",,,,
"USW00023174","LOS ANGELES INTERNATIONAL AIRPORT, CA US","2024-04-01","8.72",,"0.00","57","63","52","  260","  270","23.0","31.1",,,,
"USW00023174","LOS ANGELES INTERNATIONAL AIRPORT, CA US","2024-04-02","8.05",,"0.00","59","68","50","  250","  260","16.1","21.0",,,"    1",
"USW00023174","LOS ANGELES INTERNATIONAL AIRPORT, CA US","2024-04-03","7.38",,"0.00","60","67","54","  260","  260","18.1","23.0",,,,
"USW00023174","LOS ANGELES INTERNATIONAL AIRPORT, CA US","2024-04-04","12.08",,"0.00","57","61","51","  280","  270","28.0","34.0",,,,
"USW00023174","LOS ANGELES INTERNATIONAL AIRPORT, CA US","2024-04-05","14.09",,"0.08","52","58","45","  270","  270","36.9","45.0",,,,
"USW00023174","LOS ANGELES INTERNATIONAL AIRPORT, CA US","2024-04-06","8.05",,"0.00","53","62","43","  270","  260","18.1","23.0",,,,
"USW00023174","LOS ANGELES INTERNATIONAL AIRPORT, CA US","2024-04-07","6.93",,"0.00","54","62","45","  250","  240","17.0","25.9",,,,
"USW00023174","LOS ANGELES INTERNATIONAL AIRPORT, CA US","2024-04-08","8.72",,"0.00","56","68","47","  260","  260","30.0","36.9",,,,
"USW00023174","LOS ANGELES INTERNATIONAL AIRPORT, CA US","2024-04-09","7.61",,"0.00","64","78","52","  270","  270","23.9","31.1",,,,
"USW00023174","LOS ANGELES INTERNATIONAL AIRPORT, CA US","2024-04-10","7.61",,"0.00","64","74","54","  270","  250","14.1","19.0",,,,
"USW00023174","LOS ANGELES INTERNATIONAL AIRPORT, CA US","2024-04-11","6.93",,"0.00","58","64","53","  240","  240","16.1","23.9","    1","    1",,"    1"
"USW00023174","LOS ANGELES INTERNATIONAL AIRPORT, CA US","2024-04-12","6.26",,"0.00","56","61","54","  180","  150","10.1","21.0","    1",,,
"USW00023174","LOS ANGELES INTERNATIONAL AIRPORT, CA US","2024-04-13","11.63",,"0.06","59","63","48","  280","  200","23.9","42.9","    1",,,"    1"
"USW00023174","LOS ANGELES INTERNATIONAL AIRPORT, CA US","2024-04-14","8.28",,"0.38","51","61","47","  240","  190","19.9","27.1","    1",,,"    1"
"USW00023174","LOS ANGELES INTERNATIONAL AIRPORT, CA US","2024-04-15","7.16",,"0.00","55","62","47","  270","  270","18.1","23.9","    1",,,"    1"
"USW00023174","LOS ANGELES INTERNATIONAL AIRPORT, CA US","2024-04-16","6.71",,"0.00","59","72","51","  260",,"18.1",,"    1",,,
"USW00023174","LOS ANGELES INTERNATIONAL AIRPORT, CA US","2024-04-17","6.26",,"0.00","59","65","52","  270","  280","15.0","19.9","    1",,,"    1"
"USW00023174","LOS ANGELES INTERNATIONAL AIRPORT, CA US","2024-04-18","7.61",,"0.00","58","69","53","  230","  220","21.9","29.1","    1",,,"    1"
"USW00023174","LOS ANGELES INTERNATIONAL AIRPORT, CA US","2024-04-19","8.05",,"0.00","59","65","55","  260","  280","17.0","23.0",,,,
"USW00023174","LOS ANGELES INTERNATIONAL AIRPORT, CA US","2024-04-20","8.05",,"0.00","59","65","56","  250","  270","17.0","29.1",,,,
"USW00023174","LOS ANGELES INTERNATIONAL AIRPORT, CA US","2024-04-21","7.38",,"0.00","58","63","55","  270","  290","17.0","23.0","    1",,,"    1"
"USW00023174","LOS ANGELES INTERNATIONAL AIRPORT, CA US","2024-04-22","5.82",,"0.00","58","61","57","  250","  250","14.1","19.9","    1",,,"    1"
"USW00023174","LOS ANGELES INTERNATIONAL AIRPORT, CA US","2024-04-23","9.84",,"0.00","59","65","56","  260","  280","17.0","25.9",,,,
"USW00023174","LOS ANGELES INTERNATIONAL AIRPORT, CA US","2024-04-24","10.96",,"0.00","59","64","56","  260","  270","21.9","27.1",,,,
"USW00023174","LOS ANGELES INTERNATIONAL AIRPORT, CA US","2024-04-25","10.51",,"0.00","59","65","54","  260","  250","17.0","23.0",,,,
"USW00023174","LOS ANGELES INTERNATIONAL AIRPORT, CA US","2024-04-26","11.41",,"0.00","60","66","55","  260","  260","35.1","42.1",,,,"    1"
"USW00023174","LOS ANGELES INTERNATIONAL AIRPORT, CA US","2024-04-27","7.38",,"0.00","60","67","53","  270","  240","16.1","23.9",,,,"    1"
"USW00023174","LOS ANGELES INTERNATIONAL AIRPORT, CA US","2024-04-28","6.93",,"0.00","60","68","52","  260","  250","16.1","25.1",,,,
"USW00023174","LOS ANGELES INTERNATIONAL AIRPORT, CA US","2024-04-29","6.26",,"0.00","61","67","56","  250","  250","15.0","21.9","    1",,,
"USW00023174","LOS ANGELES INTERNATIONAL AIRPORT, CA US","2024-04-30","8.05",,"0.00","62","69","55","  250","  240","18.1","25.1",,,,
"USW00023174","LOS ANGELES INTERNATIONAL AIRPORT, CA US","2024-05-01","7.83",,"0.00","62","68","58","  250","  280","17.0","25.1",,,,
"USW00023174","LOS ANGELES INTERNATIONAL AIRPORT, CA US","2024-05-02","6.71",,"0.00","61","69","56","  250","  260","16.1","25.9","    1",,,
"USW00023174","LOS ANGELES INTERNATIONAL AIRPORT, CA US","2024-05-03","8.28",,"0.00","62","68","58","  260","  260","17.0","21.9",,,,
"USW00023174","LOS ANGELES INTERNATIONAL AIRPORT, CA US","2024-05-04","10.07",,"0.02","60","65","56","  280","  260","21.0","27.1","    1",,,
"USW00023174","LOS ANGELES INTERNATIONAL AIRPORT, CA US","2024-05-05","15.43",,"0.10","58","66","53","  260","  280","33.1","40.0","    1",,,
"USW00023174","LOS ANGELES INTERNATIONAL AIRPORT, CA US","2024-05-06","7.61",,"0.00","60","66","52","  250","  220","15.0","25.1",,,,
"USW00023174","LOS ANGELES INTERNATIONAL AIRPORT, CA US","2024-05-07","5.59",,"0.00","60","68","54","  230","  230","14.1","25.9",,,,
"USW00023174","LOS ANGELES INTERNATIONAL AIRPORT, CA US","2024-05-08","6.71",,"0.00","61","67","55","  260","  240","16.1","23.0",,,,
"USW00023174","LOS ANGELES INTERNATIONAL AIRPORT, CA US","2024-05-09","8.50",,"0.00","62","70","58","  250","  250","19.9","28.0",,,,
"USW00023174","LOS ANGELES INTERNATIONAL AIRPORT, CA US","2024-05-10","8.05",,"0.00","60","63","56","  260","  240","18.1","28.0",,,,
"USW00023174","LOS ANGELES INTERNATIONAL AIRPORT, CA US","2024-05-11","7.16",,"0.00","59","63","56","  240","  240","13.0","23.0",,,,
"USW00023174","LOS ANGELES INTERNATIONAL AIRPORT, CA US","2024-05-12","7.61",,"0.00","60","67","57","  260","  260","15.0","25.1",,,,
"USW00023174","LOS ANGELES INTERNATIONAL AIRPORT, CA US","2024-05-13","6.71",,"0.00","59","65","56","  250","  260","15.0","23.0","    1",,,"    1"
"USW00023174","LOS ANGELES INTERNATIONAL AIRPORT, CA US","2024-05-14","7.61",,"0.00","61","66","57","  250","  240","17.0","27.1",,,,
"USW00023174","LOS ANGELES INTERNATIONAL AIRPORT, CA US","2024-05-15","7.38",,"0.00","60","65","58","  270","  260","14.1","18.1",,,,
"USW00023174","LOS ANGELES INTERNATIONAL AIRPORT, CA US","2024-05-16","9.17",,"0.00","61","67","57","  250","  270","16.1","23.0",,,,
"USW00023174","LOS ANGELES INTERNATIONAL AIRPORT, CA US","2024-05-17","9.17",,"0.00","60","66","58","  260","  290","17.0","25.1",,,,
"USW00023174","LOS ANGELES INTERNATIONAL AIRPORT, CA US","2024-05-18","9.40",,"0.00","60","66","57","  270","  260","18.1","23.9",,,,
"USW00023174","LOS ANGELES INTERNATIONAL AIRPORT, CA US","2024-05-19","9.84",,"0.00","61","67","57","  260","  250","17.0","25.9",,,,
"USW00023174","LOS ANGELES INTERNATIONAL AIRPORT, CA US","2024-05-20","9.62",,"0.00","60","65","57","  260","  270","21.9","28.0",,,,
"USW00023174","LOS ANGELES INTERNATIONAL AIRPORT, CA US","2024-05-21","10.07",,"0.00","60","66","55","  280","  280","18.1","25.1",,,,
"USW00023174","LOS ANGELES INTERNATIONAL AIRPORT, CA US","2024-05-22","7.16",,"0.00","60","67","57","  260",,"16.1",,"    1",,,
"USW00023174","LOS ANGELES INTERNATIONAL AIRPORT, CA US","2024-05-23","7.61",,"0.00","61","65","58","  250","  250","14.1","19.9",,,,
"USW00023174","LOS ANGELES INTERNATIONAL AIRPORT, CA US","2024-05-24","10.51",,"0.00","60","66","56","  260","  290","19.9","30.0","    1",,,
"USW00023174","LOS ANGELES INTERNATIONAL AIRPORT, CA US","2024-05-25","8.50",,"0.00","60","66","55","  270","  240","17.0","25.1",,,,
"USW00023174","LOS ANGELES INTERNATIONAL AIRPORT, CA US","2024-05-26","7.61",,"0.00","60","67","57","  270","  250","17.0","23.9",,,,
"USW00023174","LOS ANGELES INTERNATIONAL AIRPORT, CA US","2024-05-27","8.05",,"0.00","60","67","56","  270","  270","16.1","23.0",,,,
"USW00023174","LOS ANGELES INTERNATIONAL AIRPORT, CA US","2024-05-28","6.26",,"0.00","59","65","56","  270","  250","14.1","16.1","    1",,,"    1"
"USW00023174","LOS ANGELES INTERNATIONAL AIRPORT, CA US","2024-05-29","7.16",,"0.00","60","67","58","  260",,"14.1",,,,,
"USW00023174","LOS ANGELES INTERNATIONAL AIRPORT, CA US","2024-05-30","7.61",,"0.00","61","68","58","  260","  240","15.0","23.0","    1",,,"    1"
"USW00023174","LOS ANGELES INTERNATIONAL AIRPORT, CA US","2024-05-31","7.61",,"0.00","61","67","58","  270","  270","16.1","23.0","    1",,,"    1"
"USW00023174","LOS ANGELES INTERNATIONAL AIRPORT, CA US","2024-06-01","7.83",,"0.00","61","67","58","  270","  250","19.9","25.1","    1",,,
"USW00023174","LOS ANGELES INTERNATIONAL AIRPORT, CA US","2024-06-02","8.28",,"0.00","62","68","58","  260","  290","15.0","21.9",,,,
"USW00023174","LOS ANGELES INTERNATIONAL AIRPORT, CA US","2024-06-03","6.71",,"0.00","62","68","58","  260","  270","14.1","23.0",,,,
"USW00023174","LOS ANGELES INTERNATIONAL AIRPORT, CA US","2024-06-04","5.82",,"0.00","64","70","61","  230","  230","15.0","21.9",,,,
"USW00023174","LOS ANGELES INTERNATIONAL AIRPORT, CA US","2024-06-05","6.71",,"0.00","64","70","62","  230","  230","15.0","23.9","    1",,,"    1"
"USW00023174","LOS ANGELES INTERNATIONAL AIRPORT, CA US","2024-06-06","6.93",,"0.00","63","67","58","  260","  290","14.1","21.0","    1",,,"    1"
"USW00023174","LOS ANGELES INTERNATIONAL AIRPORT, CA US","2024-06-07","6.26",,"0.00","62","69","58","  240","  250","15.0","21.9","    1",,,
"USW00023174","LOS ANGELES INTERNATIONAL AIRPORT, CA US","2024-06-08","7.83",,"0.00","64","69","61","  260",,"14.1",,,,,
"USW00023174","LOS ANGELES INTERNATIONAL AIRPORT, CA US","2024-06-09","8.50",,"0.00","63","70","60","  260",,"17.0",,,,,
"USW00023174","LOS ANGELES INTERNATIONAL AIRPORT, CA US","2024-06-10","8.05",,"0.00","63","70","58","  270","  260","17.0","23.9","    1",,,
"USW00023174","LOS ANGELES INTERNATIONAL AIRPORT, CA US","2024-06-11","6.26",,"0.00","61","65","58","  260","  240","13.0","21.0","    1",,,"    1"
"USW00023174","LOS ANGELES INTERNATIONAL AIRPORT, CA US","2024-06-12","8.28",,"0.00","63","70","60","  260","  270","16.1","23.9","    1",,,
"USW00023174","LOS ANGELES INTERNATIONAL AIRPORT, CA US","2024-06-13","9.84",,"0.00","63","69","59","  260","  260","21.0","28.0","    1",,,
"USW00023174","LOS ANGELES INTERNATIONAL AIRPORT, CA US","2024-06-14","7.61",,"0.00","64","72","60","  250","  270","16.1","23.0",,,,"    1"
"USW00023174","LOS ANGELES INTERNATIONAL AIRPORT, CA US","2024-06-15","6.49",,"0.00","65","73","60","  270","  230","16.1","25.1","    1",,,"    1"
"USW00023174","LOS ANGELES INTERNATIONAL AIRPORT, CA US","2024-06-16","6.71",,"0.00","67","72","61","  250","  260","14.1","23.0","    1",,,"    1"
"USW00023174","LOS ANGELES INTERNATIONAL AIRPORT, CA US","2024-06-17","8.05",,"0.00","66","72","63","  270","  250","16.1","25.9",,,,
"USW00023174","LOS ANGELES INTERNATIONAL AIRPORT, CA US","2024-06-18","7.38",,"0.00","66","73","63","  270","  240","16.1","23.9",,,,
"USW00023174","LOS ANGELES INTERNATIONAL AIRPORT, CA US","2024-06-19","9.17",,"0.00","66","73","61","  270","  250","16.1","23.9",,,,
"USW00023174","LOS ANGELES INTERNATIONAL AIRPORT, CA US","2024-06-20","7.16",,"0.00","65","71","60","  270","  250","15.0","21.0",,,,"    1"
"USW00023174","LOS ANGELES INTERNATIONAL AIRPORT, CA US","2024-06-21","8.05",,"0.00","65","72","60","  260","  240","16.1","23.0",,,,
"USW00023174","LOS ANGELES INTERNATIONAL AIRPORT, CA US","2024-06-22","8.05",,"0.00","66","73","61","  280","  250","15.0","21.9","    1",,,
"USW00023174","LOS ANGELES INTERNATIONAL AIRPORT, CA US","2024-06-23","7.38",,"0.00","68","79","60","  260","  200","16.1","21.0","    1",,,
"USW00023174","LOS ANGELES INTERNATIONAL AIRPORT, CA US","2024-06-24","8.50",,"0.00","72","81","66","  270","  260","19.9","27.1",,,,
"USW00023174","LOS ANGELES INTERNATIONAL AIRPORT, CA US","2024-06-25","9.17",,"0.00","69","76","63","  260","  240","17.0","27.1",,,,
"USW00023174","LOS ANGELES INTERNATIONAL AIRPORT, CA US","2024-06-26","7.61",,"0.00","67","72","63","  240","  260","15.0","21.0",,,,
"USW00023174","LOS ANGELES INTERNATIONAL AIRPORT, CA US","2024-06-27","7.61",,"0.00","68","76","64","  260","  250","17.0","23.0",,,,"    1"
"USW00023174","LOS ANGELES INTERNATIONAL AIRPORT, CA US","2024-06-28","8.72",,"0.00","68","74","61","  260","  220","16.1","23.9",,,,
"USW00023174","LOS ANGELES INTERNATIONAL AIRPORT, CA US","2024-06-29","8.50",,"0.00","66","72","58","  270","  240","18.1","25.9","    1",,,
"USW00023174","LOS ANGELES INTERNATIONAL AIRPORT, CA US","2024-06-30","6.93",,"0.00","63","70","59","  270","  240","16.1","23.9","    1",,,"    1"
"USW00023174","LOS ANGELES INTERNATIONAL AIRPORT, CA US","2024-07-01","7.38",,"0.00","66","74","61","  260","  270","15.0","25.1","    1",,,
"USW00023174","LOS ANGELES INTERNATIONAL AIRPORT, CA US","2024-07-02","7.61",,"0.00","67","74","61","  270","  230","16.1","23.9","    1","    1",,"    1"
"USW00023174","LOS ANGELES INTERNATIONAL AIRPORT, CA US","2024-07-03","8.50",,"0.00","64","70","60","  260","  260","18.1","28.0","    1","    1",,"    1"
"USW00023174","LOS ANGELES INTERNATIONAL AIRPORT, CA US","2024-07-04","8.28",,"0.00","65","71","62","  280","  270","16.1","23.0","    1",,,
"USW00023174","LOS ANGELES INTERNATIONAL AIRPORT, CA US","2024-07-05","6.26",,"0.00","66","73","63","  270","  250","15.0","21.9","    1",,,"    1"
"USW00023174","LOS ANGELES INTERNATIONAL AIRPORT, CA US","2024-07-06","6.49",,"0.00","70","80","66","  260","  170","13.0","19.0","    1",,,
"USW00023174","LOS ANGELES INTERNATIONAL AIRPORT, CA US","2024-07-07","8.05",,"0.00","70","75","62","  270","  240","14.1","23.0","    1","    1",,
"USW00023174","LOS ANGELES INTERNATIONAL AIRPORT, CA US","2024-07-08","7.16",,"0.00","66","72","61","  260","  270","13.0","19.9","    1","    1",,"    1"
"USW00023174","LOS ANGELES INTERNATIONAL AIRPORT, CA US","2024-07-09","6.71",,"0.00","66","74","62","  230","  230","15.0","23.0","    1","    1",,"    1"
"USW00023174","LOS ANGELES INTERNATIONAL AIRPORT, CA US","2024-07-10","7.61",,"0.00","67","75","63","  240","  250","15.0","21.9","    1",,,"    1"
"USW00023174","LOS ANGELES INTERNATIONAL AIRPORT, CA US","2024-07-11","8.05",,"0.00","68","76","62","  280","  260","17.0","21.9","    1","    1",,"    1"
"USW00023174","LOS ANGELES INTERNATIONAL AIRPORT, CA US","2024-07-12","7.61",,"0.00","66","71","63","  260","  290","19.9","25.1","    1","    1",,"    1"
"USW00023174","LOS ANGELES INTERNATIONAL AIRPORT, CA US","2024-07-13","6.93",,"0.00","67","74","64","  260","  250","21.0","27.1","    1",,,"    1"
"USW00023174","LOS ANGELES INTERNATIONAL AIRPORT, CA US","2024-07-14","8.72",,"0.00","68","75","64","  260","  240","17.0","25.1","    1",,,"    1"
"USW00023174","LOS ANGELES INTERNATIONAL AIRPORT, CA US","2024-07-15","9.17",,"0.00","67","73","64","  260","  230","21.0","28.0",,,,
"USW00023174","LOS ANGELES INTERNATIONAL AIRPORT, CA US","2024-07-16","9.17",,"0.00","69","76","64","  260","  250","18.1","25.9",,,,
"USW00023174","LOS ANGELES INTERNATIONAL AIRPORT, CA US","2024-07-17","6.93",,"0.00","69","76","65","  260","  250","18.1","23.9",,,,
"USW00023174","LOS ANGELES INTERNATIONAL AIRPORT, CA US","2024-07-18","8.50",,"0.00","69","74","63","  260","  260","18.1","25.9","    1",,,"    1"
"USW00023174","LOS ANGELES INTERNATIONAL AIRPORT, CA US","2024-07-19","6.93",,"0.00","68","75","62","  260","  260","15.0","21.9","    1",,,"    1"
"USW00023174","LOS ANGELES INTERNATIONAL AIRPORT, CA US","2024-07-20","8.28",,"0.00","65","72","62","  260","  280","17.0","23.9","    1",,,
"USW00023174","LOS ANGELES INTERNATIONAL AIRPORT, CA US","2024-07-21","7.61",,"0.00","69","77","65","  260","  240","16.1","21.9",,,,
"USW00023174","LOS ANGELES INTERNATIONAL AIRPORT, CA US","2024-07-22","8.28",,"0.00","70","76","65","  280","  280","19.9","25.1",,,,
"USW00023174","LOS ANGELES INTERNATIONAL AIRPORT, CA US","2024-07-23","8.28",,"0.00","69","75","65","  270","  260","16.1","21.0",,,,
"USW00023174","LOS ANGELES INTERNATIONAL AIRPORT, CA US","2024-07-24","10.29",,"0.00","68","75","63","  260","  220","17.0","25.9",,,,
"USW00023174","LOS ANGELES INTERNATIONAL AIRPORT, CA US","2024-07-25","8.72",,"0.00","69","76","63","  260","  290","17.0","23.9","    1","    1",,"    1"
"USW00023174","LOS ANGELES INTERNATIONAL AIRPORT, CA US","2024-07-26","8.50",,"0.00","67","72","61","  270","  260","16.1","21.0","    1","    1",,
"USW00023174","LOS ANGELES INTERNATIONAL AIRPORT, CA US","2024-07-27","8.05",,"0.00","67","73","62","  270","  270","18.1","23.9","    1",,,"    1"
"USW00023174","LOS ANGELES INTERNATIONAL AIRPORT, CA US","2024-07-28","8.28",,"0.00","67","74","62","  250","  280","15.0","25.1",,,,
"USW00023174","LOS ANGELES INTERNATIONAL AIRPORT, CA US","2024-07-29","8.50",,"0.00","65","72","60","  250","  270","16.1","23.0",,,,
"USW00023174","LOS ANGELES INTERNATIONAL AIRPORT, CA US","2024-07-30","8.05",,"0.00","65","71","60","  280","  280","16.1","23.9","    1",,,"    1"
"USW00023174","LOS ANGELES INTERNATIONAL AIRPORT, CA US","2024-07-31","7.83",,"0.00","65","71","60","  270","  280","16.1","21.9","    1",,,"    1"
"USW00023174","LOS ANGELES INTERNATIONAL AIRPORT, CA US","2024-08-01","6.93",,"0.00","65","71","61","  260","  290","15.0","21.9","    1",,,"    1"
"USW00023174","LOS ANGELES INTERNATIONAL AIRPORT, CA US","2024-08-02","7.83",,"0.00","67","76","64","  270","  290","15.0","21.9","    1",,,"    1"
"USW00023174","LOS ANGELES INTERNATIONAL AIRPORT, CA US","2024-08-03","8.50",,"0.00","68","75","63","  270","  260","19.9","25.9",,,,
"USW00023174","LOS ANGELES INTERNATIONAL AIRPORT, CA US","2024-08-04","8.05",,"0.00","67","73","62","  260","  240","19.9","23.0","    1",,,
"USW00023174","LOS ANGELES INTERNATIONAL AIRPORT, CA US","2024-08-05","7.38",,"0.00","69","77","63","  270","  240","17.0","23.0",,,,
"USW00023174","LOS ANGELES INTERNATIONAL AIRPORT, CA US","2024-08-06","5.82",,"0.00","71","80","65","  280","  260","16.1","21.0",,,,
"USW00023174","LOS ANGELES INTERNATIONAL AIRPORT, CA US","2024-08-07","6.49",,"0.00","72","82","66","  260","  150","14.1","21.9","    1",,,"    1"
"USW00023174","LOS ANGELES INTERNATIONAL AIRPORT, CA US","2024-08-08","8.05",,"0.00","70","77","63","  270","  270","16.1","23.0","    1",,,
"USW00023174","LOS ANGELES INTERNATIONAL AIRPORT, CA US","2024-08-09","7.61",,"0.00","68","75","63","  280","  250","19.9","25.9","    1",,,"    1"
"USW00023174","LOS ANGELES INTERNATIONAL AIRPORT, CA US","2024-08-10","6.71",,"0.00","68","80","64","  270","  260","16.1","21.9",,,,
"USW00023174","LOS ANGELES INTERNATIONAL AIRPORT, CA US","2024-08-11","6.71",,"0.00","71","78","66","  270","  270","14.1","19.0",,,,
"USW00023174","LOS ANGELES INTERNATIONAL AIRPORT, CA US","2024-08-12","8.95",,"0.00","70","76","66","  260","  220","16.1","21.9",,,,
"USW00023174","LOS ANGELES INTERNATIONAL AIRPORT, CA US","2024-08-13","6.04",,"0.00","70","78","65","  280","  250","17.0","23.0","    1",,,"    1"
"USW00023174","LOS ANGELES INTERNATIONAL AIRPORT, CA US","2024-08-14","6.93",,"0.00","71","77","65","  260","  260","16.1","23.0",,,,
"USW00023174","LOS ANGELES INTERNATIONAL AIRPORT, CA US","2024-08-15","6.04",,"0.00","71","78","65","  260","  260","14.1","19.9",,,,
"USW00023174","LOS ANGELES INTERNATIONAL AIRPORT, CA US","2024-08-16","7.61",,"0.00","73","82","67","  260","  250","18.1","25.1","    1",,,"    1"
"USW00023174","LOS ANGELES INTERNATIONAL AIRPORT, CA US","2024-08-17","7.83",,"0.00","71","77","67","  240","  240","16.1","23.0",,,,
"USW00023174","LOS ANGELES INTERNATIONAL AIRPORT, CA US","2024-08-18","7.16",,"0.00","70","76","66","  270","  260","17.0","23.0",,,,
"USW00023174","LOS ANGELES INTERNATIONAL AIRPORT, CA US","2024-08-19","6.93",,"0.00","71","79","65","  250","  270","17.0","23.9",,,,
"USW00023174","LOS ANGELES INTERNATIONAL AIRPORT, CA US","2024-08-20","6.93",,"0.00","73","82","66","  270","  270","15.0","23.9",,,,
"USW00023174","LOS ANGELES INTERNATIONAL AIRPORT, CA US","2024-08-21","7.16",,"0.00","73","84","65","  260","  260","18.1","23.0",,,,
"USW00023174","LOS ANGELES INTERNATIONAL AIRPORT, CA US","2024-08-22","7.61",,"0.00","72","77","66","  250","  250","17.0","23.9",,,,
"USW00023174","LOS ANGELES INTERNATIONAL AIRPORT, CA US","2024-08-23","7.83",,"0.00","69","77","63","  270","  280","19.9","25.9",,,,
"USW00023174","LOS ANGELES INTERNATIONAL AIRPORT, CA US","2024-08-24","8.05",,"0.00","68","76","61","  270","  220","18.1","29.1",,,,
"USW00023174","LOS ANGELES INTERNATIONAL AIRPORT, CA US","2024-08-25","8.05",,"0.00","69","78","63","  260","  260","17.0","25.1",,,,
"USW00023174","LOS ANGELES INTERNATIONAL AIRPORT, CA US","2024-08-26","6.93",,"0.00","70","79","64","  250","  220","16.1","23.0",,,,
"USW00023174","LOS ANGELES INTERNATIONAL AIRPORT, CA US","2024-08-27","8.50",,"0.00","69","73","63","  270","  260","15.0","21.9","    1",,,"    1"
"USW00023174","LOS ANGELES INTERNATIONAL AIRPORT, CA US","2024-08-28","7.83",,"0.00","67","73","63","  270","  250","16.1","28.0",,,,"    1"
"USW00023174","LOS ANGELES INTERNATIONAL AIRPORT, CA US","2024-08-29","8.95",,"0.00","67","74","63","  260","  230","18.1","29.1",,,,"    1"
"USW00023174","LOS ANGELES INTERNATIONAL AIRPORT, CA US","2024-08-30","7.38",,"0.00","66","72","62","  260","  250","15.0","21.9","    1",,,"    1"
"USW00023174","LOS ANGELES INTERNATIONAL AIRPORT, CA US","2024-08-31","6.26"," 1551","0.00","67","75","63","  270","  280","17.0","23.0",,,,
"USW00023174","LOS ANGELES INTERNATIONAL AIRPORT, CA US","2024-09-01","5.82",,"0.00","69","77","66","  270","  270","16.1","21.0",,,,"    1"
"USW00023174","LOS ANGELES INTERNATIONAL AIRPORT, CA US","2024-09-02","6.26",,"0.00","71","77","66","  260","  290","17.0","27.1","    1",,,"    1"
"USW00023174","LOS ANGELES INTERNATIONAL AIRPORT, CA US","2024-09-03","6.93",,"0.00","70","77","66","  250","  240","21.0","25.1","    1",,,"    1"
"USW00023174","LOS ANGELES INTERNATIONAL AIRPORT, CA US","2024-09-04","8.05",,"0.00","71","80","66","  250","  260","19.9","25.9",,,,
"USW00023174","LOS ANGELES INTERNATIONAL AIRPORT, CA US","2024-09-05","6.26",,"0.00","77","87","69","  270","  270","19.9","23.9",,,,"    1"
"USW00023174","LOS ANGELES INTERNATIONAL AIRPORT, CA US","2024-09-06","6.71",,"0.00","79","102","73","  260","  240","23.0","29.1",,,,
"USW00023174","LOS ANGELES INTERNATIONAL AIRPORT, CA US","2024-09-07","6.49",,"0.00","79","89","72","  270","  260","15.0","21.9",,,,"    1"
"USW00023174","LOS ANGELES INTERNATIONAL AIRPORT, CA US","2024-09-08","6.49",,"0.00","78","92","71","  220","  210","18.1","27.1",,,,
"USW00023174","LOS ANGELES INTERNATIONAL AIRPORT, CA US","2024-09-09","8.50",,"0.00","80","87","72","  270","  270","23.0","29.1","    1",,,
"USW00023174","LOS ANGELES INTERNATIONAL AIRPORT, CA US","2024-09-10","8.95",,"0.00","75","75","63","  260","  270","21.9","27.1","    1",,,
"USW00023174","LOS ANGELES INTERNATIONAL AIRPORT, CA US","2024-09-11","6.71",,"0.00","67","75","61","  270","  270","15.0","23.9",,,,
"USW00023174","LOS ANGELES INTERNATIONAL AIRPORT, CA US","2024-09-12","6.71",,"0.00","67","75","63","  250","  260","16.1","23.9",,,,"    1"
"USW00023174","LOS ANGELES INTERNATIONAL AIRPORT, CA US","2024-09-13","8.05",,"0.00","69","76","65","  260","  210","16.1","25.1",,,,"    1"
"USW00023174","LOS ANGELES INTERNATIONAL AIRPORT, CA US","2024-09-14","9.62",,"0.00","69","77","63","  260","  250","18.1","25.1",,,,
"USW00023174","LOS ANGELES INTERNATIONAL AIRPORT, CA US","2024-09-15","8.95",,"0.00","67","73","64","  280","  230","18.1","23.9",,,,
"USW00023174","LOS ANGELES INTERNATIONAL AIRPORT, CA US","2024-09-16","13.42",,"0.00","67","71","62","  260","  250","25.9","33.1",,,,
"USW00023174","LOS ANGELES INTERNATIONAL AIRPORT, CA US","2024-09-17","8.28",,"0.00","65","72","58","  270","  260","19.9","27.1",,,,
"USW00023174","LOS ANGELES INTERNATIONAL AIRPORT, CA US","2024-09-18","7.38",,"0.00","65","72","60","  260","  270","17.0","25.9",,,,
"USW00023174","LOS ANGELES INTERNATIONAL AIRPORT, CA US","2024-09-19","7.38",,"0.00","66","71","63","  280","  240","18.1","23.0",,,,
"USW00023174","LOS ANGELES INTERNATIONAL AIRPORT, CA US","2024-09-20","9.84",,"0.00","66","70","63","  260","  240","17.0","27.1",,,,"    1"
"USW00023174","LOS ANGELES INTERNATIONAL AIRPORT, CA US","2024-09-21","7.38",,"0.00","66","73","62","  270","  270","15.0","21.9",,,,
"USW00023174","LOS ANGELES INTERNATIONAL AIRPORT, CA US","2024-09-22","7.83",,"0.00","65","70","61","  270","  260","17.0","23.9","    1","    1",,"    1"
"USW00023174","LOS ANGELES INTERNATIONAL AIRPORT, CA US","2024-09-23","7.38",,"0.00","63","68","60","  270","  280","17.0","23.0","    1","    1",,"    1"
"USW00023174","LOS ANGELES INTERNATIONAL AIRPORT, CA US","2024-09-24","6.71",,"0.00","64","69","61","  270","  290","17.0","25.1","    1",,,"    1"
"USW00023174","LOS ANGELES INTERNATIONAL AIRPORT, CA US","2024-09-25","6.93",,"0.00","63","67","61","  260","  280","18.1","23.0","    1",,,"    1"
"USW00023174","LOS ANGELES INTERNATIONAL AIRPORT, CA US","2024-09-26",," 1510","0.00","64","70","60","  260","  270","16.1","25.1",,,,
"USW00023174","LOS ANGELES INTERNATIONAL AIRPORT, CA US","2024-09-27","6.93"," 1317","0.00","63","67","59","  270","  260","14.1","21.9","    1",,,"    1"
"USW00023174","LOS ANGELES INTERNATIONAL AIRPORT, CA US","2024-09-28","7.16"," 1542","0.00","61","67","58","  270","  280","15.0","19.9","    1",,,"    1"
"USW00023174","LOS ANGELES INTERNATIONAL AIRPORT, CA US","2024-09-29","6.93"," 1331","0.00","62","69","59","  260","  260","16.1","21.0","    1",,,"    1"
"USW00023174","LOS ANGELES INTERNATIONAL AIRPORT, CA US","2024-09-30","5.82"," 1408","0.00","64","72","60","  260","  270","15.0","21.9","    1",,,"    1"
"USW00023174","LOS ANGELES INTERNATIONAL AIRPORT, CA US","2024-10-01","7.16",,"0.00","64","71","60","  260","  270","17.0","23.9","    1","    1",,"    1"
"USW00023174","LOS ANGELES INTERNATIONAL AIRPORT, CA US","2024-10-02","5.14",,"0.00","65","71","61","  270","  230","13.0","19.0","    1","    1",,"    1"
"USW00023174","LOS ANGELES INTERNATIONAL AIRPORT, CA US","2024-10-03","7.38",,"0.00","66","78","62","  270","  300","13.0","19.9","    1","    1",,"    1"
"USW00023174","LOS ANGELES INTERNATIONAL AIRPORT, CA US","2024-10-04","6.71",,"0.00","68","82","64","  270","  260","15.0","19.9","    1",,,"    1"
"USW00023174","LOS ANGELES INTERNATIONAL AIRPORT, CA US","2024-10-05","5.82",,"0.00","65","70","62","  280","  280","16.1","21.9","    1",,,"    1"
"USW00023174","LOS ANGELES INTERNATIONAL AIRPORT, CA US","2024-10-06","4.92",,"0.00","64","70","61","  260","  270","16.1","19.9","    1","    1",,"    1"
"USW00023174","LOS ANGELES INTERNATIONAL AIRPORT, CA US","2024-10-07","6.04",,"0.00","63","69","60","  280","  290","14.1","21.0","    1","    1",,"    1"
"USW00023174","LOS ANGELES INTERNATIONAL AIRPORT, CA US","2024-10-08","6.26",,"0.00","62","69","59","  270","  280","13.0","18.1","    1","    1",,"    1"
"USW00023174","LOS ANGELES INTERNATIONAL AIRPORT, CA US","2024-10-09","6.04",,"0.00","64","69","62","  260","  260","16.1","23.0","    1",,,"    1"
"USW00023174","LOS ANGELES INTERNATIONAL AIRPORT, CA US","2024-10-10","6.71",,"0.00","65","71","62","  260","  270","13.0","18.1","    1",,,"    1"
"USW00023174","LOS ANGELES INTERNATIONAL AIRPORT, CA US","2024-10-11","6.71",,"0.00","64","69","59","  270","  270","16.1","19.9","    1","    1",,"    1"
"USW00023174","LOS ANGELES INTERNATIONAL AIRPORT, CA US","2024-10-12","5.37",,"0.00","64","70","60","  260","  290","13.0","18.1","    1",,,"    1"
"USW00023174","LOS ANGELES INTERNATIONAL AIRPORT, CA US","2024-10-13","5.37",,"0.00","64","72","60","  240","  260","14.1","19.9","    1",,,"    1"
"USW00023174","LOS ANGELES INTERNATIONAL AIRPORT, CA US","2024-10-14","6.71",,"0.00","65","72","62","  270","  230","15.0","21.9","    1",,,"    1"
"USW00023174","LOS ANGELES INTERNATIONAL AIRPORT, CA US","2024-10-15","5.59",,"0.00","65","71","63","  260","  240","14.1","19.0",,,,"    1"
"USW00023174","LOS ANGELES INTERNATIONAL AIRPORT, CA US","2024-10-16","5.14",,"0.00","65","67","64","  280","  290","13.0","19.0",,,,"    1"
"USW00023174","LOS ANGELES INTERNATIONAL AIRPORT, CA US","2024-10-17","6.49",,"0.00","65","70","62","  280","  260","15.0","19.9",,,,
"USW00023174","LOS ANGELES INTERNATIONAL AIRPORT, CA US","2024-10-18","9.17",,"0.00","66","84","59","  270","  280","25.9","33.1",,,,"    1"
"USW00023174","LOS ANGELES INTERNATIONAL AIRPORT, CA US","2024-10-19","5.37",,"0.00","67","79","54","  260","  220","14.1","18.1",,,,
"USW00023174","LOS ANGELES INTERNATIONAL AIRPORT, CA US","2024-10-20","6.04",,"0.00","68","80","58","  270","  270","15.0","19.9",,,,
"USW00023174","LOS ANGELES INTERNATIONAL AIRPORT, CA US","2024-10-21","6.49",,"0.00","67","75","59","  260","  230","17.0","25.1",,,,
"USW00023174","LOS ANGELES INTERNATIONAL AIRPORT, CA US","2024-10-22","5.14",,"0.00","67","77","59","  260","  260","17.0","19.9",,,,
"USW00023174","LOS ANGELES INTERNATIONAL AIRPORT, CA US","2024-10-23","4.70",,"0.00","67","77","59","  270","  240","12.1","18.1","    1",,,
"USW00023174","LOS ANGELES INTERNATIONAL AIRPORT, CA US","2024-10-24","5.82",,"0.00","64","72","56","  260","  300","13.0","19.0","    1","    1",,"    1"
"USW00023174","LOS ANGELES INTERNATIONAL AIRPORT, CA US","2024-10-25","5.59",,"0.00","59","67","56","  270","  290","14.1","19.0","    1","    1",,"    1"
"USW00023174","LOS ANGELES INTERNATIONAL AIRPORT, CA US","2024-10-26","4.70",,"0.00","62","71","56","  260","  260","13.0","16.1","    1","    1",,"    1"
"USW00023174","LOS ANGELES INTERNATIONAL AIRPORT, CA US","2024-10-27","5.82",,"0.00","64","77","59","  250","  250","18.1","21.0","    1",,,"    1"
"USW00023174","LOS ANGELES INTERNATIONAL AIRPORT, CA US","2024-10-28","7.61",,"0.00","65","68","57","  260","  200","21.0","27.1","    1",,,"    1"
"USW00023174","LOS ANGELES INTERNATIONAL AIRPORT, CA US","2024-10-29","9.62",,"0.00","62","69","57","  260","  270","23.9","27.1",,,,
"USW00023174","LOS ANGELES INTERNATIONAL AIRPORT, CA US","2024-10-30","6.49",,"0.00","62","74","54","  270","  280","15.0","19.9",,,,
"USW00023174","LOS ANGELES INTERNATIONAL AIRPORT, CA US","2024-10-31","5.59",,"0.00","60","69","51","  280","  280","15.0","21.0",,,,
"USW00023174","LOS ANGELES INTERNATIONAL AIRPORT, CA US","2024-11-01","5.82",,"0.00","60","66","52","  270","  260","15.0","21.9",,,,
"USW00023174","LOS ANGELES INTERNATIONAL AIRPORT, CA US","2024-11-02","5.59",,"0.01","60","66","53","  200","  200","13.0","21.0","    1",,,"    1"
"USW00023174","LOS ANGELES INTERNATIONAL AIRPORT, CA US","2024-11-03","11.18",,"0.00","62","78","54","  250","  250","25.1","32.0",,,,
"USW00023174","LOS ANGELES INTERNATIONAL AIRPORT, CA US","2024-11-04","5.14",,"0.00","65","74","55","  250","  220","14.1","21.0",,,,
"USW00023174","LOS ANGELES INTERNATIONAL AIRPORT, CA US","2024-11-05","5.82",,"0.00","61","69","52","  240","  240","14.1","14.1",,,,
"USW00023174","LOS ANGELES INTERNATIONAL AIRPORT, CA US","2024-11-06","4.47",,"0.00","63","78","55","  120","  180","14.1","23.9",,,,
"USW00023174","LOS ANGELES INTERNATIONAL AIRPORT, CA US","2024-11-07","6.71",,"0.00","64","73","49","  240","  220","17.0","25.1",,,,
"USW00023174","LOS ANGELES INTERNATIONAL AIRPORT, CA US","2024-11-08","6.26",,"0.00","61","73","48","  260","  220","14.1","19.0",,,,
"USW00023174","LOS ANGELES INTERNATIONAL AIRPORT, CA US","2024-11-09","4.92",,"0.00","60","72","49","  280","  290","13.0","17.0","    1",,,"    1"
"USW00023174","LOS ANGELES INTERNATIONAL AIRPORT, CA US","2024-11-10","4.92",,"0.00","60","71","50","  260","  250","12.1","16.1","    1",,,"    1"
"USW00023174","LOS ANGELES INTERNATIONAL AIRPORT, CA US","2024-11-11","5.82",,"0.00","58","66","48","  270","  270","19.9","25.9","    1",,,"    1"
"USW00023174","LOS ANGELES INTERNATIONAL AIRPORT, CA US","2024-11-12","8.05",,"0.00","62","71","56","   10","   10","21.0","31.1",,,,
"USW00023174","LOS ANGELES INTERNATIONAL AIRPORT, CA US","2024-11-13","7.16",,"0.00","63","78","54","  270","   20","17.0","21.9",,,,
"USW00023174","LOS ANGELES INTERNATIONAL AIRPORT, CA US","2024-11-14","7.38",,"0.00","60","70","51","  240","  240","16.1","25.1",,,,"    1"
"USW00023174","LOS ANGELES INTERNATIONAL AIRPORT, CA US","2024-11-15","13.87",,"0.00","59","63","54","  270","  270","32.0","38.9",,,,
"USW00023174","LOS ANGELES INTERNATIONAL AIRPORT, CA US","2024-11-16","7.38",,"0.00","58","68","48","  260","  260","25.9","32.0",,,,
"USW00023174","LOS ANGELES INTERNATIONAL AIRPORT, CA US","2024-11-17","6.26",,"0.00","57","69","45","  230","  230","18.1","23.9",,,,
"USW00023174","LOS ANGELES INTERNATIONAL AIRPORT, CA US","2024-11-18","6.71",,"0.00","56","65","47","  270","  250","15.0","19.9",,,,
"USW00023174","LOS ANGELES INTERNATIONAL AIRPORT, CA US","2024-11-19","5.82",,"0.00","57","68","50","  270","  280","16.1","19.9",,,,
"USW00023174","LOS ANGELES INTERNATIONAL AIRPORT, CA US","2024-11-20","4.47",,"0.00","59","74","51","  280","  280","13.0","16.1",,,,
"USW00023174","LOS ANGELES INTERNATIONAL AIRPORT, CA US","2024-11-21","4.70",,"0.00","58","73","48","  270","  260","14.1","16.1",,,,
"USW00023174","LOS ANGELES INTERNATIONAL AIRPORT, CA US","2024-11-22","5.37",,"0.00","56","70","47","  260","  230","15.0","21.0",,,,
"USW00023174","LOS ANGELES INTERNATIONAL AIRPORT, CA US","2024-11-23","3.36",,"0.00","56","61","49","  260","   50","8.9","14.1","    1",,,"    1"
"USW00023174","LOS ANGELES INTERNATIONAL AIRPORT, CA US","2024-11-24","7.61",,"0.00","57","61","53","  250","  260","14.1","19.0","    1","    1",,
"USW00023174","LOS ANGELES INTERNATIONAL AIRPORT, CA US","2024-11-25","4.47",,"0.00","58","70","51","  260","  240","12.1","15.0",,,,"    1"
"USW00023174","LOS ANGELES INTERNATIONAL AIRPORT, CA US","2024-11-26","4.92",,"0.00","61","66","56","  270","  260","14.1","18.1","    1",,,
"USW00023174","LOS ANGELES INTERNATIONAL AIRPORT, CA US","2024-11-27","6.71",,"0.01","61","65","56","  260","  260","14.1","17.0","    1","    1",,
"USW00023174","LOS ANGELES INTERNATIONAL AIRPORT, CA US","2024-11-28","5.14",,"0.00","61","75","55","  350","  220","13.0","17.0","    1","    1",,
"USW00023174","LOS ANGELES INTERNATIONAL AIRPORT, CA US","2024-11-29","7.61",,"0.00","65","74","58","   30","  300","12.1","25.1",,,,
"USW00023174","LOS ANGELES INTERNATIONAL AIRPORT, CA US","2024-11-30","5.59",,"0.00","65","79","54","  260","  270","14.1","18.1",,,,
"USW00023174","LOS ANGELES INTERNATIONAL AIRPORT, CA US","2024-12-01","5.37",,"0.00","62","70","53","  250","  230","13.0","16.1",,,,
"USW00023174","LOS ANGELES INTERNATIONAL AIRPORT, CA US","2024-12-02","4.70"," 1357","0.00","58","68","50","  270","  280","13.0","17.0",,,,"    1"
"USW00023174","LOS ANGELES INTERNATIONAL AIRPORT, CA US","2024-12-03","3.80"," 1430","0.00","56","65","50","  270","  260","14.1","19.0","    1",,,"    1"
"USW00023174","LOS ANGELES INTERNATIONAL AIRPORT, CA US","2024-12-04","4.92"," 1406","0.00","57","62","53","  260","  270","14.1","18.1","    1",,,"    1"
"USW00023174","LOS ANGELES INTERNATIONAL AIRPORT, CA US","2024-12-05","3.58"," 1305","0.00","55","63","51","  260","  240","13.0","19.9","    1",,,"    1"
"USW00023174","LOS ANGELES INTERNATIONAL AIRPORT, CA US","2024-12-06","3.80"," 1032","0.00","53","63","48","  260","  280","10.1","17.0",,"    1",,"    1"
"USW00023174","LOS ANGELES INTERNATIONAL AIRPORT, CA US","2024-12-07","4.70"," 1437","0.00","61","80","49","  260","  260","13.0","15.0",,,,
"USW00023174","LOS ANGELES INTERNATIONAL AIRPORT, CA US","2024-12-08","3.80"," 1323","0.00","58","65","49","  270","  270","13.0","16.1",,,,"    1"
"USW00023174","LOS ANGELES INTERNATIONAL AIRPORT, CA US","2024-12-09","5.82"," 1159","0.00","57","62","53","  260","  250","13.0","17.0","    1",,,"    1"
"USW00023174","LOS ANGELES INTERNATIONAL AIRPORT, CA US","2024-12-10","5.37"," 2352","0.00","60","74","48","   20","  360","12.1","21.0",,,,"    1"
"USW00023174","LOS ANGELES INTERNATIONAL AIRPORT, CA US","2024-12-11","6.04"," 0606","0.00","61","72","53","  280","  320","13.0","21.9",,,,
"USW00023174","LOS ANGELES INTERNATIONAL AIRPORT, CA US","2024-12-12","4.92"," 1035","0.00","56","60","44","  260","  240","18.1","25.9",,,,"    1"
"USW00023174","LOS ANGELES INTERNATIONAL AIRPORT, CA US","2024-12-13","6.04"," 1304","0.00","56","65","49","  230","  200","14.1","21.0",,,,
"USW00023174","LOS ANGELES INTERNATIONAL AIRPORT, CA US","2024-12-14","5.59"," 1119","0.00","56","64","48","  260","  260","18.1","21.0","    1",,,
"USW00023174","LOS ANGELES INTERNATIONAL AIRPORT, CA US","2024-12-15","5.37"," 1455","0.00","55","65","48","  260","  280","15.0","19.9",,,,
"USW00023174","LOS ANGELES INTERNATIONAL AIRPORT, CA US","2024-12-16","5.59"," 1616","0.00","55","67","47","  250","  240","15.0","23.0",,,,
"USW00023174","LOS ANGELES INTERNATIONAL AIRPORT, CA US","2024-12-17","4.25"," 1539","0.00","57","72","50","  280","  300","15.0","21.9",,,,
"USW00023174","LOS ANGELES INTERNATIONAL AIRPORT, CA US","2024-12-18","3.80"," 1743","0.00","64","83","51","  260","  290","13.0","15.0",,,,
"USW00023174","LOS ANGELES INTERNATIONAL AIRPORT, CA US","2024-12-19","5.37"," 1326","0.00","61","73","49","  280","  280","13.0","17.0",,,,
"USW00023174","LOS ANGELES INTERNATIONAL AIRPORT, CA US","2024-12-20","5.82"," 1155","0.00","53","57","49","  270","  290","14.1","21.0",,,,
"USW00023174","LOS ANGELES INTERNATIONAL AIRPORT, CA US","2024-12-21","5.59"," 1259","0.00","54","62","49","  260","  260","14.1","18.1",,,,
"USW00023174","LOS ANGELES INTERNATIONAL AIRPORT, CA US","2024-12-22","4.03"," 1347","0.00","56","63","50","  270","  260","14.1","16.1",,,,
"USW00023174","LOS ANGELES INTERNATIONAL AIRPORT, CA US","2024-12-23","5.82"," 1351","0.00","58","65","53","  270","  280","13.0","19.0",,,,
"USW00023174","LOS ANGELES INTERNATIONAL AIRPORT, CA US","2024-12-24","5.82"," 2207","0.01","55","60","51","  360","  330","16.1","28.0",,,,
"USW00023174","LOS ANGELES INTERNATIONAL AIRPORT, CA US","2024-12-25","5.14"," 0528","0.00","58","64","51","  350","  360","15.0","23.9",,,,
"USW00023174","LOS ANGELES INTERNATIONAL AIRPORT, CA US","2024-12-26","4.70"," 1046","0.00","56","65","46","  230","  120","13.0","18.1",,,,
"USW00023174","LOS ANGELES INTERNATIONAL AIRPORT, CA US","2024-12-27","4.47"," 1607","0.00","54","61","49","  100","  160","10.1","17.0",,"    1",,
"USW00023174","LOS ANGELES INTERNATIONAL AIRPORT, CA US","2024-12-28","4.47"," 1153","0.00","58","59","53","  280","  290","10.1","15.0","    1",,,"    1"
"USW00023174","LOS ANGELES INTERNATIONAL AIRPORT, CA US","2024-12-29","4.47"," 1402","0.00","53","58","47","  260","  250","14.1","17.0",,"    1",,"    1"
"USW00023174","LOS ANGELES INTERNATIONAL AIRPORT, CA US","2024-12-30","6.04"," 1416","0.00","56","62","52","  280","  250","13.0","17.0","    1",,,"    1"
"USW00023174","LOS ANGELES INTERNATIONAL AIRPORT, CA US","2024-12-31","4.47"," 2300","0.00","54","61","49","  270","  310","13.0","17.0",,,,
